16 1 9 9 32768 9
21 1 52 60 32768 9
22 1 43 50 32768 5
28 0 50 54 32768 1
29 0 34 36 32768 12
29 0 50 54 32768 2
30 0 34 36 32768 13
30 0 50 54 32768 3
31 0 34 36 32768 14
31 0 50 54 32768 4
32 0 34 36 32768 15
32 0 50 54 32768 5
33 0 32 9 32768 6
33 0 34 36 32768 16
33 0 50 54 32768 6
34 0 32 9 32768 7
34 0 17 18 32769 22
34 0 34 36 32768 17
34 0 50 54 32768 7
35 0 32 9 32768 8
35 0 17 18 32769 23
35 1 44 25 32768 3
35 1 6 31 32768 8
35 0 50 54 32768 8
36 0 32 9 32768 9
36 0 17 18 32769 24
36 0 34 36 32768 18
36 0 50 54 32768 9
37 0 32 9 32768 10
37 0 17 18 32769 25
37 0 34 36 32768 19
37 0 23 45 32768 5
37 0 50 54 32768 10
38 0 32 9 32768 11
38 0 17 18 32769 26
38 0 34 36 32768 20
38 0 23 45 32768 6
39 0 32 9 32768 12
39 0 17 18 32769 27
39 0 34 36 32768 21
39 0 23 45 32768 7
40 0 32 9 32768 13
40 0 17 18 32769 28
40 0 23 45 32768 8
41 0 32 9 32768 14
41 0 17 18 32769 29
41 1 58 28 32768 4
41 0 23 45 32768 9
42 0 32 9 32768 15
42 0 17 18 32769 30
42 1 48 26 32768 10
42 0 23 45 32768 10
43 0 32 18 32769 16
43 0 23 45 32768 11
44 0 17 18 32769 31
44 0 23 45 32768 12
45 0 32 18 32769 17
45 0 23 45 32768 13
46 0 32 18 32769 18
46 0 23 45 32768 14
47 0 32 18 32769 19
48 0 14 9 32768 16
48 0 32 18 32769 20
48 0 60 27 32768 16
48 1 17 48 32768 16
49 0 14 9 32768 17
49 0 32 18 32769 21
49 0 60 27 32768 17
50 0 14 9 32768 18
50 1 35 12 32769 23
50 0 52 18 32769 11
50 0 60 27 32768 18
51 0 14 9 32768 19
51 0 32 18 32769 22
51 0 60 27 32768 19
52 0 14 9 32768 20
52 0 52 18 32769 12
52 0 60 27 32768 20
53 0 14 9 32768 21
53 0 32 18 32769 23
53 0 60 27 32768 21
54 0 14 9 32768 22
54 0 52 18 32769 13
54 0 60 27 32768 22
54 1 11 53 32768 11
55 0 14 9 32768 23
55 0 32 18 32769 24
55 0 60 27 32768 23
56 0 14 9 32768 24
56 0 52 18 32769 14
56 0 60 27 32768 24
57 0 14 9 32768 25
57 0 32 18 32769 25
57 0 60 27 32768 25
57 0 6 54 32769 20
58 0 52 18 32769 15
58 0 6 54 32769 21
59 0 52 18 32769 16
59 1 31 35 32768 27
59 0 6 54 32769 22
60 0 52 18 32769 17
60 0 6 54 32769 23
61 0 46 18 32768 19
61 0 49 54 32768 29
62 0 14 9 32769 30
62 0 52 18 32769 18
62 1 32 34 32770 45
62 0 6 54 32769 24
63 0 35 0 32768 21
63 0 14 9 32769 31
63 0 46 18 32768 20
63 0 49 54 32768 30
64 0 35 0 32768 22
64 0 14 9 32769 32
64 0 52 18 32769 19
64 0 6 54 32769 25
65 0 1 0 32768 53
65 0 45 9 32768 18
65 0 46 18 32768 21
65 0 20 36 32768 48
65 0 49 54 32768 31
66 0 35 0 32768 24
66 0 14 9 32769 33
66 0 52 18 32769 20
66 0 20 36 32768 49
66 0 6 54 32769 26
67 0 1 0 32768 54
67 0 45 9 32768 19
67 0 46 18 32768 22
67 0 20 36 32768 51
67 0 49 54 32768 32
68 0 35 0 32768 25
68 0 14 9 32769 34
68 0 7 18 32768 23
68 0 20 36 32768 52
68 0 6 54 32769 27
68 0 19 63 32768 16
69 0 1 0 32768 55
69 0 45 9 32768 20
69 0 46 18 32768 23
69 0 20 36 32768 53
69 0 49 54 32768 33
69 0 19 63 32768 17
70 0 35 0 32768 26
70 0 14 9 32769 35
70 0 7 18 32768 24
70 0 20 36 32768 54
70 0 24 45 32768 28
70 0 6 54 32769 28
70 0 19 63 32768 18
71 0 1 0 32768 56
71 0 45 9 32768 21
71 0 46 18 32768 24
71 0 20 36 32768 55
71 0 24 45 32768 29
71 0 49 54 32768 34
71 0 19 63 32768 19
72 0 35 0 32768 27
72 0 14 9 32769 36
72 0 7 18 32768 25
72 0 20 36 32768 56
72 0 24 45 32768 30
72 0 6 54 32769 29
72 0 19 63 32768 20
73 0 1 0 32768 57
73 0 45 9 32768 22
73 0 46 18 32768 25
73 0 20 36 32768 57
73 0 24 45 32768 31
73 0 49 54 32768 35
73 0 19 63 32768 21
74 0 35 0 32768 28
74 0 14 9 32769 37
74 0 7 18 32768 26
74 0 20 36 32768 58
74 0 24 45 32768 32
74 0 49 54 32768 36
74 0 19 63 32768 22
75 0 1 0 32768 58
75 0 45 9 32768 23
75 0 46 18 32768 26
75 0 24 45 32768 33
75 0 49 54 32768 37
75 0 19 63 32768 23
76 0 35 0 32768 29
76 0 14 9 32769 38
76 0 7 18 32768 27
76 0 58 45 32769 44
76 0 49 54 32768 38
76 0 19 63 32768 24
77 0 1 0 32768 59
77 0 45 9 32768 24
77 0 46 18 32768 27
77 0 24 45 32768 34
77 0 19 63 32768 25
78 0 35 0 32768 30
78 0 14 9 32769 39
78 1 56 11 32768 26
78 0 7 18 32768 28
78 0 58 45 32769 45
79 0 1 0 32768 60
79 0 45 9 32768 25
79 0 46 18 32768 28
79 0 24 45 32768 35
79 1 41 50 32768 62
80 0 35 0 32768 31
80 0 21 9 32768 42
80 0 7 18 32768 29
80 0 58 45 32769 46
81 0 1 0 32768 61
81 0 45 9 32768 26
81 1 2 18 32768 49
81 0 24 45 32768 36
82 0 8 0 32768 59
82 0 21 9 32768 43
82 0 7 18 32768 30
82 0 58 45 32769 47
83 0 1 0 32768 62
83 0 45 9 32768 27
83 0 18 18 32768 64
83 0 39 36 32768 61
83 0 24 45 32768 37
84 0 8 0 32768 60
84 0 21 9 32768 44
84 0 7 18 32768 31
84 0 39 36 32768 62
84 0 58 45 32769 48
85 0 8 0 32768 61
85 0 21 9 32768 45
85 0 18 18 32768 65
85 0 2 27 32769 58
85 0 39 36 32768 63
85 0 37 45 32768 72
86 0 8 0 32768 62
86 1 49 9 32769 53
86 0 7 18 32768 32
86 0 2 27 32769 59
86 0 39 36 32768 64
86 0 58 45 32769 49
87 0 8 0 32768 63
87 0 21 9 32768 46
87 0 18 18 32768 66
87 0 2 27 32769 60
87 0 39 36 32768 65
87 0 37 45 32768 73
87 1 20 59 32769 50
88 0 8 0 32768 64
88 0 21 9 32768 47
88 0 51 18 32768 54
88 0 2 27 32769 61
88 0 39 36 32768 66
88 0 58 45 32769 50
89 0 8 0 32768 65
89 0 21 9 32768 48
89 0 18 18 32768 67
89 0 2 27 32769 62
89 0 39 36 32768 67
89 0 37 45 32768 74
90 0 8 0 32768 66
90 0 21 9 32768 49
90 0 51 18 32768 55
90 1 17 27 32770 68
90 0 39 36 32768 68
90 0 58 45 32769 51
91 0 47 0 32768 23
91 0 21 9 32768 50
91 0 18 18 32768 68
91 0 2 27 32769 63
91 0 39 36 32768 69
91 0 37 45 32768 75
92 0 8 0 32768 67
92 0 21 9 32768 51
92 0 51 18 32768 56
92 0 2 27 32769 64
92 0 39 36 32768 70
92 0 58 45 32769 52
92 0 3 63 32768 30
93 0 47 0 32768 24
93 0 18 18 32768 69
93 0 2 27 32769 65
93 0 37 45 32768 76
93 0 56 63 32769 51
94 0 8 0 32768 68
94 0 51 18 32768 57
94 0 2 27 32769 66
94 0 58 45 32769 53
94 1 52 49 32770 72
94 0 3 63 32768 31
95 0 47 0 32768 25
95 0 18 18 32768 70
95 0 2 27 32769 67
95 0 16 36 32768 58
95 0 37 45 32768 77
95 0 56 63 32769 52
96 0 47 0 32768 26
96 0 51 18 32768 58
96 0 16 36 32768 59
96 0 25 45 32768 49
96 0 3 63 32768 32
97 0 34 0 32769 59
97 0 18 18 32768 71
97 0 16 36 32768 60
97 0 37 45 32768 78
97 0 56 63 32769 53
98 0 47 0 32768 27
98 0 51 18 32768 59
98 0 38 36 32768 81
98 0 25 45 32768 50
98 0 3 63 32768 33
99 0 34 0 32769 60
99 0 18 18 32768 82
99 0 16 36 32768 61
99 0 37 45 32768 79
99 1 49 60 32770 72
99 0 56 63 32769 54
100 0 47 0 32768 28
100 0 51 18 32768 60
100 0 38 36 32768 82
100 0 25 45 32768 51
100 0 3 63 32768 34
101 0 34 0 32769 61
101 0 18 18 32768 84
101 0 16 36 32768 62
101 0 37 45 32768 80
101 0 56 63 32769 55
102 0 47 0 32768 29
102 0 51 18 32768 61
102 0 41 27 32769 75
102 0 38 36 32768 83
102 0 25 45 32768 52
102 0 3 63 32768 35
103 0 34 0 32769 62
103 0 51 18 32768 62
103 0 41 27 32769 76
103 0 16 36 32768 63
103 0 37 45 32768 81
103 0 56 63 32769 56
104 0 47 0 32768 30
104 0 51 18 32768 63
104 0 41 27 32769 77
104 0 38 36 32768 84
104 0 25 45 32768 53
104 0 3 63 32768 36
105 0 34 0 32769 63
105 1 50 20 32769 68
105 0 41 27 32769 78
105 0 16 36 32768 64
105 0 40 45 32768 65
105 0 56 63 32769 57
106 0 47 0 32768 31
106 0 41 27 32769 79
106 0 38 36 32768 85
106 0 25 45 32768 54
106 0 3 63 32768 37
107 0 34 0 32769 64
107 0 21 18 32770 85
107 0 16 36 32768 65
107 0 40 45 32768 66
107 0 56 63 32769 58
108 0 47 0 32768 32
108 0 21 18 32770 86
108 0 41 27 32769 80
108 0 38 36 32768 86
108 0 25 45 32768 55
108 0 3 63 32768 38
109 0 34 0 32769 65
109 1 14 5 32770 92
109 0 15 9 32768 72
109 0 21 18 32770 87
109 0 41 27 32769 81
109 0 16 36 32768 66
109 0 40 45 32768 67
109 0 56 63 32769 59
110 0 34 0 32769 66
110 0 15 9 32768 73
110 1 62 18 32768 58
110 0 38 36 32768 87
110 0 25 45 32768 56
110 0 13 54 32768 73
110 0 3 63 32768 39
111 0 54 0 32768 41
111 0 15 9 32768 74
111 0 21 18 32770 88
111 0 41 27 32769 82
111 0 16 36 32768 67
111 0 40 45 32768 68
111 0 13 54 32768 74
111 0 56 63 32769 60
112 0 34 0 32769 67
112 0 15 9 32768 75
112 0 22 18 32768 85
112 0 38 36 32768 88
112 0 25 45 32768 57
112 0 13 54 32768 75
112 0 3 63 32769 40
113 0 54 0 32768 42
113 0 15 9 32768 76
113 0 21 18 32770 89
113 0 41 27 32769 83
113 0 53 36 32768 78
113 0 40 45 32768 69
113 0 7 54 32769 71
113 0 21 63 32769 70
114 0 34 0 32769 68
114 0 15 9 32768 77
114 0 22 18 32768 86
114 0 41 27 32770 85
114 0 38 36 32768 89
114 0 25 45 32768 58
114 0 13 54 32768 76
114 0 3 63 32769 41
115 0 54 0 32768 43
115 0 15 9 32768 78
115 0 21 18 32770 90
115 0 41 27 32769 84
115 0 53 36 32768 79
115 0 40 45 32768 70
115 0 7 54 32769 72
115 0 21 63 32769 71
116 0 54 0 32768 44
116 0 15 9 32768 79
116 0 22 18 32768 87
116 0 41 27 32770 86
116 1 43 35 32770 102
116 0 38 36 32768 90
116 0 61 45 32768 93
116 0 13 54 32768 77
116 0 3 63 32769 42
117 0 54 0 32768 45
117 0 15 9 32768 80
117 0 21 18 32770 91
117 0 41 27 32770 87
117 0 53 36 32768 80
117 0 40 45 32768 71
117 0 7 54 32769 73
117 0 21 63 32769 72
118 0 54 0 32768 46
118 0 22 18 32768 88
118 0 41 27 32770 88
118 1 52 36 32771 92
118 0 61 45 32768 94
118 0 13 54 32768 78
118 0 3 63 32769 43
119 0 54 0 32768 47
119 0 15 9 32768 81
119 0 21 18 32770 92
119 0 41 27 32770 89
119 0 53 36 32768 81
119 0 40 45 32768 72
119 0 7 54 32769 74
119 0 21 63 32769 73
120 0 54 0 32768 48
120 0 22 18 32768 89
120 0 41 27 32770 90
120 0 18 36 32769 85
120 0 61 45 32768 95
120 0 13 54 32768 79
120 0 3 63 32769 44
121 0 54 0 32768 49
121 0 21 18 32770 93
121 0 11 27 32769 104
121 0 53 36 32768 82
121 0 40 45 32768 73
121 0 7 54 32769 75
121 0 21 63 32769 74
122 0 54 0 32768 50
122 0 22 18 32768 90
122 0 41 27 32770 91
122 0 18 36 32769 86
122 0 13 54 32768 80
122 0 3 63 32769 45
123 0 21 18 32770 94
123 0 11 27 32769 105
123 0 53 36 32768 83
123 0 61 45 32768 96
123 0 7 54 32769 76
123 0 21 63 32769 75
124 0 22 18 32768 91
124 0 41 27 32770 92
124 0 18 36 32769 87
124 0 40 45 32768 74
124 0 13 54 32768 81
124 0 3 63 32769 46
125 0 44 18 32769 91
125 0 11 27 32769 106
125 0 53 36 32768 84
125 0 61 45 32768 97
125 0 7 54 32769 77
125 0 21 63 32769 76
126 0 22 18 32768 92
126 0 41 27 32770 93
126 0 18 36 32769 88
126 0 41 45 32771 95
126 0 13 54 32768 82
126 0 3 63 32769 47
127 1 49 16 32771 95
127 0 44 18 32769 92
127 1 47 21 32770 95
127 0 11 27 32769 107
127 0 53 36 32768 85
127 0 61 45 32768 98
127 0 7 54 32769 78
127 0 21 63 32769 77
128 0 13 0 32769 91
128 0 22 18 32768 93
128 0 41 27 32770 94
128 0 18 36 32769 89
128 0 41 45 32771 96
128 0 7 54 32769 79
128 0 3 63 32769 48
129 0 13 0 32769 92
129 0 44 18 32769 93
129 0 11 27 32769 108
129 0 53 36 32768 86
129 0 61 45 32768 99
129 0 36 54 32768 99
129 0 21 63 32769 78
130 0 13 0 32769 93
130 0 22 18 32768 94
130 0 11 27 32769 109
130 0 18 36 32769 90
130 0 41 45 32771 97
130 0 7 54 32769 80
130 0 3 63 32769 49
131 0 13 0 32769 94
131 0 44 18 32769 94
131 0 11 27 32769 110
131 0 53 36 32768 87
131 0 61 45 32768 100
131 0 36 54 32768 100
131 0 21 63 32769 79
132 0 43 0 32769 85
132 0 20 18 32770 103
132 0 11 27 32769 111
132 0 18 36 32769 91
132 0 41 45 32771 98
132 0 36 54 32768 101
133 0 13 0 32769 95
133 0 44 18 32769 95
133 0 11 27 32769 112
133 0 37 36 32769 103
133 0 61 45 32768 101
133 0 22 54 32769 95
133 0 26 63 32768 78
134 0 43 0 32769 86
134 0 20 18 32770 104
134 0 11 27 32769 113
134 0 18 36 32769 92
134 0 41 45 32771 99
134 0 36 54 32768 102
134 0 26 63 32768 79
135 0 13 0 32769 96
135 0 44 18 32769 96
135 0 37 36 32769 104
135 0 61 45 32768 102
135 0 22 54 32769 96
135 0 26 63 32768 80
136 0 43 0 32769 87
136 0 20 18 32770 105
136 0 18 36 32769 93
136 0 36 54 32768 103
136 0 26 63 32768 81
137 0 13 0 32769 97
137 0 44 18 32769 97
137 0 37 36 32769 105
137 0 9 45 32769 50
137 1 30 48 32768 85
137 0 22 54 32769 97
137 0 26 63 32768 82
138 0 43 0 32769 88
138 0 20 18 32770 106
138 0 18 36 32769 94
138 0 41 45 32771 100
138 0 36 54 32768 104
138 0 26 63 32768 83
139 0 13 0 32769 98
139 0 44 18 32769 98
139 0 37 36 32769 106
139 0 9 45 32769 51
139 0 22 54 32769 98
139 0 26 63 32768 84
140 0 43 0 32769 89
140 0 20 18 32770 107
140 0 14 36 32771 104
140 0 41 45 32771 101
140 0 36 54 32768 105
140 0 26 63 32768 85
141 0 13 0 32769 99
141 0 37 36 32769 107
141 0 9 45 32769 52
141 0 22 54 32769 99
141 0 26 63 32768 86
142 0 43 0 32769 90
142 1 48 13 32769 85
142 0 44 18 32769 99
142 0 14 36 32771 105
142 0 41 45 32771 102
142 0 36 54 32768 106
142 0 26 63 32768 87
143 0 13 0 32769 100
143 0 23 9 32769 91
143 0 20 18 32770 108
143 0 37 36 32769 108
143 0 9 45 32769 53
143 1 59 51 32769 131
143 0 22 54 32769 100
144 0 43 0 32769 91
144 0 23 9 32769 92
144 0 44 18 32769 100
144 0 14 36 32771 106
144 1 24 37 32769 98
144 0 41 45 32771 103
144 1 40 51 32770 116
144 0 36 54 32768 107
145 0 43 0 32769 92
145 0 23 9 32769 93
145 0 20 18 32770 109
145 0 37 36 32769 109
145 0 9 45 32769 54
145 0 22 54 32769 101
146 0 43 0 32769 93
146 0 62 9 32769 84
146 1 43 10 32771 114
146 0 14 36 32771 107
146 0 41 45 32771 104
146 1 40 52 32769 114
146 0 36 54 32768 108
147 0 43 0 32769 94
147 0 23 9 32769 94
147 0 20 18 32770 110
147 0 37 36 32769 110
147 0 9 45 32769 55
147 0 22 54 32769 102
148 0 57 0 32768 101
148 0 62 9 32769 85
148 0 14 36 32771 108
148 0 33 45 32768 85
148 0 54 54 32770 129
149 0 57 0 32768 102
149 0 23 9 32769 95
149 0 20 18 32770 112
149 0 37 36 32769 111
149 0 9 45 32769 56
149 0 22 54 32769 107
150 0 41 0 32772 105
150 0 62 9 32769 86
150 0 14 36 32771 109
150 0 33 45 32768 86
150 0 54 54 32770 130
151 0 57 0 32768 103
151 0 23 9 32769 96
151 0 20 18 32770 114
151 0 37 36 32769 112
151 0 9 45 32769 57
151 0 22 54 32769 109
152 0 41 0 32772 106
152 0 62 9 32769 87
152 0 14 36 32771 110
152 0 33 45 32768 87
152 0 54 54 32770 131
153 0 57 0 32768 104
153 0 23 9 32769 97
153 0 13 36 32770 122
153 1 10 40 32768 116
153 0 9 45 32769 58
153 0 37 54 32770 120
154 0 41 0 32772 107
154 0 62 9 32769 88
154 1 8 31 32769 102
154 0 14 36 32771 111
154 0 33 45 32768 88
154 0 54 54 32770 132
155 0 57 0 32768 105
155 0 23 9 32769 98
155 0 13 36 32770 123
155 0 9 45 32769 59
155 1 54 47 32771 138
155 0 37 54 32770 121
156 0 41 0 32772 108
156 0 62 9 32769 89
156 0 14 36 32771 112
156 0 33 45 32768 89
156 0 54 54 32770 133
157 0 57 0 32768 106
157 0 23 9 32769 99
157 0 13 36 32770 124
157 0 33 45 32768 90
157 0 37 54 32770 122
158 0 41 0 32772 109
158 0 62 9 32769 90
158 0 14 36 32771 113
158 0 30 45 32769 126
158 0 54 54 32770 134
159 0 57 0 32768 107
159 0 23 9 32769 100
159 0 13 36 32770 125
159 0 33 45 32768 91
159 0 37 54 32770 123
159 1 4 62 32768 91
160 0 41 0 32772 110
160 0 62 9 32769 91
160 0 46 36 32769 135
160 0 30 45 32769 127
160 0 54 54 32770 135
160 0 35 63 32770 118
161 0 57 0 32768 108
161 0 62 9 32769 92
161 1 54 19 32769 119
161 1 42 23 32768 114
161 0 13 36 32770 126
161 0 33 45 32768 92
161 0 37 54 32770 124
161 0 35 63 32770 119
162 0 41 0 32772 111
162 0 47 9 32769 90
162 0 46 36 32769 136
162 0 30 45 32769 128
162 1 44 52 32771 150
162 0 54 54 32770 136
162 0 35 63 32770 120
163 0 57 0 32768 109
163 0 62 9 32769 93
163 0 13 36 32770 127
163 0 33 45 32768 93
163 0 37 54 32770 125
163 0 21 63 32771 121
164 0 41 0 32772 112
164 0 47 9 32769 91
164 0 46 36 32769 137
164 0 30 45 32769 129
164 0 54 54 32770 147
164 0 35 63 32770 121
165 0 57 0 32768 110
165 0 47 9 32769 92
165 0 13 36 32770 128
165 0 33 45 32768 94
165 0 37 54 32770 126
165 0 21 63 32771 122
166 0 41 0 32772 113
166 0 47 9 32769 93
166 0 46 36 32769 138
166 0 30 45 32769 130
166 0 54 54 32770 149
166 0 35 63 32770 122
167 0 41 0 32772 114
167 0 47 9 32769 94
167 0 13 36 32770 129
167 0 30 45 32769 131
167 0 37 54 32770 127
167 0 21 63 32771 123
168 0 47 9 32769 96
168 0 46 36 32769 139
168 0 4 45 32769 117
168 0 46 54 32770 152
168 0 35 63 32770 123
169 0 47 9 32769 97
169 0 13 36 32770 130
169 0 30 45 32769 132
169 0 37 54 32770 128
169 0 21 63 32771 124
170 0 48 0 32770 120
170 0 47 9 32769 98
170 1 42 28 32770 143
170 0 46 36 32769 140
170 0 4 45 32769 118
170 0 46 54 32770 153
170 0 35 63 32770 124
171 0 48 0 32770 121
171 0 47 9 32769 99
171 0 13 36 32770 131
171 0 30 45 32769 133
171 0 37 54 32770 129
171 0 21 63 32771 125
172 0 48 0 32770 122
172 0 47 9 32769 100
172 0 46 36 32769 141
172 0 4 45 32769 119
172 0 46 54 32770 154
172 0 35 63 32770 125
173 0 48 0 32770 123
173 0 26 36 32769 128
173 0 30 45 32769 134
173 0 46 54 32770 155
173 0 21 63 32771 126
174 0 48 0 32770 124
174 0 46 36 32769 142
174 0 4 45 32769 120
174 0 46 54 32770 156
174 0 35 63 32770 126
175 0 48 0 32770 125
175 0 44 9 32770 131
175 0 26 36 32769 129
175 0 30 45 32769 135
175 0 46 54 32770 157
175 0 21 63 32771 127
176 0 48 0 32770 126
176 0 44 9 32770 132
176 0 27 18 32768 159
176 0 46 36 32769 143
176 0 4 45 32769 121
176 0 46 54 32770 158
176 0 35 63 32770 127
177 0 8 0 32771 165
177 0 44 9 32770 133
177 0 8 18 32770 155
177 0 26 36 32769 130
177 0 4 45 32769 122
177 0 46 54 32770 159
177 0 21 63 32771 128
178 0 48 0 32770 127
178 0 44 9 32770 134
178 0 27 18 32768 160
178 0 46 36 32769 144
178 0 6 45 32770 123
178 0 46 54 32770 160
178 0 21 63 32771 129
179 0 8 0 32771 166
179 0 44 9 32770 135
179 1 38 14 32770 157
179 0 8 18 32770 156
179 1 47 27 32771 141
179 0 26 36 32769 131
179 0 4 45 32769 123
179 0 46 54 32770 161
179 0 38 63 32769 152
180 0 48 0 32770 128
180 0 44 9 32770 136
180 0 27 18 32768 161
180 0 26 36 32769 132
180 0 6 45 32770 124
180 0 38 54 32771 163
180 0 21 63 32771 130
181 0 8 0 32771 167
181 1 22 9 32770 144
181 0 8 18 32770 157
181 0 26 36 32769 133
181 0 4 45 32769 124
181 0 38 54 32771 164
181 0 38 63 32769 153
182 0 48 0 32770 129
182 0 44 9 32770 137
182 0 27 18 32768 162
182 0 26 36 32769 134
182 0 6 45 32770 125
182 0 38 54 32771 165
182 0 38 63 32769 154
183 0 8 0 32771 168
183 0 44 9 32770 138
183 0 8 18 32770 158
183 0 36 27 32769 166
183 0 26 36 32769 135
183 0 4 45 32769 125
183 0 38 54 32771 166
183 0 38 63 32769 155
184 0 8 0 32771 169
184 0 44 9 32770 139
184 0 27 18 32768 163
184 0 36 27 32769 167
184 0 6 45 32770 126
184 0 38 54 32771 167
184 0 42 63 32769 142
185 0 8 0 32771 170
185 0 44 9 32770 140
185 0 8 18 32770 159
185 0 36 27 32769 168
185 0 26 36 32769 136
185 0 4 45 32769 126
185 0 38 54 32771 168
185 0 38 63 32769 156
186 0 59 0 32768 129
186 0 27 18 32768 164
186 0 36 27 32769 169
186 0 26 36 32769 137
186 0 6 45 32770 127
186 0 38 54 32771 169
186 0 42 63 32769 144
187 0 8 0 32771 171
187 0 8 18 32770 160
187 1 4 23 32770 147
187 0 36 27 32769 170
187 0 6 45 32770 128
187 0 38 54 32771 170
187 0 38 63 32769 158
188 0 59 0 32768 130
188 0 27 18 32768 165
188 0 36 27 32769 171
188 0 6 45 32770 129
188 0 38 54 32771 171
188 0 42 63 32769 145
189 0 8 0 32771 172
189 0 8 18 32770 161
189 0 36 27 32769 172
189 1 2 44 32770 147
189 0 6 45 32770 130
189 0 38 54 32771 172
189 0 38 63 32769 159
190 0 59 0 32768 132
190 1 6 14 32771 178
190 0 27 18 32768 166
190 0 36 27 32769 173
190 1 42 37 32771 163
190 0 6 45 32770 131
190 0 42 63 32769 146
191 0 8 0 32771 173
191 0 8 18 32770 162
191 0 36 27 32769 174
191 0 43 36 32772 174
191 0 6 45 32770 132
191 0 38 63 32769 160
192 0 59 0 32768 133
192 0 27 18 32768 167
192 0 36 27 32769 175
192 0 43 36 32772 175
192 0 42 63 32769 147
193 0 8 0 32771 174
193 0 8 18 32770 163
193 0 49 27 32772 161
193 0 43 36 32772 176
193 0 38 63 32769 161
194 0 59 0 32768 134
194 0 27 18 32768 168
194 0 26 27 32771 182
194 0 43 36 32772 177
194 0 42 63 32769 148
195 0 1 0 32771 176
195 1 39 15 32769 173
195 0 8 18 32770 164
195 0 49 27 32772 162
195 0 43 36 32772 178
195 0 38 63 32769 162
196 0 59 0 32768 135
196 0 26 27 32771 183
196 0 43 36 32772 179
196 0 42 63 32769 149
197 0 1 0 32771 177
197 0 63 18 32768 138
197 0 49 27 32772 163
197 0 54 36 32773 160
197 0 42 63 32769 150
198 0 59 0 32768 136
198 0 63 18 32768 139
198 0 26 27 32771 184
198 0 43 36 32772 180
198 0 9 63 32770 118
199 0 1 0 32771 178
199 0 63 18 32768 140
199 0 49 27 32772 164
199 0 54 36 32773 161
199 0 42 63 32769 151
200 0 59 0 32768 137
200 0 63 18 32768 141
200 0 26 27 32771 185
200 0 43 36 32772 181
200 0 9 63 32770 119
201 0 1 0 32771 179
201 0 63 18 32768 142
201 0 49 27 32772 165
201 0 54 36 32773 162
201 0 42 63 32769 152
202 0 59 0 32768 138
202 0 63 18 32768 143
202 0 26 27 32771 186
202 0 43 36 32772 182
202 0 9 63 32770 120
203 0 1 0 32771 180
203 0 62 18 32770 151
203 0 49 27 32772 166
203 0 54 36 32773 163
203 0 9 63 32770 121
204 0 59 0 32768 139
204 0 63 18 32768 144
204 0 26 27 32771 187
204 0 43 36 32772 183
204 0 12 63 32768 140
205 0 1 0 32771 181
205 0 62 18 32770 152
205 0 49 27 32772 167
205 0 54 36 32773 164
205 0 9 63 32770 122
206 0 1 0 32771 182
206 0 63 18 32768 145
206 0 26 27 32771 188
206 0 54 36 32773 165
206 0 12 63 32768 141
207 0 1 0 32771 183
207 0 62 18 32770 153
207 0 49 27 32772 168
207 0 55 36 32769 166
207 0 9 63 32770 123
208 0 1 0 32771 184
208 0 63 18 32768 146
208 0 26 27 32771 189
208 0 54 36 32773 166
208 0 12 63 32768 142
209 0 1 0 32771 185
209 0 62 18 32770 154
209 0 49 27 32772 169
209 0 55 36 32769 167
209 1 26 45 32770 177
209 0 9 63 32770 124
210 0 55 9 32768 148
210 0 63 18 32768 147
210 0 26 27 32771 190
210 0 54 36 32773 167
210 0 42 45 32772 188
210 0 12 63 32768 143
211 0 55 9 32768 149
211 0 62 18 32770 155
211 1 30 22 32770 199
211 0 49 27 32772 170
211 0 55 36 32769 168
211 0 42 45 32772 189
211 0 9 63 32770 125
212 0 55 9 32768 150
212 0 62 18 32770 156
212 0 26 27 32771 191
212 0 54 36 32773 176
212 0 42 45 32772 190
212 0 12 63 32768 144
213 0 55 9 32768 151
213 0 62 18 32770 157
213 1 62 33 32771 166
213 0 55 36 32769 169
213 0 42 45 32772 191
213 0 9 63 32770 126
214 0 55 9 32768 152
214 0 62 18 32770 158
214 0 54 36 32773 178
214 0 42 45 32772 192
214 0 12 63 32768 145
215 0 55 9 32768 153
215 0 62 18 32770 159
215 0 24 27 32770 188
215 0 55 36 32769 170
215 0 42 45 32772 193
215 0 9 63 32770 127
216 0 55 9 32768 154
216 0 62 18 32770 160
216 0 24 27 32770 189
216 0 55 36 32769 171
216 0 42 45 32772 194
216 0 12 63 32768 146
217 0 54 0 32772 150
217 0 55 9 32768 155
217 0 24 27 32770 190
217 0 55 36 32769 172
217 0 42 45 32772 195
217 0 12 63 32768 147
218 0 54 0 32772 151
218 0 55 9 32768 156
218 0 24 27 32770 191
218 0 55 36 32769 173
218 0 1 45 32770 166
218 0 1 63 32769 123
219 0 54 0 32772 152
219 0 25 9 32769 202
219 0 24 27 32770 192
219 0 55 36 32769 174
219 0 42 45 32772 196
219 0 12 63 32768 148
220 0 54 0 32772 153
220 0 55 9 32768 157
220 1 22 10 32771 188
220 0 24 27 32770 193
220 0 55 36 32769 175
220 0 1 45 32770 167
220 0 1 63 32769 124
221 0 54 0 32772 154
221 0 25 9 32769 203
221 0 24 27 32770 194
221 0 42 45 32772 197
221 0 12 63 32768 149
222 0 13 0 32771 185
222 0 25 9 32769 204
222 0 24 27 32770 195
222 0 1 45 32770 168
222 0 1 63 32769 125
223 0 54 0 32772 155
223 0 25 9 32769 205
223 0 24 27 32770 196
223 0 1 45 32770 169
223 0 1 63 32769 126
224 0 13 0 32771 186
224 0 24 9 32771 202
224 0 24 27 32770 197
224 0 1 45 32770 170
224 0 1 63 32769 127
225 0 54 0 32772 156
225 0 25 9 32769 206
225 0 43 18 32773 197
225 1 45 24 32769 183
225 0 23 45 32770 193
225 0 1 63 32769 128
226 0 13 0 32771 187
226 0 24 9 32771 203
226 0 43 18 32773 198
226 0 1 45 32770 171
226 0 1 63 32769 129
227 0 54 0 32772 157
227 0 25 9 32769 207
227 0 43 18 32773 199
227 0 23 45 32770 194
227 0 1 63 32769 130
228 0 13 0 32771 188
228 0 24 9 32771 204
228 0 43 18 32773 200
228 0 1 45 32770 172
228 0 1 63 32769 131
229 0 54 0 32772 158
229 0 25 9 32769 208
229 1 34 10 32770 207
229 0 43 18 32773 201
229 0 23 45 32770 195
229 0 1 63 32769 132
230 0 13 0 32771 189
230 0 24 9 32771 205
230 0 43 18 32773 202
230 0 1 45 32770 173
230 0 48 63 32771 183
231 0 54 0 32772 159
231 0 25 9 32769 209
231 0 43 18 32773 203
231 0 23 45 32770 196
231 0 48 63 32771 184
232 0 13 0 32771 190
232 0 24 9 32771 206
232 0 43 18 32773 204
232 0 1 45 32770 174
232 0 10 63 32769 166
233 0 13 0 32771 191
233 0 25 9 32769 210
233 0 43 18 32773 205
233 0 23 45 32770 197
233 0 48 63 32771 185
234 0 13 0 32771 192
234 0 24 9 32771 207
234 0 4 18 32772 207
234 0 1 45 32770 175
234 0 10 63 32769 167
235 0 13 0 32771 193
235 0 25 9 32769 211
235 1 14 11 32772 213
235 0 43 18 32773 206
235 1 10 39 32770 188
235 0 23 45 32770 198
235 0 48 63 32771 186
236 0 13 0 32771 194
236 0 24 9 32771 208
236 1 30 14 32772 217
236 0 4 18 32772 208
236 0 23 45 32770 199
236 0 10 63 32769 168
237 0 24 9 32771 209
237 0 4 18 32772 209
237 0 22 45 32772 199
237 0 48 63 32771 187
238 0 17 9 32771 224
238 1 52 11 32773 201
238 0 4 18 32772 210
238 0 23 45 32770 200
238 0 10 63 32769 169
239 0 24 9 32771 210
239 0 4 18 32772 211
239 0 22 45 32772 200
239 0 48 63 32771 188
240 0 17 9 32771 225
240 0 4 18 32772 212
240 1 5 43 32768 198
240 0 23 45 32770 201
240 0 10 63 32769 170
241 1 11 8 32770 219
241 0 24 9 32771 211
241 0 4 18 32772 213
241 0 9 36 32771 204
241 0 22 45 32772 201
241 1 52 52 32774 234
241 0 48 63 32771 189
242 0 17 9 32771 226
242 0 4 18 32772 214
242 0 19 36 32769 220
242 0 23 45 32770 202
242 1 3 59 32770 200
242 0 10 63 32769 171
243 0 17 9 32771 227
243 0 28 18 32768 221
243 0 9 36 32771 205
243 0 22 45 32772 202
243 0 48 63 32771 190
244 0 17 9 32771 228
244 0 4 18 32772 215
244 0 19 36 32769 221
244 0 22 45 32772 203
244 0 10 63 32769 172
245 0 31 9 32769 185
245 0 28 18 32768 222
245 0 9 36 32771 206
245 0 22 45 32772 204
245 0 48 63 32771 191
246 0 17 9 32771 229
246 0 4 18 32772 216
246 0 19 36 32769 222
246 0 22 45 32772 205
246 0 10 63 32769 173
247 0 31 9 32769 186
247 0 28 18 32768 223
247 0 9 36 32771 207
247 0 22 45 32772 206
247 0 48 63 32771 192
248 0 17 9 32771 230
248 0 28 18 32768 224
248 0 19 36 32769 223
248 0 22 45 32772 207
248 0 10 63 32769 174
249 0 31 9 32769 187
249 0 28 18 32768 225
249 0 60 27 32769 217
249 0 9 36 32771 208
249 0 22 45 32772 208
249 0 10 63 32769 175
250 0 17 9 32771 232
250 0 28 18 32768 226
250 0 60 27 32769 218
250 0 19 36 32769 224
251 0 31 9 32769 188
251 0 28 18 32768 227
251 0 60 27 32769 219
251 0 9 36 32771 209
252 0 17 9 32771 233
252 1 54 16 32774 194
252 0 28 18 32768 228
252 0 60 27 32769 220
252 0 19 36 32769 225
252 1 4 63 32771 189
253 0 31 9 32769 189
253 0 28 18 32768 229
253 0 60 27 32769 221
253 0 9 36 32771 210
253 1 57 46 32769 211
254 0 17 9 32771 234
254 0 28 18 32768 230
254 0 60 27 32769 222
254 0 19 36 32769 226
254 0 4 45 32773 217
255 0 31 9 32769 190
255 0 60 27 32769 223
255 0 9 36 32771 211
255 0 4 45 32773 218
255 0 37 63 32771 223
256 0 31 9 32769 191
256 0 60 27 32769 224
256 0 19 36 32769 227
256 0 4 45 32773 219
256 0 37 63 32771 224
257 0 52 0 32772 200
257 0 31 9 32769 192
257 0 2 18 32772 240
257 0 60 27 32769 225
257 0 9 36 32771 212
257 0 4 45 32773 220
257 0 37 63 32771 225
258 0 52 0 32772 202
258 0 51 9 32769 195
258 0 2 18 32772 241
258 0 60 27 32769 226
258 0 19 36 32769 228
258 0 4 45 32773 221
258 0 37 63 32771 226
259 1 63 0 32769 182
259 0 31 9 32769 193
259 0 2 18 32772 242
259 0 9 36 32771 213
259 0 4 45 32773 222
259 0 37 63 32771 227
260 0 52 0 32772 203
260 0 51 9 32769 196
260 0 2 18 32772 243
260 1 46 25 32771 201
260 0 19 36 32769 229
260 0 4 45 32773 223
260 0 37 63 32771 228
261 0 52 0 32772 204
261 0 31 9 32769 194
261 0 2 18 32772 244
261 0 4 45 32773 224
261 1 18 56 32770 219
261 0 37 63 32771 229
262 0 52 0 32772 205
262 0 51 9 32769 197
262 0 2 18 32772 245
262 0 4 45 32773 225
262 0 37 63 32771 230
263 0 52 0 32772 206
263 0 51 9 32769 198
263 0 2 18 32772 246
263 1 11 33 32772 231
263 0 9 36 32772 215
263 0 4 45 32773 226
263 1 17 57 32772 231
263 0 37 63 32771 231
264 0 52 0 32772 207
264 0 51 9 32769 199
264 0 2 18 32772 247
264 0 14 36 32773 218
264 0 37 63 32771 232
265 0 52 0 32772 208
265 0 51 9 32769 200
265 0 2 18 32772 248
265 0 9 36 32772 216
265 1 25 41 32770 248
266 0 52 0 32772 209
266 1 56 8 32771 229
266 1 30 9 32771 216
266 0 2 18 32772 249
266 0 14 36 32773 219
267 0 52 0 32772 210
267 0 51 9 32769 201
267 1 22 19 32773 245
267 0 9 36 32772 217
267 0 16 54 32769 210
268 0 51 9 32769 202
268 0 14 36 32773 220
268 0 32 54 32771 221
269 0 56 9 32770 203
269 0 9 36 32772 218
269 1 52 52 32777 257
269 0 16 54 32769 211
270 0 51 9 32769 203
270 0 14 36 32773 221
270 0 27 45 32769 243
270 0 32 54 32771 222
271 0 56 9 32770 204
271 0 52 27 32775 244
271 0 9 36 32772 219
271 0 27 45 32769 244
271 0 16 54 32769 212
271 0 44 63 32772 239
272 0 51 9 32769 204
272 0 52 27 32775 245
272 0 14 36 32773 222
272 0 27 45 32769 245
272 0 32 54 32771 223
272 0 44 63 32772 240
273 0 56 9 32770 205
273 0 14 27 32774 241
273 0 9 36 32772 220
273 0 27 45 32769 246
273 0 16 54 32769 213
273 1 26 63 32772 221
274 0 56 9 32770 206
274 0 52 27 32775 246
274 0 14 36 32773 223
274 0 27 45 32769 247
274 1 36 53 32771 252
274 0 32 54 32771 224
274 0 44 63 32772 241
275 0 56 9 32770 207
275 0 14 27 32774 242
275 0 9 36 32772 221
275 0 27 45 32769 248
275 0 16 54 32769 214
275 0 44 63 32772 242
276 0 56 9 32770 208
276 0 52 27 32775 247
276 0 14 36 32773 224
276 0 27 45 32769 249
276 0 32 54 32771 225
276 0 44 63 32772 243
277 0 53 9 32769 210
277 0 14 27 32774 243
277 0 9 36 32772 222
277 0 40 45 32771 245
277 0 16 54 32769 215
277 0 44 63 32772 244
278 0 56 9 32770 209
278 0 52 27 32775 248
278 0 14 36 32773 225
278 0 27 45 32769 250
278 0 32 54 32771 226
278 0 1 63 32772 206
279 0 53 9 32769 211
279 0 14 27 32774 244
279 0 9 36 32772 223
279 0 40 45 32771 246
279 0 16 54 32769 216
279 0 44 63 32772 245
280 0 56 9 32770 210
280 0 52 27 32775 249
280 0 14 36 32773 226
280 0 27 45 32769 251
280 0 32 54 32771 227
280 0 1 63 32772 207
281 0 53 9 32769 212
281 0 14 27 32774 245
281 0 9 36 32772 224
281 0 40 45 32771 247
281 0 16 54 32769 217
281 0 44 63 32772 246
282 0 56 9 32770 211
282 0 52 27 32775 250
282 0 14 36 32773 227
282 0 27 45 32769 252
282 0 32 54 32771 228
282 0 1 63 32772 208
283 0 53 9 32769 213
283 0 14 27 32774 246
283 1 44 36 32773 257
283 0 40 45 32771 248
283 1 11 46 32771 221
283 0 16 54 32769 218
283 0 44 63 32772 247
284 0 56 9 32770 212
284 1 45 17 32770 216
284 0 33 18 32769 262
284 0 52 27 32775 251
284 0 62 36 32772 245
284 0 40 45 32771 249
284 0 32 54 32771 229
284 0 1 63 32772 209
285 0 53 9 32769 214
285 0 33 18 32769 263
285 0 14 27 32774 247
285 0 62 36 32772 246
285 0 40 45 32771 250
285 0 16 54 32769 219
285 0 44 63 32772 248
286 0 53 9 32769 215
286 0 16 18 32770 269
286 0 52 27 32775 252
286 0 62 36 32772 247
286 1 2 47 32771 213
286 0 32 54 32771 230
286 0 1 63 32772 210
287 0 53 9 32769 216
287 0 33 18 32769 264
287 0 14 27 32774 248
287 0 62 36 32772 248
287 0 40 45 32771 251
287 0 52 54 32776 254
287 0 1 63 32772 211
288 0 53 9 32769 217
288 0 16 18 32770 270
288 0 52 27 32775 253
288 0 62 36 32772 249
288 0 52 54 32776 255
288 0 1 63 32772 212
289 0 53 9 32769 218
289 0 33 18 32769 265
289 0 14 27 32774 249
289 0 62 36 32772 250
289 0 40 45 32771 252
289 0 52 54 32776 256
289 0 1 63 32772 213
290 0 16 18 32770 271
290 0 53 27 32771 244
290 0 62 36 32772 251
290 0 19 54 32770 248
290 0 36 63 32770 253
291 0 53 9 32769 219
291 0 33 18 32769 266
291 0 14 27 32774 250
291 0 62 36 32772 252
291 0 40 45 32771 253
291 0 52 54 32776 258
291 0 1 63 32772 214
292 0 3 0 32771 270
292 1 50 9 32770 237
292 0 16 18 32770 272
292 0 53 27 32771 245
292 0 62 36 32772 253
292 0 19 54 32770 249
292 0 36 63 32770 254
293 0 3 0 32771 271
293 0 33 18 32769 267
293 0 6 27 32772 238
293 0 62 36 32772 254
293 0 40 45 32771 254
293 0 52 54 32776 259
293 0 1 63 32772 215
294 0 3 0 32771 272
294 0 16 18 32770 273
294 0 53 27 32771 246
294 0 19 54 32770 250
294 0 36 63 32770 255
295 0 3 0 32771 273
295 0 53 9 32770 224
295 0 33 18 32769 268
295 0 6 27 32772 239
295 0 52 54 32776 260
295 0 36 63 32770 256
296 0 3 0 32771 274
296 0 59 9 32770 232
296 0 16 18 32770 274
296 0 53 27 32771 247
296 0 19 54 32770 251
296 0 36 63 32770 257
297 0 3 0 32771 275
297 0 53 9 32770 225
297 0 33 18 32769 269
297 0 6 27 32772 240
297 0 52 54 32776 261
297 1 34 57 32771 270
297 0 36 63 32770 258
298 0 3 0 32771 276
298 0 59 9 32770 233
298 0 16 18 32770 275
298 0 53 27 32771 248
298 0 19 54 32770 252
298 0 36 63 32770 259
299 0 3 0 32771 277
299 0 53 9 32770 226
299 0 33 18 32769 270
299 0 6 27 32772 241
299 0 52 54 32776 262
299 0 36 63 32770 260
300 0 3 0 32771 278
300 0 59 9 32770 234
300 0 16 18 32770 276
300 0 53 27 32771 249
300 0 19 54 32770 253
300 0 36 63 32770 261
301 0 3 0 32771 279
301 0 53 9 32770 227
301 0 33 18 32769 271
301 0 52 54 32776 263
301 0 36 63 32770 262
302 0 59 9 32770 235
302 0 16 18 32770 277
302 1 46 21 32772 275
302 0 6 27 32772 242
302 0 19 54 32770 254
303 0 15 0 32769 249
303 0 53 9 32770 228
303 0 53 27 32771 250
303 0 52 54 32776 264
304 0 56 0 32772 262
304 0 59 9 32770 236
304 0 16 18 32770 278
304 0 6 27 32772 243
304 0 19 54 32770 255
304 0 39 63 32770 281
305 0 15 0 32769 250
305 0 53 9 32770 229
305 0 53 27 32771 251
305 0 9 54 32773 226
305 0 39 63 32770 282
306 0 56 0 32772 263
306 0 59 9 32770 237
306 0 6 27 32772 244
306 1 7 35 32770 258
306 0 19 54 32770 256
306 0 41 63 32773 259
307 0 15 0 32769 251
307 0 53 9 32770 230
307 0 53 27 32771 252
307 0 9 54 32773 227
307 0 39 63 32770 283
308 0 56 0 32772 264
308 0 59 9 32770 238
308 0 6 27 32772 245
308 0 19 54 32770 257
308 0 41 63 32773 260
309 0 15 0 32769 252
309 0 53 9 32770 231
309 0 53 27 32771 253
309 0 9 54 32773 228
309 0 39 63 32770 284
310 0 56 0 32772 265
310 0 59 9 32770 239
310 0 6 27 32772 246
310 0 9 54 32773 229
310 0 41 63 32773 261
311 0 15 0 32769 253
311 0 53 9 32770 232
311 0 23 18 32771 279
311 0 24 27 32772 285
311 0 9 54 32773 230
311 0 39 63 32770 285
312 0 56 0 32772 266
312 0 59 9 32770 240
312 0 44 18 32774 280
312 0 6 27 32772 247
312 1 55 32 32770 260
312 0 9 54 32773 231
312 0 41 63 32773 262
313 0 15 0 32769 254
313 0 53 9 32770 233
313 0 23 18 32771 280
313 0 24 27 32772 286
313 0 27 54 32770 253
313 0 39 63 32770 286
314 0 56 0 32772 267
314 0 59 9 32770 241
314 0 44 18 32774 281
314 0 24 27 32772 287
314 1 40 28 32773 277
314 0 9 54 32773 232
314 0 41 63 32773 263
315 0 15 0 32769 255
315 0 23 18 32771 281
315 0 24 27 32772 288
315 0 27 54 32770 254
315 0 39 63 32770 287
316 0 56 0 32772 268
316 0 44 18 32774 282
316 0 24 27 32772 289
316 0 9 54 32773 233
316 0 41 63 32773 264
317 0 15 0 32769 256
317 0 23 18 32771 282
317 0 24 27 32772 290
317 0 27 54 32770 255
317 0 39 63 32770 288
318 0 56 0 32772 269
318 0 3 9 32772 296
318 0 44 18 32774 283
318 1 24 25 32773 306
318 0 24 27 32772 291
318 0 9 54 32773 234
318 0 41 63 32773 265
319 0 15 0 32769 257
319 0 3 9 32772 297
319 0 23 18 32771 283
319 0 24 27 32772 292
319 0 27 54 32770 256
319 0 39 63 32770 289
320 0 56 0 32772 270
320 0 3 9 32772 298
320 0 44 18 32774 284
320 0 24 27 32772 293
320 0 43 45 32774 303
320 0 9 54 32773 235
320 1 20 61 32771 283
320 0 41 63 32773 266
321 0 15 0 32769 258
321 0 3 9 32772 299
321 0 23 18 32771 284
321 0 24 27 32772 294
321 0 43 45 32774 304
321 0 27 54 32770 257
321 0 39 63 32770 290
322 0 56 0 32772 271
322 0 3 9 32772 300
322 0 44 18 32774 285
322 1 7 39 32771 295
322 0 43 45 32774 305
322 0 27 54 32770 258
322 0 41 63 32773 267
323 0 3 9 32772 301
323 0 23 18 32771 285
323 1 21 24 32772 286
323 0 43 45 32774 306
323 0 40 54 32772 272
323 0 41 63 32773 268
324 0 3 9 32772 302
324 0 44 18 32774 286
324 0 43 45 32774 307
324 0 27 54 32770 259
325 0 3 9 32772 303
325 0 23 18 32771 286
325 0 43 45 32774 308
325 0 40 54 32772 273
326 0 3 9 32772 304
326 0 44 18 32774 287
326 0 43 45 32774 309
326 0 27 54 32770 260
327 0 3 9 32772 305
327 0 23 18 32771 287
327 0 43 45 32774 310
327 0 40 54 32772 274
328 0 44 18 32774 288
328 0 38 27 32772 301
328 0 43 45 32774 311
328 0 27 54 32770 261
329 0 23 18 32771 288
329 0 38 27 32772 302
329 0 43 45 32774 312
329 0 40 54 32772 275
330 0 44 18 32774 289
330 0 38 27 32772 303
330 0 27 54 32770 262
331 0 63 0 32770 254
331 0 60 18 32770 283
331 0 38 27 32772 304
331 0 57 36 32770 294
331 0 40 54 32772 276
332 0 63 0 32770 255
332 0 60 18 32770 284
332 0 38 27 32772 305
332 0 57 36 32770 295
332 1 13 42 32772 290
332 0 62 54 32773 316
333 0 63 0 32770 256
333 0 60 18 32770 285
333 0 38 27 32772 306
333 0 57 36 32770 296
333 1 21 43 32773 300
333 0 40 54 32772 278
334 0 63 0 32770 257
334 0 47 18 32772 287
334 0 38 27 32772 307
334 0 57 36 32770 297
334 0 62 54 32773 317
335 0 63 0 32770 258
335 0 60 18 32770 286
335 0 38 27 32772 308
335 0 57 36 32770 298
335 0 40 54 32772 279
335 0 17 63 32773 273
336 0 63 0 32770 259
336 0 47 18 32772 288
336 0 38 27 32772 309
336 0 57 36 32770 299
336 0 4 45 32774 299
336 0 62 54 32773 318
336 0 17 63 32773 274
337 0 63 0 32770 260
337 0 46 9 32773 285
337 0 60 18 32770 287
337 0 38 27 32772 310
337 0 57 36 32770 300
337 0 4 45 32774 300
337 0 40 54 32772 280
337 0 17 63 32773 275
338 0 63 0 32770 261
338 0 46 9 32773 286
338 0 47 18 32772 289
338 1 23 27 32772 306
338 0 57 36 32770 301
338 0 4 45 32774 301
338 1 31 53 32770 306
338 0 62 54 32773 319
338 0 17 63 32773 276
339 0 63 0 32770 262
339 0 46 9 32773 287
339 0 60 18 32770 288
339 0 57 36 32770 302
339 0 4 45 32774 302
339 0 40 54 32772 281
339 0 17 63 32773 277
340 0 63 0 32770 263
340 0 46 9 32773 288
340 1 37 15 32772 308
340 0 47 18 32772 290
340 0 57 36 32770 303
340 0 4 45 32774 303
340 0 62 54 32773 320
340 0 17 63 32773 278
341 1 61 8 32769 279
341 0 46 9 32773 289
341 0 60 18 32770 289
341 0 4 45 32774 304
341 0 40 54 32772 282
341 1 0 57 32768 294
341 0 17 63 32773 279
342 0 46 9 32773 290
342 0 47 18 32772 291
342 0 4 45 32774 305
342 0 62 54 32773 321
342 0 1 63 32773 270
343 0 46 9 32773 291
343 0 60 18 32770 290
343 0 38 36 32773 326
343 1 55 41 32771 301
343 0 4 45 32774 306
343 0 12 54 32769 273
343 0 17 63 32773 280
344 0 46 9 32773 292
344 0 47 18 32772 292
344 0 38 36 32773 327
344 0 50 45 32771 317
344 0 62 54 32773 322
344 0 1 63 32773 271
345 0 46 9 32773 293
345 0 60 18 32770 291
345 0 38 36 32773 328
345 0 4 45 32774 307
345 0 12 54 32769 274
345 0 17 63 32773 281
346 0 46 9 32773 294
346 0 47 18 32772 293
346 0 46 27 32775 314
346 0 38 36 32773 329
346 0 50 45 32771 318
346 0 62 54 32773 323
346 0 1 63 32773 272
347 0 60 18 32770 292
347 0 46 27 32775 315
347 0 38 36 32773 330
347 0 4 45 32774 308
347 0 12 54 32769 275
347 0 17 63 32773 282
348 0 47 18 32772 294
348 1 41 21 32774 306
348 0 26 27 32773 336
348 0 38 36 32773 331
348 0 50 45 32771 319
348 0 62 54 32773 324
348 0 1 63 32773 273
349 0 47 18 32772 295
349 0 46 27 32775 316
349 0 38 36 32773 332
349 0 50 45 32771 320
349 0 12 54 32769 276
349 0 1 63 32773 274
350 0 47 18 32772 296
350 0 26 27 32773 337
350 0 38 36 32773 333
350 0 50 45 32771 321
350 0 62 54 32773 325
350 0 1 63 32773 275
351 0 46 27 32775 317
351 0 38 36 32773 334
351 0 50 45 32771 322
351 0 12 54 32769 277
351 0 1 63 32773 276
352 0 46 9 32774 295
352 0 26 27 32773 338
352 0 38 36 32773 335
352 0 50 45 32771 323
352 0 25 54 32771 270
352 0 1 63 32773 277
353 0 46 9 32774 296
353 0 46 27 32775 318
353 0 50 45 32771 324
353 0 12 54 32769 278
353 0 1 63 32773 278
354 0 46 9 32774 297
354 0 26 27 32773 339
354 0 50 45 32771 325
354 0 25 54 32771 271
354 0 1 63 32773 279
355 0 46 9 32774 298
355 0 46 27 32775 319
355 0 50 45 32771 326
355 0 12 54 32769 279
356 0 46 9 32774 299
356 0 26 27 32773 340
356 0 25 54 32771 272
357 0 46 9 32774 300
357 0 46 27 32775 320
357 0 12 54 32769 280
358 0 52 0 32778 301
358 0 46 9 32774 301
358 0 26 27 32773 341
358 0 25 54 32771 273
359 0 52 0 32778 302
359 0 14 9 32775 327
359 0 46 27 32775 321
359 0 12 54 32769 281
360 0 52 0 32778 303
360 0 46 9 32774 302
360 0 26 27 32773 342
360 0 25 54 32771 274
361 0 52 0 32778 304
361 0 14 9 32775 328
361 0 46 27 32775 322
361 0 12 54 32769 282
361 1 29 60 32768 329
362 0 52 0 32778 305
362 0 46 9 32774 305
362 0 26 27 32773 343
362 0 25 54 32771 275
362 0 56 63 32773 320
363 0 52 0 32778 306
363 0 14 9 32775 329
363 1 37 20 32774 341
363 0 25 54 32771 276
363 0 56 63 32773 321
364 0 52 0 32778 307
364 0 46 9 32774 307
364 0 46 27 32775 323
364 1 33 49 32770 347
364 0 56 63 32773 322
365 0 52 0 32778 308
365 0 14 9 32775 330
365 0 26 27 32773 344
365 0 25 54 32771 277
365 0 56 63 32773 323
366 0 52 0 32778 309
366 0 14 9 32775 331
366 0 11 27 32773 336
366 0 25 54 32771 278
366 0 56 63 32773 324
367 0 52 0 32778 310
367 0 14 9 32775 332
367 0 26 27 32773 345
367 0 7 54 32772 301
367 0 56 63 32773 325
368 1 24 5 32775 321
368 0 14 9 32775 333
368 1 47 19 32773 326
368 0 11 27 32773 337
368 0 25 54 32771 279
368 0 56 63 32773 326
369 0 14 9 32775 334
369 0 11 27 32773 338
369 0 7 54 32772 302
369 1 27 62 32771 306
369 0 37 63 32773 337
370 0 14 9 32775 335
370 0 11 27 32773 339
370 0 7 54 32772 303
370 0 56 63 32773 327
371 0 14 9 32775 336
371 0 11 27 32773 340
371 0 17 54 32774 283
371 0 37 63 32773 338
372 0 11 27 32773 341
372 0 48 45 32772 335
372 0 7 54 32772 304
372 0 56 63 32773 328
373 0 33 9 32771 351
373 1 4 19 32776 342
373 0 11 27 32773 342
373 0 48 45 32772 336
373 0 17 54 32774 284
373 0 37 63 32773 339
374 0 33 9 32771 352
374 0 11 27 32773 343
374 0 10 45 32771 332
374 0 7 54 32772 305
374 0 56 63 32773 329
375 0 33 9 32771 353
375 0 11 27 32773 344
375 0 48 45 32772 337
375 0 17 54 32774 285
375 0 37 63 32773 340
376 0 33 9 32771 354
376 0 11 27 32773 345
376 0 10 45 32771 333
376 0 7 54 32772 306
376 0 37 63 32773 342
377 0 33 9 32771 355
377 0 48 45 32772 338
377 0 17 54 32774 286
377 0 37 63 32773 343
378 0 33 9 32771 356
378 0 10 45 32771 334
378 0 7 54 32772 307
378 0 37 63 32773 344
379 0 33 9 32771 357
379 0 48 45 32772 339
379 0 17 54 32774 287
379 0 37 63 32773 345
380 0 33 9 32771 358
380 1 35 35 32771 373
380 0 10 45 32771 335
380 0 7 54 32772 308
380 1 20 60 32772 348
380 0 37 63 32773 346
381 0 33 9 32771 359
381 0 48 45 32772 340
381 0 17 54 32774 288
381 0 37 63 32773 347
382 0 33 9 32771 360
382 0 46 18 32776 340
382 0 10 45 32771 336
382 0 7 54 32772 309
383 0 46 18 32776 341
383 0 48 45 32772 341
383 0 17 54 32774 289
384 0 46 18 32776 342
384 0 39 36 32771 362
384 0 10 45 32771 337
384 0 7 54 32772 310
385 0 18 9 32771 368
385 0 32 27 32772 358
385 0 39 36 32771 363
385 0 48 45 32772 342
385 0 17 54 32774 290
386 0 18 9 32771 369
386 0 46 18 32776 343
386 0 32 27 32772 359
386 0 39 36 32771 364
386 0 10 45 32771 338
386 0 17 54 32774 299
387 0 18 9 32771 370
387 0 46 18 32776 344
387 0 32 27 32772 360
387 0 39 36 32771 365
387 0 48 45 32772 343
387 0 7 54 32773 323
388 0 18 9 32771 372
388 0 26 18 32774 376
388 1 58 20 32770 346
388 0 32 27 32772 361
388 0 39 36 32771 366
388 0 10 45 32771 339
388 0 17 54 32774 300
389 0 18 9 32771 373
389 0 46 18 32776 345
389 0 32 27 32772 362
389 0 39 36 32771 367
389 0 48 45 32772 344
389 0 7 54 32773 324
390 0 18 9 32771 374
390 0 26 18 32774 377
390 0 32 27 32772 363
390 0 39 36 32771 368
390 0 10 45 32771 340
390 0 7 54 32773 325
391 0 18 9 32771 375
391 0 46 18 32776 346
391 0 32 27 32772 364
391 0 39 36 32771 369
391 0 10 45 32771 341
391 1 15 47 32771 364
391 0 4 54 32775 325
392 0 18 9 32771 376
392 0 26 18 32774 378
392 0 32 27 32772 365
392 0 39 36 32771 370
392 0 7 54 32773 326
393 0 18 9 32771 377
393 0 46 18 32776 347
393 0 32 27 32772 366
393 0 39 36 32771 371
393 0 4 54 32775 326
394 0 18 9 32771 378
394 0 26 18 32774 379
394 0 32 27 32772 367
394 0 7 54 32773 327
395 1 53 2 32772 343
395 0 46 18 32776 348
395 1 34 25 32772 378
395 0 4 54 32775 327
396 0 26 18 32774 380
396 1 39 36 32772 373
396 0 7 54 32773 328
397 0 46 18 32776 349
397 0 4 54 32775 328
398 0 26 18 32774 381
398 0 7 54 32773 329
399 0 26 18 32774 382
399 0 4 54 32775 329
399 1 57 61 32771 372
400 0 36 18 32772 359
400 0 37 45 32775 388
400 0 7 54 32773 330
400 1 50 58 32772 388
401 0 26 18 32774 383
401 0 37 45 32775 389
401 0 4 54 32775 330
402 0 36 18 32772 360
402 0 37 45 32775 390
402 0 7 54 32773 331
403 0 26 18 32774 384
403 0 37 45 32775 391
403 0 4 54 32775 331
404 0 36 18 32772 361
404 0 37 45 32775 392
404 0 7 54 32773 332
405 0 26 18 32774 385
405 0 37 45 32775 393
405 0 4 54 32775 332
406 0 36 18 32772 362
406 0 37 45 32775 394
406 0 4 54 32775 333
407 0 36 18 32772 363
407 0 3 27 32773 385
407 0 37 45 32775 395
407 0 24 54 32774 320
408 0 51 18 32770 358
408 0 62 27 32775 366
408 1 42 44 32773 391
408 1 18 45 32772 371
408 0 4 54 32775 334
409 0 30 0 32773 357
409 0 36 18 32772 364
409 0 3 27 32773 386
409 0 37 45 32775 396
409 0 24 54 32774 322
409 0 23 63 32773 377
410 0 30 0 32773 358
410 0 51 18 32770 359
410 0 62 27 32775 367
410 0 37 45 32775 397
410 0 24 54 32774 323
410 0 23 63 32773 378
411 0 30 0 32773 359
411 0 47 9 32774 354
411 0 36 18 32772 365
411 0 3 27 32773 387
411 0 16 54 32771 330
411 0 23 63 32773 379
412 0 30 0 32773 360
412 0 47 9 32774 355
412 1 3 11 32775 400
412 0 51 18 32770 360
412 0 62 27 32775 368
412 0 9 45 32774 365
412 0 24 54 32774 324
412 0 23 63 32773 380
413 0 5 0 32769 381
413 0 47 9 32774 356
413 0 36 18 32772 366
413 0 3 27 32773 388
413 1 45 34 32771 386
413 0 9 45 32774 366
413 0 16 54 32771 331
413 0 23 63 32773 381
414 0 30 0 32773 361
414 0 47 9 32774 357
414 0 51 18 32770 361
414 0 62 27 32775 369
414 0 9 45 32774 367
414 0 24 54 32774 325
414 0 23 63 32773 382
415 0 5 0 32769 382
415 0 36 9 32773 378
415 0 36 18 32772 367
415 1 62 26 32774 356
415 0 3 27 32773 389
415 0 9 45 32774 368
415 0 16 54 32771 332
415 0 23 63 32773 383
416 0 30 0 32773 362
416 0 47 9 32774 358
416 0 51 18 32770 362
416 0 62 27 32775 370
416 0 9 45 32774 369
416 0 24 54 32774 326
416 0 23 63 32773 384
417 0 5 0 32769 383
417 0 36 9 32773 379
417 0 36 18 32772 368
417 0 3 27 32773 390
417 0 9 45 32774 370
417 0 16 54 32771 333
417 0 23 63 32773 385
418 0 30 0 32773 363
418 0 47 9 32774 359
418 0 51 18 32770 363
418 0 62 27 32775 371
418 0 9 45 32774 371
418 0 24 54 32774 327
418 0 23 63 32773 386
419 0 5 0 32769 384
419 0 36 9 32773 380
419 0 51 18 32770 364
419 0 3 27 32773 391
419 0 9 45 32774 372
419 0 16 54 32771 334
420 0 30 0 32773 364
420 0 47 9 32774 360
420 0 31 18 32771 372
420 0 62 27 32775 372
420 0 9 45 32774 373
420 0 24 54 32774 328
421 0 5 0 32769 385
421 0 36 9 32773 381
421 0 51 18 32770 365
421 0 3 27 32773 392
421 0 9 45 32774 374
421 0 16 54 32771 335
422 0 30 0 32773 365
422 0 47 9 32774 361
422 0 31 18 32771 373
422 0 62 27 32775 373
422 0 24 54 32774 329
423 0 5 0 32769 386
423 0 36 9 32773 382
423 0 51 18 32770 366
423 0 3 27 32773 393
423 0 16 54 32771 336
424 0 30 0 32773 366
424 0 47 9 32774 362
424 0 31 18 32771 374
424 0 62 27 32775 374
424 0 24 54 32774 330
425 0 5 0 32769 387
425 0 36 9 32773 383
425 0 51 18 32770 367
425 0 3 27 32773 394
425 0 30 36 32774 403
425 0 16 54 32771 337
426 0 5 0 32769 388
426 0 47 9 32774 363
426 0 31 18 32771 375
426 0 62 27 32775 375
426 0 30 36 32774 404
426 0 49 54 32773 388
427 0 5 0 32769 389
427 0 36 9 32773 384
427 0 31 18 32771 376
427 0 30 36 32774 405
427 0 16 54 32771 338
428 0 5 0 32769 390
428 0 36 9 32773 385
428 0 31 18 32771 377
428 0 30 36 32774 406
428 0 49 54 32773 389
429 0 36 9 32773 386
429 0 47 18 32775 368
429 0 30 36 32774 407
429 0 16 54 32771 339
429 1 57 58 32772 417
430 0 36 9 32773 387
430 0 31 18 32771 378
430 0 30 36 32774 408
430 0 49 54 32773 390
431 0 47 18 32775 369
431 0 30 36 32774 409
431 0 15 54 32770 359
432 0 31 18 32771 379
432 0 30 36 32774 410
432 0 49 54 32773 391
433 0 61 9 32770 376
433 0 47 18 32775 370
433 0 30 36 32774 411
433 0 15 54 32770 360
434 0 55 9 32772 370
434 0 31 18 32771 380
434 0 30 36 32774 412
434 0 49 54 32773 392
435 0 61 9 32770 377
435 0 47 18 32775 371
435 0 15 54 32770 361
436 0 55 9 32772 371
436 0 31 18 32771 381
436 0 49 54 32773 393
437 0 61 9 32770 378
437 0 47 18 32775 372
437 0 15 54 32770 362
438 0 4 0 32777 411
438 0 55 9 32772 372
438 0 11 18 32774 421
438 1 43 36 32776 421
438 0 49 54 32773 394
439 0 4 0 32777 412
439 0 61 9 32770 379
439 0 47 18 32775 373
439 0 43 36 32775 422
439 0 15 54 32770 363
440 0 4 0 32777 413
440 0 55 9 32772 373
440 0 11 18 32774 422
440 0 25 36 32772 413
440 1 32 40 32773 428
440 0 49 54 32773 395
441 0 4 0 32777 414
441 0 61 9 32770 380
441 0 47 18 32775 374
441 0 43 36 32775 423
441 0 15 54 32770 365
442 0 4 0 32777 415
442 0 55 9 32772 374
442 0 11 18 32774 423
442 0 25 36 32772 414
442 0 49 54 32773 396
442 0 27 63 32772 395
443 0 4 0 32777 416
443 0 61 9 32770 381
443 0 47 18 32775 375
443 0 43 36 32775 424
443 0 15 54 32770 366
443 0 27 63 32772 396
444 0 4 0 32777 417
444 0 55 9 32772 375
444 0 11 18 32774 424
444 0 25 36 32772 415
444 0 49 54 32773 397
444 0 6 63 32773 397
445 0 4 0 32777 418
445 0 61 9 32770 382
445 0 47 18 32775 376
445 0 43 36 32775 425
445 0 15 54 32770 367
445 0 27 63 32772 397
446 0 4 0 32777 419
446 0 55 9 32772 376
446 0 11 18 32774 425
446 0 25 36 32772 416
446 0 15 54 32770 368
446 0 6 63 32773 398
447 0 4 0 32777 420
447 0 61 9 32770 383
447 0 47 18 32775 377
447 0 43 36 32775 426
447 0 3 54 32774 395
447 0 27 63 32772 398
448 0 55 9 32772 377
448 0 11 18 32774 426
448 0 25 36 32772 417
448 0 15 54 32770 369
448 0 6 63 32773 399
449 0 61 9 32770 384
449 0 21 18 32774 410
449 0 43 36 32775 427
449 0 3 54 32774 396
449 0 27 63 32772 399
450 0 55 9 32772 378
450 1 42 17 32774 418
450 0 11 18 32774 427
450 0 25 36 32772 418
450 0 16 45 32773 403
450 0 3 54 32774 397
450 0 6 63 32773 400
451 0 61 9 32770 385
451 0 21 18 32774 411
451 0 43 36 32775 428
451 0 16 45 32773 404
451 0 3 54 32774 398
451 0 27 63 32772 400
452 0 55 9 32772 379
452 0 11 18 32774 428
452 0 25 36 32772 419
452 0 16 45 32773 405
452 0 3 54 32774 399
452 0 6 63 32773 401
453 0 21 18 32774 412
453 0 43 36 32775 429
453 0 16 45 32773 406
453 0 3 54 32774 401
453 0 27 63 32772 401
454 0 11 18 32774 429
454 0 25 36 32772 420
454 0 16 45 32773 407
454 1 16 47 32772 397
454 0 3 54 32774 402
454 0 6 63 32773 402
455 1 63 0 32771 366
455 0 21 18 32774 413
455 0 43 36 32775 430
455 0 16 45 32773 408
455 0 3 54 32774 403
455 0 27 63 32772 402
456 0 40 9 32774 413
456 0 11 18 32774 430
456 0 25 36 32772 421
456 0 16 45 32773 409
456 0 3 54 32774 404
456 0 6 63 32773 403
457 0 21 9 32775 425
457 0 21 18 32774 414
457 0 43 36 32775 431
457 0 53 45 32773 445
457 0 3 54 32774 405
457 0 27 63 32772 403
458 0 40 9 32774 414
458 0 25 36 32772 422
458 0 16 45 32773 410
458 0 6 63 32773 404
459 0 21 9 32775 426
459 0 21 18 32774 415
459 1 54 36 32775 429
459 0 53 45 32773 446
459 0 27 63 32772 404
460 0 40 9 32774 415
460 0 16 45 32773 411
460 0 6 63 32773 405
461 0 21 9 32775 427
461 0 21 18 32774 416
461 0 53 45 32773 447
461 0 6 63 32773 406
462 0 40 9 32774 416
462 1 47 29 32776 435
462 0 16 45 32773 412
463 0 21 9 32775 428
463 0 21 18 32774 417
463 0 53 45 32773 448
464 0 40 9 32774 417
464 0 22 27 32774 433
464 0 51 45 32771 437
465 0 21 9 32775 429
465 0 21 18 32774 418
465 0 22 27 32774 434
465 0 53 45 32773 449
466 1 0 2 32769 449
466 0 40 9 32774 418
466 0 21 18 32774 419
466 0 22 27 32774 435
466 1 2 33 32773 434
466 0 51 45 32771 438
467 0 21 9 32775 430
467 0 23 18 32774 420
467 0 53 45 32773 450
468 0 40 9 32774 419
468 0 23 18 32774 421
468 0 22 27 32774 436
468 0 51 45 32771 439
468 1 4 53 32778 426
469 0 21 9 32775 431
469 0 23 18 32774 422
469 1 36 44 32775 457
469 0 53 45 32773 451
470 0 40 9 32774 420
470 0 23 18 32774 423
470 0 22 27 32774 437
470 0 51 45 32771 440
471 0 21 9 32775 432
471 0 23 18 32774 424
471 0 53 45 32773 452
472 0 40 9 32774 421
472 0 23 18 32774 425
472 0 22 27 32774 438
472 0 20 36 32773 455
472 0 51 45 32771 441
473 0 21 9 32775 433
473 0 5 18 32770 441
473 0 20 36 32773 456
473 0 53 45 32773 453
474 0 40 9 32774 422
474 0 23 18 32774 426
474 0 22 27 32774 439
474 0 20 36 32773 457
474 0 51 45 32771 442
475 0 21 9 32775 434
475 0 5 18 32770 442
475 0 20 36 32773 458
475 1 27 43 32773 458
475 0 53 45 32773 454
476 0 23 18 32774 427
476 0 22 27 32774 440
476 0 20 36 32773 459
476 0 51 45 32771 443
477 0 62 9 32776 403
477 0 5 18 32770 443
477 0 22 27 32774 441
477 0 20 36 32773 460
477 0 3 45 32776 420
477 0 38 63 32774 450
478 0 25 9 32773 450
478 0 23 18 32774 428
478 0 22 27 32774 442
478 0 20 36 32773 461
478 0 51 45 32771 444
478 0 35 63 32772 435
479 0 62 9 32776 404
479 0 5 18 32770 444
479 0 12 36 32770 457
479 0 3 45 32776 421
479 0 38 63 32774 451
480 0 25 9 32773 451
480 0 23 18 32774 429
480 0 31 27 32772 453
480 0 20 36 32773 462
480 0 51 45 32771 445
480 0 35 63 32772 436
481 0 62 9 32776 405
481 0 5 18 32770 445
481 0 31 27 32772 454
481 0 12 36 32770 458
481 0 3 45 32776 422
481 0 38 63 32774 452
482 0 25 9 32773 452
482 0 5 18 32770 446
482 0 31 27 32772 455
482 0 20 36 32773 463
482 0 51 45 32771 446
482 0 35 63 32772 437
483 0 62 9 32776 406
483 0 5 18 32770 447
483 1 28 20 32769 471
483 0 31 27 32772 456
483 0 12 36 32770 459
483 0 3 45 32776 423
483 0 38 63 32774 453
484 0 25 9 32773 453
484 0 5 18 32770 448
484 0 31 27 32772 457
484 0 20 36 32773 465
484 1 1 45 32774 421
484 0 35 63 32772 438
485 1 23 7 32775 468
485 0 62 9 32776 407
485 0 5 18 32770 449
485 0 17 27 32775 463
485 0 12 36 32770 460
485 0 3 45 32776 424
485 1 54 56 32776 443
485 0 38 63 32774 454
486 0 25 9 32773 454
486 0 5 18 32770 450
486 0 31 27 32772 458
486 0 12 36 32770 461
486 0 3 45 32776 425
486 0 52 54 32779 469
486 0 35 63 32772 439
487 0 62 9 32776 408
487 0 17 27 32775 464
487 0 12 36 32770 462
487 0 3 45 32776 426
487 0 52 54 32779 470
487 0 38 63 32774 455
488 0 25 9 32773 455
488 0 31 27 32772 459
488 0 2 36 32774 451
488 0 3 45 32776 427
488 0 52 54 32779 471
488 0 35 63 32772 440
489 0 62 9 32776 409
489 0 17 27 32775 465
489 0 12 36 32770 463
489 0 16 45 32774 434
489 0 52 54 32779 472
489 0 38 63 32774 456
490 0 25 9 32773 456
490 0 31 27 32772 460
490 0 2 36 32774 452
490 0 3 45 32776 428
490 0 52 54 32779 473
490 0 35 63 32772 441
491 0 9 0 32775 474
491 0 62 9 32776 410
491 0 17 27 32775 466
491 0 12 36 32770 464
491 0 16 45 32774 435
491 1 8 50 32772 449
491 0 52 54 32779 474
491 0 38 63 32774 457
492 0 9 0 32775 475
492 0 25 9 32773 457
492 0 31 27 32772 461
492 0 2 36 32774 453
492 0 3 45 32776 429
492 0 52 54 32779 475
492 0 35 63 32772 442
493 0 9 0 32775 476
493 0 62 9 32776 411
493 0 17 27 32775 467
493 0 12 36 32770 465
493 0 16 45 32774 436
493 0 52 54 32779 476
493 0 38 63 32774 458
494 0 9 0 32775 477
494 0 25 9 32773 458
494 0 31 27 32772 462
494 0 2 36 32774 454
494 0 16 45 32774 437
494 0 52 54 32779 477
494 0 35 63 32772 443
495 0 9 0 32775 478
495 0 62 9 32776 412
495 0 17 27 32775 468
495 0 12 36 32770 466
495 0 16 45 32774 438
495 0 52 54 32779 478
495 0 38 63 32774 459
496 0 9 0 32775 479
496 0 25 9 32773 459
496 0 5 27 32771 455
496 0 2 36 32774 455
496 0 16 45 32774 439
496 0 35 63 32772 444
497 0 9 0 32775 480
497 0 17 27 32775 469
497 0 2 36 32774 456
497 0 16 45 32774 440
497 0 63 63 32772 483
498 0 9 0 32775 481
498 0 16 9 32775 465
498 0 5 27 32771 456
498 0 2 36 32774 457
498 0 16 45 32774 441
498 0 63 63 32772 484
499 0 9 0 32775 482
499 0 36 9 32774 430
499 0 51 18 32772 467
499 0 17 27 32775 470
499 0 2 36 32774 458
499 0 16 45 32774 442
499 0 63 63 32772 485
500 0 9 0 32775 483
500 0 16 9 32775 466
500 0 51 18 32772 468
500 0 5 27 32771 457
500 0 2 36 32774 459
500 0 16 45 32774 443
500 0 63 63 32772 486
501 0 36 9 32774 431
501 0 51 18 32772 469
501 0 17 27 32775 471
501 0 2 36 32774 460
501 1 20 54 32774 464
501 0 63 63 32772 487
502 0 16 9 32775 467
502 0 51 18 32772 470
502 0 5 27 32771 458
502 0 63 63 32772 488
503 0 36 9 32774 432
503 0 51 18 32772 471
503 0 17 27 32775 472
503 0 1 45 32775 451
503 0 63 63 32772 489
504 0 16 9 32775 468
504 0 51 18 32772 472
504 0 5 27 32771 459
504 0 1 45 32775 452
504 0 63 63 32772 490
505 0 36 9 32774 433
505 0 51 18 32772 473
505 0 5 27 32771 460
505 0 1 45 32775 453
505 0 63 63 32772 496
506 0 16 9 32775 469
506 1 14 17 32776 469
506 0 51 18 32772 474
506 0 5 27 32771 461
506 0 1 45 32775 454
506 0 63 63 32772 497
507 0 36 9 32774 434
507 0 51 18 32772 475
507 0 5 27 32771 462
507 0 1 45 32775 455
508 0 16 9 32775 470
508 0 51 18 32772 476
508 0 34 27 32773 491
508 0 1 45 32775 456
509 0 36 9 32774 435
509 0 5 27 32771 463
509 0 1 45 32775 457
510 0 16 9 32775 471
510 0 34 27 32773 492
510 0 1 45 32775 458
511 0 36 9 32774 436
511 0 5 27 32771 464
511 0 1 45 32775 459
512 0 16 9 32775 472
512 0 34 27 32773 493
512 0 1 45 32775 460
512 0 44 63 32775 480
513 0 36 9 32774 437
513 0 8 27 32773 466
513 1 33 33 32772 506
513 0 15 36 32772 476
513 0 12 54 32771 471
513 0 44 63 32775 481
514 0 16 9 32775 473
514 0 34 27 32773 494
514 1 57 36 32773 477
514 0 12 54 32771 472
514 0 44 63 32775 482
515 0 36 9 32774 438
515 0 8 27 32773 467
515 0 15 36 32772 477
515 1 21 44 32776 488
515 0 57 45 32774 478
515 0 23 54 32776 483
515 0 44 63 32775 483
516 0 16 9 32775 474
516 0 34 27 32773 495
516 0 15 36 32772 478
516 0 57 45 32774 479
516 0 12 54 32771 473
516 0 44 63 32775 484
517 0 36 9 32774 439
517 0 40 18 32776 485
517 0 8 27 32773 468
517 0 15 36 32772 479
517 0 57 45 32774 480
517 0 23 54 32776 484
517 0 44 63 32775 485
518 0 9 9 32776 498
518 0 40 18 32776 486
518 0 34 27 32773 496
518 0 15 36 32772 480
518 0 57 45 32774 481
518 0 12 54 32771 474
518 0 44 63 32775 486
519 0 42 9 32775 452
519 0 40 18 32776 487
519 0 8 27 32773 469
519 0 15 36 32772 481
519 0 48 45 32773 482
519 0 23 54 32776 485
519 0 44 63 32775 487
520 0 9 9 32776 499
520 0 26 18 32776 508
520 0 34 27 32773 497
520 0 15 36 32772 482
520 0 57 45 32774 482
520 0 12 54 32771 475
520 0 44 63 32775 488
521 0 42 9 32775 453
521 0 40 18 32776 488
521 0 8 27 32773 470
521 0 15 36 32772 483
521 0 48 45 32773 483
521 0 23 54 32776 486
521 0 44 63 32775 489
522 0 9 9 32776 500
522 0 26 18 32776 509
522 0 34 27 32773 498
522 0 15 36 32772 484
522 0 57 45 32774 483
522 0 12 54 32771 476
523 0 42 9 32775 454
523 0 40 18 32776 489
523 0 8 27 32773 471
523 0 32 36 32774 496
523 0 48 45 32773 484
523 0 23 54 32776 487
524 0 9 9 32776 501
524 0 26 18 32776 510
524 0 34 27 32773 499
524 0 15 36 32772 485
524 0 57 45 32774 484
524 0 12 54 32771 477
525 0 42 9 32775 455
525 0 40 18 32776 490
525 0 8 27 32773 472
525 0 32 36 32774 497
525 0 48 45 32773 485
525 0 23 54 32776 488
526 0 9 9 32776 502
526 0 26 18 32776 511
526 0 34 27 32773 500
526 0 32 36 32774 498
526 1 36 44 32776 514
526 0 57 45 32774 485
526 0 12 54 32771 478
527 0 42 9 32775 456
527 0 40 18 32776 491
527 0 8 27 32773 473
527 0 32 36 32774 499
527 0 48 45 32773 486
527 0 23 54 32776 489
527 0 40 63 32775 475
528 0 9 9 32776 503
528 0 26 18 32776 512
528 0 8 27 32773 474
528 0 32 36 32774 500
528 0 57 45 32774 486
528 1 14 46 32777 500
528 0 12 54 32771 479
528 0 40 63 32775 476
529 0 42 9 32775 457
529 0 40 18 32776 492
529 0 43 27 32777 503
529 0 32 36 32774 501
529 0 48 45 32773 487
529 0 23 54 32776 490
529 0 56 63 32774 487
530 0 9 9 32776 504
530 1 5 17 32772 493
530 0 26 18 32776 513
530 0 8 27 32773 475
530 0 32 36 32774 502
530 0 57 45 32774 487
530 0 12 54 32771 480
530 0 40 63 32775 477
531 0 42 9 32775 458
531 0 40 18 32776 493
531 0 43 27 32777 504
531 0 32 36 32774 503
531 0 48 45 32773 488
531 0 23 54 32776 491
531 0 56 63 32774 488
532 0 9 9 32776 505
532 0 26 18 32776 514
532 0 43 27 32777 505
532 0 32 36 32774 504
532 0 48 45 32773 489
532 0 23 54 32776 492
532 1 37 55 32776 505
532 0 40 63 32775 478
533 0 42 9 32775 459
533 0 40 18 32776 494
533 0 43 27 32777 506
533 0 32 36 32774 505
533 0 57 45 32775 488
533 0 42 54 32777 486
533 0 56 63 32774 489
534 0 8 0 32774 522
534 0 9 9 32776 517
534 0 26 18 32776 515
534 0 43 27 32777 507
534 0 48 45 32773 490
534 0 42 54 32777 487
534 0 40 63 32775 479
535 0 8 0 32774 523
535 0 42 9 32775 460
535 0 26 18 32776 516
535 0 43 27 32777 508
535 0 57 45 32775 489
535 0 42 54 32777 488
535 0 56 63 32774 490
536 0 8 0 32774 524
536 0 9 9 32776 519
536 0 26 18 32776 517
536 0 19 27 32771 524
536 0 48 45 32773 491
536 0 42 54 32777 489
536 0 40 63 32775 480
537 0 8 0 32774 525
537 0 42 9 32775 461
537 1 60 20 32771 505
537 0 43 27 32777 509
537 0 57 45 32775 490
537 0 42 54 32777 490
537 0 56 63 32774 491
538 0 8 0 32774 526
538 0 42 9 32776 470
538 0 19 27 32771 525
538 0 57 45 32775 491
538 0 42 54 32777 491
538 0 40 63 32775 481
539 0 61 0 32771 472
539 0 42 9 32776 471
539 0 43 27 32777 510
539 0 57 45 32775 492
539 0 42 54 32777 492
539 0 56 63 32774 492
540 0 8 0 32774 527
540 0 21 9 32777 500
540 0 19 27 32771 526
540 0 57 45 32775 493
540 0 42 54 32777 493
540 0 40 63 32775 482
541 0 61 0 32771 473
541 0 42 9 32776 472
541 0 43 27 32777 511
541 1 26 39 32775 503
541 0 57 45 32775 494
541 0 42 54 32777 494
541 0 56 63 32774 493
542 0 8 0 32774 528
542 0 21 9 32777 501
542 0 19 27 32771 527
542 0 57 45 32775 495
542 0 21 54 32778 510
542 0 40 63 32775 483
543 0 61 0 32771 474
543 0 42 9 32776 473
543 0 43 27 32777 512
543 0 57 45 32775 496
543 0 42 54 32777 495
543 0 56 63 32774 494
544 0 8 0 32774 529
544 0 21 9 32777 502
544 0 19 27 32771 528
544 0 57 45 32775 497
544 0 21 54 32778 511
544 0 40 63 32775 484
545 0 61 0 32771 475
545 0 42 9 32776 474
545 1 19 27 32772 531
545 0 14 36 32778 513
545 0 21 54 32778 512
545 0 56 63 32774 495
546 0 8 0 32774 530
546 0 21 9 32777 503
546 0 19 27 32771 529
546 0 14 36 32778 514
546 0 21 54 32778 513
546 0 17 63 32776 476
547 0 61 0 32771 476
547 0 42 9 32776 475
547 0 19 27 32771 530
547 0 14 36 32778 515
547 0 24 54 32776 493
547 0 56 63 32774 496
548 0 8 0 32774 531
548 0 21 9 32777 504
548 0 39 18 32773 506
548 0 19 27 32771 532
548 0 14 36 32778 516
548 0 21 54 32778 514
548 0 17 63 32776 477
549 0 61 0 32771 477
549 0 42 9 32776 476
549 0 39 18 32773 507
549 0 19 27 32771 533
549 0 14 36 32778 517
549 0 24 54 32776 494
549 0 17 63 32776 478
550 0 0 0 32770 540
550 0 21 9 32777 505
550 0 39 18 32773 508
550 0 38 27 32776 523
550 0 14 36 32778 518
550 0 21 54 32778 515
550 0 49 63 32774 505
551 0 61 0 32771 478
551 1 52 8 32780 495
551 0 42 9 32776 477
551 0 39 18 32773 509
551 0 19 27 32771 534
551 0 14 36 32778 519
551 0 24 54 32776 495
551 0 17 63 32776 479
552 0 0 0 32770 541
552 0 21 9 32777 506
552 0 39 18 32773 510
552 0 38 27 32776 524
552 0 14 36 32778 520
552 0 21 54 32778 516
552 0 49 63 32774 506
553 0 61 0 32771 479
553 0 42 9 32776 478
553 0 39 18 32773 511
553 0 38 27 32776 525
553 0 14 36 32778 521
553 0 24 54 32776 496
553 0 17 63 32776 480
554 0 0 0 32770 542
554 0 21 9 32777 507
554 0 61 18 32772 507
554 0 38 27 32776 526
554 0 14 36 32778 522
554 0 21 54 32778 517
554 0 49 63 32774 507
555 0 61 0 32771 480
555 0 42 9 32776 479
555 0 39 18 32773 512
555 0 38 27 32776 527
555 0 24 54 32776 497
555 0 17 63 32776 481
556 0 0 0 32770 543
556 0 21 9 32777 508
556 0 61 18 32772 508
556 0 38 27 32776 528
556 1 56 46 32775 509
556 0 21 54 32778 518
556 1 20 56 32775 504
556 1 40 61 32777 514
556 0 49 63 32774 508
557 0 61 0 32771 481
557 0 21 9 32777 509
557 0 39 18 32773 513
557 0 38 27 32776 529
557 0 24 54 32776 498
557 0 17 63 32776 482
558 0 0 0 32770 544
558 0 38 9 32775 476
558 0 61 18 32772 509
558 0 38 27 32776 530
558 0 21 54 32778 519
558 0 49 63 32774 509
559 0 54 0 32777 486
559 0 38 9 32775 477
559 0 39 18 32773 514
559 0 38 27 32776 531
559 0 24 54 32776 499
559 0 17 63 32776 483
560 0 0 0 32770 545
560 0 59 9 32771 483
560 0 61 18 32772 510
560 0 38 27 32776 532
560 1 24 40 32777 543
560 0 52 54 32781 532
560 0 49 63 32774 510
561 0 54 0 32777 487
561 0 38 9 32775 478
561 0 39 18 32773 515
561 0 24 54 32776 500
561 0 17 63 32776 484
562 0 0 0 32770 546
562 0 59 9 32771 484
562 0 61 18 32772 511
562 0 14 27 32779 530
562 0 52 54 32781 533
562 0 49 63 32774 511
563 0 54 0 32777 488
563 0 38 9 32775 479
563 0 61 18 32772 512
563 0 14 27 32779 531
563 0 15 45 32773 526
563 0 24 54 32776 501
563 0 17 63 32776 485
564 0 0 0 32770 547
564 0 59 9 32771 485
564 0 61 18 32772 513
564 0 14 27 32779 532
564 0 15 45 32773 527
564 0 52 54 32781 534
564 0 49 63 32774 512
565 0 54 0 32777 489
565 0 38 9 32775 480
565 0 61 18 32772 514
565 0 14 27 32779 533
565 1 58 43 32773 543
565 0 15 45 32773 528
565 0 24 54 32776 502
565 0 49 63 32774 513
566 0 0 0 32770 549
566 0 59 9 32771 486
566 0 61 18 32772 515
566 0 14 27 32779 534
566 1 11 38 32775 529
566 0 15 45 32773 529
566 0 52 54 32781 535
566 0 17 63 32777 492
567 0 54 0 32777 490
567 0 38 9 32775 481
567 0 61 18 32772 516
567 0 14 27 32779 535
567 0 15 45 32773 530
567 0 49 63 32774 514
568 0 0 0 32770 551
568 0 59 9 32771 487
568 0 14 27 32779 536
568 0 6 36 32774 531
568 0 15 45 32773 531
568 0 52 54 32781 536
568 0 17 63 32777 493
569 0 54 0 32777 491
569 0 38 9 32775 482
569 0 14 27 32779 537
569 0 6 36 32774 532
569 0 15 45 32773 532
569 0 52 54 32781 537
569 0 17 63 32777 494
570 0 54 0 32777 492
570 0 59 9 32771 488
570 0 14 27 32779 538
570 0 6 36 32774 533
570 0 15 45 32773 533
570 0 51 54 32773 529
570 0 50 63 32773 516
571 0 54 0 32777 493
571 0 38 9 32775 483
571 0 6 36 32774 534
571 0 52 54 32781 538
571 0 17 63 32777 495
572 0 54 0 32777 494
572 0 59 9 32771 489
572 0 14 27 32779 539
572 0 6 36 32774 535
572 0 15 45 32773 534
572 0 51 54 32773 530
572 0 50 63 32773 517
573 0 54 0 32777 495
573 0 38 9 32775 484
573 0 6 36 32774 536
573 0 25 45 32774 536
573 0 52 54 32781 539
573 0 17 63 32777 496
574 0 59 9 32771 490
574 0 6 36 32774 537
574 0 15 45 32773 535
574 0 51 54 32773 531
574 0 50 63 32773 518
575 0 38 9 32775 485
575 0 20 27 32777 558
575 0 6 36 32774 538
575 0 25 45 32774 537
575 0 52 54 32781 541
575 0 17 63 32777 497
576 0 59 9 32771 491
576 0 55 18 32773 524
576 0 58 27 32772 544
576 0 6 36 32774 539
576 0 25 45 32774 538
576 0 51 54 32773 532
576 0 50 63 32773 519
577 0 9 9 32778 570
577 0 55 18 32773 525
577 0 20 27 32777 559
577 0 6 36 32774 540
577 0 25 45 32774 539
577 0 52 54 32781 543
577 0 17 63 32777 498
578 0 59 9 32771 492
578 0 55 18 32773 526
578 0 58 27 32772 545
578 0 25 45 32774 540
578 0 51 54 32773 533
578 0 50 63 32773 520
579 0 9 9 32778 571
579 0 55 18 32773 527
579 0 20 27 32777 560
579 0 34 36 32774 562
579 0 25 45 32774 541
579 0 51 54 32773 534
579 0 17 63 32777 499
580 0 17 9 32778 540
580 0 55 18 32773 528
580 0 58 27 32772 546
580 1 20 28 32778 568
580 0 51 36 32774 558
580 0 25 45 32774 542
580 0 50 63 32773 521
581 0 9 9 32778 572
581 0 55 18 32773 529
581 0 20 27 32777 561
581 0 34 36 32774 563
581 0 25 45 32774 543
581 0 51 54 32773 535
581 0 17 63 32777 500
582 0 17 9 32778 541
582 0 55 18 32773 530
582 0 58 27 32772 547
582 0 51 36 32774 559
582 0 25 45 32774 544
582 0 51 54 32773 536
582 0 50 63 32773 522
583 0 9 9 32778 573
583 0 15 18 32774 544
583 0 20 27 32777 562
583 0 34 36 32774 564
583 1 20 40 32776 541
583 0 33 45 32774 551
583 0 33 54 32773 541
583 0 17 63 32777 501
584 0 17 9 32778 542
584 0 55 18 32773 531
584 0 58 27 32772 548
584 0 51 36 32774 560
584 0 25 45 32774 545
584 0 51 54 32773 537
584 0 50 63 32773 523
585 0 9 9 32778 574
585 0 15 18 32774 545
585 0 20 27 32777 563
585 0 34 36 32774 565
585 0 33 45 32774 552
585 0 33 54 32773 542
585 0 50 63 32773 524
586 0 17 9 32778 543
586 0 55 18 32773 532
586 0 58 27 32772 549
586 0 51 36 32774 561
586 0 33 45 32774 553
586 0 51 54 32773 538
586 0 42 63 32778 532
587 0 9 9 32778 575
587 0 15 18 32774 546
587 0 20 27 32777 564
587 1 4 31 32779 550
587 0 34 36 32774 566
587 0 33 45 32774 554
587 0 33 54 32773 543
587 0 50 63 32773 525
588 0 17 9 32778 544
588 0 55 18 32773 533
588 0 58 27 32772 550
588 0 51 36 32774 562
588 0 33 45 32774 555
588 0 33 54 32773 544
588 0 42 63 32778 533
589 0 9 9 32778 576
589 0 15 18 32774 547
589 0 20 27 32777 565
589 0 33 45 32774 556
589 0 33 54 32773 545
589 0 42 63 32778 534
590 0 17 9 32778 545
590 0 15 18 32774 548
590 0 58 27 32772 551
590 0 34 36 32774 567
590 0 33 45 32774 557
590 0 33 54 32773 546
590 1 2 63 32775 508
591 0 9 9 32778 577
591 0 29 18 32769 562
591 1 9 20 32777 564
591 0 20 27 32777 566
591 0 51 36 32774 563
591 0 33 45 32774 558
591 0 33 54 32773 547
591 0 42 63 32778 535
592 0 17 9 32778 546
592 0 15 18 32774 549
592 0 58 27 32772 552
592 0 34 36 32774 568
592 0 33 45 32774 559
592 0 33 54 32773 548
592 0 42 63 32778 536
593 0 9 9 32778 578
593 0 29 18 32769 563
593 0 20 27 32777 567
593 0 51 36 32774 564
593 0 33 45 32774 560
593 0 33 54 32773 549
593 1 48 63 32774 524
594 1 18 7 32773 552
594 0 17 9 32778 547
594 0 15 18 32774 550
594 0 58 27 32772 553
594 0 34 36 32774 569
594 0 33 54 32773 550
594 0 42 63 32778 537
595 0 9 9 32778 579
595 0 29 18 32769 564
595 1 22 24 32775 553
595 1 50 27 32775 565
595 0 51 36 32774 565
595 1 38 56 32777 543
595 0 42 63 32778 538
596 0 17 9 32778 562
596 0 15 18 32774 551
596 0 34 36 32774 570
596 0 2 63 32776 515
597 0 9 9 32779 583
597 0 29 18 32769 565
597 0 51 36 32774 566
597 0 42 63 32778 539
598 0 17 9 32778 564
598 0 15 18 32774 552
598 0 34 36 32774 571
598 0 2 63 32776 516
599 0 39 0 32774 537
599 0 9 9 32779 584
599 0 29 18 32769 566
599 0 51 36 32774 567
599 0 42 63 32778 540
600 0 39 0 32774 538
600 0 4 9 32780 562
600 0 15 18 32774 553
600 0 55 27 32774 558
600 0 2 63 32776 517
601 0 39 0 32774 539
601 0 9 9 32779 585
601 0 29 18 32769 567
601 1 38 24 32778 559
601 0 55 27 32774 559
601 0 42 63 32778 541
602 0 39 0 32774 540
602 0 4 9 32780 563
602 0 29 18 32769 568
602 0 55 27 32774 560
602 0 2 63 32776 518
603 0 39 0 32774 541
603 0 9 9 32779 586
603 0 29 18 32769 569
603 0 55 27 32774 561
603 0 27 36 32774 586
603 0 2 63 32776 519
604 0 39 0 32774 542
604 0 4 9 32780 564
604 0 29 18 32769 570
604 0 55 27 32774 562
604 0 27 36 32774 587
604 0 2 63 32776 520
605 0 39 0 32774 543
605 0 9 9 32779 587
605 0 29 18 32769 571
605 0 55 27 32774 563
605 0 27 36 32774 588
605 0 13 45 32773 578
605 0 2 63 32776 521
606 0 39 0 32774 544
606 0 4 9 32780 565
606 0 43 18 32778 579
606 0 55 27 32774 564
606 0 27 36 32774 589
606 0 13 45 32773 579
606 0 2 63 32776 522
607 0 39 0 32774 545
607 0 9 9 32779 588
607 0 43 18 32778 580
607 0 55 27 32774 565
607 0 27 36 32774 590
607 0 13 45 32773 580
607 1 52 63 32782 580
608 0 39 0 32774 546
608 0 4 9 32780 566
608 0 43 18 32778 581
608 0 55 27 32774 566
608 0 27 36 32774 591
608 1 19 39 32773 571
608 0 13 45 32773 581
608 0 2 63 32776 523
609 0 9 9 32779 589
609 0 43 18 32778 582
609 0 55 27 32774 567
609 0 43 36 32779 592
609 0 13 45 32773 582
609 0 2 63 32776 524
610 0 4 9 32780 567
610 0 43 18 32778 583
610 0 27 36 32774 592
610 0 13 45 32773 583
611 0 60 0 32772 549
611 0 9 9 32779 590
611 0 43 18 32778 584
611 0 43 36 32779 593
611 0 13 45 32773 584
612 0 60 0 32772 550
612 0 4 9 32780 568
612 0 43 18 32778 585
612 0 27 36 32774 593
612 0 13 45 32773 585
613 0 60 0 32772 551
613 0 9 9 32779 596
613 0 43 18 32778 586
613 0 43 36 32779 594
613 0 13 45 32773 586
614 0 60 0 32772 552
614 0 4 9 32780 569
614 0 43 18 32778 587
614 0 27 36 32774 594
614 0 13 45 32773 587
614 1 57 52 32776 587
615 0 60 0 32772 553
615 0 9 9 32779 598
615 0 43 18 32778 588
615 0 43 36 32779 595
616 0 60 0 32772 554
616 0 4 9 32780 570
616 0 27 36 32774 595
617 0 60 0 32772 555
617 0 32 9 32775 506
617 0 35 27 32773 605
617 0 43 36 32779 596
618 0 60 0 32772 556
618 0 4 9 32780 571
618 0 35 27 32773 606
618 0 4 36 32782 582
619 0 60 0 32772 557
619 0 32 9 32775 507
619 0 35 27 32773 607
619 0 43 36 32779 597
619 1 32 63 32776 552
620 0 10 0 32772 598
620 0 58 9 32771 506
620 0 35 27 32773 608
620 0 4 36 32782 583
621 0 60 0 32772 558
621 0 32 9 32775 508
621 0 35 27 32773 609
621 0 43 36 32779 598
622 0 10 0 32772 599
622 0 58 9 32771 507
622 0 62 18 32777 570
622 0 35 27 32773 610
622 0 4 36 32782 584
622 0 33 54 32775 580
623 0 10 0 32772 600
623 0 32 9 32775 509
623 0 62 18 32777 571
623 0 35 27 32773 611
623 0 43 36 32779 599
623 0 33 54 32775 581
624 0 10 0 32772 601
624 0 58 9 32771 508
624 0 62 18 32777 572
624 0 35 27 32773 612
624 0 4 36 32782 585
624 0 33 54 32775 582
625 0 10 0 32772 602
625 0 32 9 32775 510
625 0 62 18 32777 573
625 0 35 27 32773 613
625 0 43 36 32779 600
625 0 33 54 32775 583
625 0 42 63 32779 583
626 0 10 0 32772 603
626 0 58 9 32771 509
626 0 62 18 32777 574
626 0 4 36 32782 586
626 0 33 54 32775 584
626 0 42 63 32779 584
627 0 40 0 32778 595
627 0 32 9 32775 511
627 0 62 18 32777 575
627 0 35 27 32773 614
627 0 43 36 32779 601
627 0 33 54 32775 585
627 0 42 63 32779 585
628 0 10 0 32772 604
628 0 58 9 32771 510
628 1 50 17 32774 564
628 0 26 18 32777 616
628 0 4 36 32782 587
628 0 42 63 32779 586
629 0 40 0 32778 596
629 0 32 9 32775 512
629 0 62 18 32777 576
629 0 4 36 32782 588
629 0 33 54 32775 586
629 0 4 63 32781 572
630 0 10 0 32772 605
630 0 58 9 32771 511
630 0 26 18 32777 617
630 0 4 36 32782 589
630 0 33 54 32775 587
630 0 42 63 32779 587
631 0 40 0 32778 597
631 0 32 9 32775 513
631 0 62 18 32777 577
631 0 7 27 32774 589
631 0 4 36 32782 590
631 0 33 54 32775 588
631 0 4 63 32781 573
632 0 10 0 32772 606
632 0 58 9 32771 512
632 0 26 18 32777 618
632 0 7 27 32774 590
632 0 4 36 32782 591
632 0 23 45 32777 600
632 0 33 54 32775 589
632 1 60 62 32774 615
632 0 42 63 32779 588
633 0 40 0 32778 598
633 0 32 9 32775 514
633 0 62 18 32777 578
633 0 7 27 32774 591
633 0 23 45 32777 601
633 1 29 62 32770 601
633 0 4 63 32781 574
634 0 10 0 32772 607
634 0 58 9 32771 513
634 0 26 18 32777 619
634 0 7 27 32774 592
634 0 23 45 32777 602
634 0 42 63 32779 589
635 0 40 0 32778 599
635 0 32 9 32775 515
635 0 62 18 32777 579
635 0 7 27 32774 593
635 0 23 45 32777 603
635 0 4 63 32781 575
636 0 40 0 32778 600
636 0 58 9 32771 514
636 1 47 11 32777 589
636 0 26 18 32777 620
636 0 7 27 32774 594
636 0 41 45 32775 609
636 0 42 63 32779 590
637 0 40 0 32778 601
637 0 58 9 32771 515
637 0 26 18 32777 621
637 0 7 27 32774 595
637 0 23 45 32777 604
637 0 4 63 32781 576
638 0 40 0 32778 602
638 0 48 9 32775 559
638 0 26 18 32777 622
638 0 7 27 32774 596
638 0 41 45 32775 610
638 0 42 63 32779 591
639 0 40 0 32778 604
639 0 48 9 32775 560
639 0 26 18 32777 623
639 0 7 27 32774 597
639 0 23 45 32777 605
639 0 4 63 32781 577
640 0 40 0 32778 605
640 0 48 9 32775 561
640 0 26 18 32777 624
640 0 7 27 32774 598
640 0 41 45 32775 611
640 0 58 54 32774 607
640 0 42 63 32779 592
641 0 52 9 32783 589
641 0 26 18 32777 625
641 0 23 45 32777 606
641 0 58 54 32774 608
641 0 4 63 32781 578
642 0 48 9 32775 562
642 0 41 45 32775 612
642 0 58 54 32774 609
642 0 4 63 32781 579
643 0 59 0 32772 586
643 1 5 5 32774 636
643 0 52 9 32783 590
643 0 23 45 32777 607
643 0 58 54 32774 610
643 0 42 63 32780 593
644 0 59 0 32772 587
644 0 48 9 32775 563
644 0 55 18 32775 592
644 1 40 35 32780 616
644 0 41 45 32775 613
644 0 58 54 32774 611
644 0 4 63 32781 580
645 0 59 0 32772 588
645 0 52 9 32783 591
645 0 55 18 32775 593
645 0 18 27 32774 628
645 0 23 45 32777 608
645 0 46 54 32777 633
645 0 42 63 32780 594
646 0 59 0 32772 589
646 0 48 9 32775 564
646 0 55 18 32775 594
646 0 18 27 32774 629
646 0 41 45 32775 614
646 0 58 54 32774 612
646 0 4 63 32781 581
647 0 59 0 32772 590
647 0 52 9 32783 592
647 0 55 18 32775 595
647 0 18 27 32774 630
647 0 23 45 32777 609
647 0 46 54 32777 634
647 1 53 60 32774 630
647 0 42 63 32780 595
648 0 59 0 32772 591
648 0 48 9 32775 565
648 0 55 18 32775 596
648 0 18 27 32774 631
648 0 41 45 32775 615
648 0 58 54 32774 613
648 0 42 63 32780 596
649 0 59 0 32772 592
649 0 52 9 32783 593
649 0 55 18 32775 597
649 0 18 27 32774 632
649 1 21 36 32779 627
649 1 40 45 32779 603
649 0 46 54 32777 635
649 1 29 59 32771 612
649 0 19 63 32774 597
650 0 59 0 32772 593
650 0 48 9 32775 566
650 0 55 18 32775 598
650 0 18 27 32774 633
650 0 41 45 32775 616
650 0 58 54 32774 614
650 0 42 63 32780 597
651 0 14 0 32780 609
651 0 52 9 32783 594
651 0 55 18 32775 599
651 0 18 27 32774 634
651 0 9 45 32780 599
651 0 46 54 32777 636
651 0 19 63 32774 598
652 0 59 0 32772 594
652 0 48 9 32775 567
652 0 55 18 32775 600
652 0 18 27 32774 635
652 1 33 38 32776 620
652 0 41 45 32775 617
652 0 58 54 32774 615
652 0 42 63 32780 598
653 0 14 0 32780 610
653 0 52 9 32783 595
653 0 60 18 32773 611
653 0 18 27 32774 636
653 0 9 45 32780 600
653 0 46 54 32777 637
653 0 19 63 32774 599
654 0 59 0 32772 595
654 0 48 9 32775 568
654 0 55 18 32775 601
654 0 18 27 32774 637
654 0 41 45 32775 618
654 0 58 54 32774 616
654 0 42 63 32780 599
655 0 14 0 32780 611
655 0 52 9 32783 596
655 0 60 18 32773 612
655 0 9 45 32780 601
655 0 46 54 32777 638
655 1 45 57 32773 618
655 0 19 63 32774 600
656 0 14 0 32780 612
656 0 52 9 32783 597
656 0 60 18 32773 613
656 0 9 45 32780 602
656 0 23 54 32778 619
656 0 42 63 32780 600
657 0 14 0 32780 613
657 0 56 9 32776 602
657 0 44 18 32776 624
657 0 5 27 32773 624
657 0 9 45 32780 603
657 0 46 54 32777 639
657 0 19 63 32774 601
658 0 14 0 32780 614
658 0 52 9 32783 598
658 0 60 18 32773 614
658 1 4 26 32783 626
658 0 30 27 32775 636
658 0 9 45 32780 604
658 0 23 54 32778 620
658 0 42 63 32780 601
659 0 45 0 32772 601
659 0 56 9 32776 603
659 0 44 18 32776 625
659 0 5 27 32773 625
659 0 9 45 32780 605
659 0 46 54 32777 640
659 0 19 63 32774 602
660 0 14 0 32780 615
660 0 56 9 32776 604
660 0 60 18 32773 616
660 0 30 27 32775 637
660 0 9 45 32780 606
660 0 23 54 32778 621
660 0 42 63 32780 602
661 0 45 0 32772 602
661 0 56 9 32776 605
661 0 44 18 32776 626
661 0 5 27 32773 626
661 0 9 45 32780 607
661 0 46 54 32777 641
661 0 19 63 32774 603
662 0 14 0 32780 616
662 0 56 9 32776 606
662 0 60 18 32773 617
662 0 30 27 32775 638
662 0 9 45 32780 608
662 0 23 54 32778 622
662 0 61 63 32773 638
663 0 45 0 32772 603
663 0 56 9 32776 607
663 0 44 18 32776 627
663 0 5 27 32773 627
663 1 62 43 32779 631
663 0 46 54 32777 642
663 0 19 63 32774 604
664 0 14 0 32780 617
664 0 56 9 32776 608
664 0 60 18 32773 618
664 0 30 27 32775 639
664 0 23 54 32778 623
664 0 61 63 32773 639
665 0 45 0 32772 604
665 0 56 9 32776 609
665 0 44 18 32776 628
665 0 5 27 32773 628
665 0 23 54 32778 624
665 1 24 55 32778 607
665 0 19 63 32774 605
666 0 14 0 32780 618
666 0 56 9 32776 610
666 1 32 14 32777 614
666 0 60 18 32773 619
666 0 30 27 32775 640
666 0 63 36 32773 628
666 0 23 54 32778 625
666 0 61 63 32773 640
667 0 45 0 32772 605
667 0 56 9 32776 611
667 0 44 18 32776 629
667 0 5 27 32773 629
667 0 63 36 32773 629
667 0 23 54 32778 626
667 0 19 63 32774 606
668 0 45 0 32772 606
668 0 60 18 32773 620
668 0 30 27 32775 641
668 0 63 36 32773 630
668 0 56 45 32777 626
668 0 23 54 32778 628
668 0 61 63 32773 641
669 0 45 0 32772 607
669 1 23 2 32779 627
669 0 44 18 32776 630
669 0 5 27 32773 630
669 0 63 36 32773 631
669 0 56 45 32777 627
669 0 23 54 32778 629
669 0 53 63 32775 638
670 0 45 0 32772 608
670 0 60 18 32773 621
670 0 30 27 32775 642
670 0 63 36 32773 632
670 0 56 45 32777 628
670 0 61 63 32773 642
671 0 45 0 32772 609
671 0 44 18 32776 631
671 0 5 27 32773 631
671 0 63 36 32773 633
671 0 56 45 32777 629
671 0 53 63 32775 639
672 0 45 0 32772 610
672 0 19 18 32775 654
672 0 30 27 32775 643
672 0 63 36 32773 634
672 0 0 45 32771 615
672 0 61 63 32773 643
673 0 44 18 32776 632
673 0 5 27 32773 632
673 0 63 36 32773 635
673 0 56 45 32777 630
673 0 53 63 32775 640
674 0 19 18 32775 655
674 0 30 27 32775 644
674 0 63 36 32773 636
674 0 0 45 32771 616
674 0 61 63 32773 644
675 1 0 13 32772 625
675 0 44 18 32776 633
675 0 5 27 32773 633
675 0 63 36 32773 637
675 0 56 45 32777 631
675 0 53 63 32775 641
676 0 49 9 32775 644
676 0 19 18 32775 656
676 0 30 27 32775 645
676 1 1 28 32776 625
676 0 0 45 32771 617
676 0 61 63 32773 645
677 0 49 9 32775 645
677 0 62 18 32778 614
677 0 56 45 32777 632
677 0 53 63 32775 642
678 0 49 9 32775 646
678 0 0 45 32771 618
678 0 61 63 32773 646
679 0 49 9 32775 647
679 0 19 18 32775 657
679 0 56 45 32777 633
679 0 53 63 32775 643
680 0 49 9 32775 648
680 0 62 18 32778 615
680 0 0 45 32771 619
680 1 4 50 32784 633
680 0 61 63 32773 647
681 0 49 9 32775 649
681 0 19 18 32775 658
681 0 33 36 32777 659
681 0 56 45 32777 634
681 0 53 63 32775 644
682 0 49 9 32775 650
682 0 62 18 32778 616
682 0 33 36 32777 660
682 1 25 37 32775 650
682 0 0 45 32771 620
682 0 52 63 32784 637
683 0 49 9 32775 651
683 0 19 18 32775 659
683 0 33 36 32777 661
683 0 56 45 32777 635
683 0 53 63 32775 645
684 0 42 9 32781 652
684 0 62 18 32778 617
684 0 23 36 32780 652
684 0 0 45 32771 621
684 0 52 63 32784 638
685 0 49 9 32775 652
685 0 19 18 32775 660
685 0 33 36 32777 662
685 0 24 45 32779 640
685 0 53 63 32775 646
686 0 42 9 32781 653
686 0 62 18 32778 618
686 0 23 36 32780 653
686 0 0 45 32771 622
686 0 52 63 32784 639
687 0 49 9 32775 653
687 0 19 18 32775 661
687 0 33 36 32777 663
687 0 24 45 32779 641
687 0 53 63 32775 647
688 0 42 9 32781 654
688 0 62 18 32778 619
688 1 21 34 32781 649
688 0 0 45 32771 623
688 0 52 63 32784 640
689 0 42 9 32781 655
689 0 19 18 32775 662
689 0 23 36 32780 654
689 0 24 45 32779 642
689 0 52 63 32784 641
690 0 42 9 32781 656
690 0 62 18 32778 620
690 0 33 36 32777 664
690 0 0 45 32771 624
690 0 14 63 32781 619
691 0 42 9 32781 657
691 0 19 18 32775 663
691 0 23 36 32780 655
691 0 24 45 32779 643
691 0 52 63 32784 642
692 0 42 9 32781 658
692 0 62 18 32778 621
692 0 24 45 32779 644
692 0 14 63 32781 620
693 0 42 9 32781 659
693 0 62 18 32778 622
693 0 33 36 32777 665
693 0 24 45 32779 645
693 0 52 63 32784 643
694 0 42 9 32781 660
694 0 62 18 32778 623
694 0 11 27 32777 677
694 0 23 36 32780 656
694 0 24 45 32779 646
694 0 14 63 32781 621
695 0 36 9 32777 658
695 0 11 27 32777 678
695 0 33 36 32777 666
695 0 24 45 32779 647
695 0 52 63 32784 644
696 1 34 4 32775 659
696 0 42 9 32781 661
696 0 11 27 32777 679
696 1 4 28 32785 674
696 0 23 36 32780 657
696 0 24 45 32779 648
696 0 14 63 32781 622
697 0 36 9 32777 659
697 0 11 27 32777 680
697 0 33 36 32777 667
697 0 24 45 32779 649
697 0 52 63 32784 645
698 0 36 9 32777 660
698 0 11 27 32777 681
698 0 23 36 32780 658
698 1 11 56 32776 646
698 0 14 63 32781 623
699 0 36 9 32777 661
699 0 11 27 32777 682
699 0 33 36 32777 668
699 0 52 63 32784 646
700 0 36 9 32777 662
700 0 28 18 32770 678
700 0 11 27 32777 683
700 0 23 36 32780 659
700 0 14 63 32781 624
701 0 36 9 32777 663
701 0 28 18 32770 679
701 0 11 27 32777 684
701 0 23 36 32780 660
701 0 14 63 32781 625
702 0 36 9 32777 664
702 0 28 18 32770 680
702 0 11 27 32777 685
702 0 23 36 32780 661
702 0 3 63 32777 615
703 0 44 9 32777 661
703 0 28 18 32770 681
703 0 11 27 32777 686
703 1 1 60 32777 636
703 0 14 63 32781 626
704 0 36 9 32777 665
704 0 28 18 32770 682
704 0 3 63 32777 616
705 0 44 9 32777 662
705 0 28 18 32770 683
705 0 33 36 32778 683
705 0 14 63 32781 627
706 0 36 9 32777 666
706 0 28 18 32770 684
706 0 33 36 32778 684
706 0 3 63 32777 617
707 0 44 9 32777 663
707 0 28 18 32770 685
707 1 35 30 32774 680
707 0 33 36 32778 685
707 0 14 63 32781 628
708 0 36 9 32777 667
708 0 28 18 32770 686
708 0 59 27 32773 681
708 0 33 36 32778 686
708 0 3 63 32777 618
709 0 44 9 32777 664
709 0 28 18 32770 687
709 0 59 27 32773 682
709 0 33 36 32778 687
709 0 3 63 32777 619
710 0 44 9 32777 665
710 0 60 27 32775 678
710 0 33 36 32778 688
710 0 20 63 32779 629
711 0 44 9 32777 666
711 0 59 27 32773 683
711 0 33 36 32778 689
711 0 3 63 32777 620
712 0 46 0 32778 650
712 0 44 9 32777 667
712 0 60 27 32775 679
712 0 33 36 32778 690
712 0 20 63 32779 630
713 0 46 0 32778 651
713 0 44 9 32777 668
713 0 59 27 32773 684
713 1 3 35 32779 686
713 0 33 36 32778 691
713 0 3 63 32777 621
714 0 46 0 32778 652
714 0 44 9 32777 669
714 0 60 27 32775 680
714 0 33 36 32778 692
714 0 20 63 32779 631
715 0 46 0 32778 653
715 0 44 9 32777 670
715 0 59 27 32773 685
715 0 3 63 32777 622
716 0 46 0 32778 654
716 0 60 27 32775 681
716 0 20 63 32779 632
717 0 46 0 32778 655
717 0 59 27 32773 686
717 0 3 63 32777 623
718 0 46 0 32778 656
718 0 60 27 32775 682
718 0 20 63 32779 633
719 0 46 0 32778 657
719 0 1 9 32779 707
719 0 59 27 32773 687
719 0 57 36 32777 682
719 0 3 63 32777 624
720 0 46 0 32778 658
720 0 54 9 32778 663
720 0 60 27 32775 683
720 0 57 36 32777 683
720 0 20 63 32779 634
721 0 46 0 32778 659
721 0 1 9 32779 708
721 0 59 27 32773 688
721 0 57 36 32777 684
721 0 20 63 32779 635
722 0 54 9 32778 664
722 0 37 18 32777 690
722 0 60 27 32775 684
722 0 57 36 32777 685
722 1 63 51 32774 690
722 0 3 63 32778 633
723 0 1 9 32779 709
723 0 37 18 32777 691
723 0 59 27 32773 689
723 0 57 36 32777 686
723 0 20 63 32779 636
724 0 54 9 32778 665
724 0 45 18 32774 687
724 0 60 27 32775 685
724 0 57 36 32777 687
724 0 3 63 32778 634
725 1 25 4 32776 688
725 0 1 9 32779 710
725 0 37 18 32777 692
725 0 59 27 32773 690
725 0 57 36 32777 688
725 0 20 63 32779 637
726 0 54 9 32778 666
726 0 45 18 32774 688
726 0 60 27 32775 686
726 0 57 36 32777 689
726 0 3 63 32778 635
727 0 1 9 32779 711
727 0 37 18 32777 693
727 0 60 27 32775 687
727 0 57 36 32777 690
727 0 20 63 32779 638
728 0 54 9 32778 667
728 0 45 18 32774 689
728 0 36 27 32778 700
728 0 57 36 32777 691
728 0 3 63 32778 636
729 0 1 9 32779 712
729 0 37 18 32777 694
729 0 36 27 32778 701
729 1 47 50 32778 692
729 0 3 63 32778 637
730 0 1 0 32780 718
730 0 54 9 32778 668
730 0 45 18 32774 690
730 0 37 27 32778 708
730 0 21 63 32780 637
731 0 1 0 32780 719
731 0 1 9 32779 713
731 0 37 18 32777 695
731 0 36 27 32778 702
731 1 27 39 32775 679
731 0 3 63 32778 638
732 0 1 0 32780 720
732 0 54 9 32778 669
732 0 45 18 32774 691
732 0 37 27 32778 709
732 0 21 63 32780 638
733 0 1 9 32779 714
733 0 37 18 32777 696
733 0 36 27 32778 703
733 0 3 63 32778 639
734 0 1 0 32780 721
734 0 54 9 32778 670
734 0 45 18 32774 692
734 0 37 27 32778 710
734 0 21 63 32780 639
735 0 1 9 32779 715
735 0 37 18 32777 697
735 0 36 27 32778 704
735 0 3 63 32778 640
736 0 1 0 32780 722
736 0 54 9 32778 671
736 0 45 18 32774 693
736 0 37 27 32778 711
736 0 21 63 32780 640
737 0 1 0 32780 723
737 0 1 9 32779 716
737 0 37 18 32777 698
737 0 36 27 32778 705
737 0 3 63 32778 641
738 0 17 0 32780 716
738 0 54 9 32778 672
738 0 45 18 32774 694
738 0 37 27 32778 712
738 0 21 63 32780 641
739 0 1 0 32780 724
739 0 3 9 32780 699
739 0 37 18 32777 699
739 0 36 27 32778 706
739 0 3 63 32778 642
740 0 17 0 32780 717
740 0 3 9 32780 700
740 0 45 18 32774 695
740 0 37 27 32778 713
740 0 21 63 32780 642
741 0 1 0 32780 725
741 0 3 9 32780 701
741 0 45 18 32774 696
741 0 36 27 32778 707
741 0 21 63 32780 643
742 0 17 0 32780 718
742 0 3 9 32780 702
742 1 20 12 32780 730
742 0 32 18 32778 711
742 0 37 27 32778 714
742 0 1 63 32778 639
743 0 1 0 32780 726
743 0 3 9 32780 703
743 0 32 18 32778 712
743 0 36 27 32778 708
743 0 21 63 32780 644
744 0 17 0 32780 719
744 0 3 9 32780 704
744 0 32 18 32778 713
744 0 37 27 32778 715
744 0 1 63 32778 640
745 0 1 0 32780 727
745 0 3 9 32780 705
745 0 19 18 32776 733
745 0 36 27 32778 709
745 0 21 63 32780 645
746 0 17 0 32780 720
746 0 3 9 32780 706
746 0 32 18 32778 714
746 0 37 27 32778 716
746 0 57 54 32778 709
746 0 1 63 32778 641
747 0 17 0 32780 721
747 0 3 9 32780 707
747 1 58 17 32775 710
747 0 19 18 32776 734
747 0 37 27 32778 717
747 0 57 54 32778 710
747 0 21 63 32780 646
748 0 17 0 32780 722
748 0 3 9 32780 708
748 0 32 18 32778 715
748 0 41 27 32776 691
748 0 17 45 32779 706
748 0 57 54 32778 711
748 0 1 63 32778 642
749 0 17 0 32780 723
749 0 19 18 32776 735
749 0 41 27 32776 692
749 0 17 45 32779 707
749 0 57 54 32778 712
749 0 1 63 32778 643
750 0 17 0 32780 724
750 0 32 18 32778 716
750 0 41 27 32776 693
750 0 17 45 32779 708
750 0 57 54 32778 713
750 0 8 63 32775 624
751 0 17 0 32780 725
751 0 19 18 32776 736
751 0 62 27 32780 678
751 0 17 45 32779 709
751 0 57 54 32778 714
751 0 1 63 32778 644
752 0 32 18 32778 717
752 0 41 27 32776 694
752 0 17 45 32779 710
752 0 57 54 32778 715
752 0 8 63 32775 625
753 0 19 18 32776 737
753 0 62 27 32780 679
753 0 17 45 32779 711
753 0 57 54 32778 716
753 0 1 63 32778 645
754 0 32 18 32778 718
754 0 41 27 32776 695
754 0 17 45 32779 712
754 0 57 54 32778 717
754 0 8 63 32775 626
755 0 54 0 32779 688
755 0 19 18 32776 738
755 0 62 27 32780 680
755 1 20 35 32781 731
755 0 17 45 32779 713
755 0 57 54 32778 718
755 0 1 63 32778 646
756 0 54 0 32779 689
756 0 32 18 32778 719
756 0 41 27 32776 696
756 0 17 45 32779 714
756 1 25 57 32777 729
756 0 8 63 32775 627
757 0 54 0 32779 690
757 0 19 18 32776 739
757 0 62 27 32780 681
757 0 17 45 32779 715
757 0 1 63 32778 647
758 0 54 0 32779 691
758 0 32 18 32778 720
758 0 41 27 32776 697
758 0 8 63 32775 628
759 0 54 0 32779 692
759 0 19 18 32776 740
759 0 62 27 32780 682
759 1 29 28 32772 747
759 0 2 45 32777 712
759 0 1 63 32778 648
760 0 54 0 32779 693
760 0 19 18 32776 741
760 0 41 27 32776 698
760 0 2 45 32777 713
760 0 8 63 32775 629
761 0 54 0 32779 694
761 0 19 18 32776 742
761 0 62 27 32780 683
761 0 2 45 32777 714
761 0 8 63 32775 630
762 0 54 0 32779 695
762 0 41 27 32776 699
762 0 2 45 32777 715
762 0 21 63 32782 694
763 0 54 0 32779 696
763 0 40 9 32781 731
763 0 62 27 32780 684
763 0 2 45 32777 716
763 0 8 63 32775 631
764 0 35 0 32776 722
764 0 40 9 32781 732
764 0 41 27 32776 700
764 0 2 45 32777 717
764 0 21 63 32782 695
765 0 54 0 32779 697
765 0 40 9 32781 733
765 0 62 27 32780 685
765 0 2 45 32777 718
765 0 8 63 32775 632
766 0 35 0 32776 723
766 0 40 9 32781 734
766 0 19 27 32777 747
766 0 2 45 32777 719
766 0 21 63 32782 696
767 0 35 0 32776 724
767 0 40 9 32781 735
767 0 62 27 32780 686
767 0 2 45 32777 720
767 0 8 63 32775 633
768 0 35 0 32776 725
768 0 38 9 32779 710
768 0 19 27 32777 748
768 0 2 45 32777 721
768 0 21 63 32782 697
769 0 35 0 32776 726
769 0 40 9 32781 736
769 0 62 27 32780 687
769 0 21 63 32782 698
770 0 35 0 32776 727
770 0 38 9 32779 711
770 1 43 16 32780 733
770 0 19 27 32777 749
770 0 35 63 32775 712
771 0 35 0 32776 728
771 0 40 9 32781 737
771 0 23 27 32781 735
771 0 21 63 32782 699
772 0 35 0 32776 729
772 0 38 9 32779 712
772 0 12 18 32772 750
772 0 19 27 32777 750
772 0 39 54 32775 750
772 0 35 63 32775 713
773 0 35 0 32776 730
773 0 40 9 32781 738
773 0 12 18 32772 751
773 0 23 27 32781 736
773 1 24 37 32780 736
773 0 39 54 32775 751
773 0 21 63 32782 700
774 0 35 0 32776 731
774 0 38 9 32779 713
774 0 12 18 32772 752
774 0 19 27 32777 751
774 0 39 54 32775 752
774 0 35 63 32775 714
775 0 40 9 32781 739
775 0 12 18 32772 753
775 0 23 27 32781 737
775 0 39 54 32775 753
775 0 21 63 32782 701
776 0 38 9 32779 714
776 0 12 18 32772 754
776 0 19 27 32777 752
776 0 39 54 32775 754
776 0 35 63 32775 715
777 0 40 9 32781 740
777 0 12 18 32772 755
777 0 23 27 32781 738
777 0 39 54 32775 755
777 0 21 63 32782 702
778 0 38 9 32779 715
778 0 12 18 32772 756
778 0 19 27 32777 753
778 0 39 54 32775 756
778 0 35 63 32775 716
779 0 51 0 32775 727
779 0 38 9 32779 716
779 0 12 18 32772 757
779 0 23 27 32781 739
779 0 39 54 32775 757
779 0 21 63 32782 703
780 0 51 0 32775 728
780 1 37 6 32779 748
780 0 60 9 32776 717
780 0 12 18 32772 758
780 0 19 27 32777 754
780 0 39 54 32775 758
780 0 35 63 32775 717
781 0 51 0 32775 729
781 0 38 9 32779 717
781 0 12 18 32772 759
781 0 23 27 32781 740
781 0 39 54 32775 759
781 0 35 63 32775 718
782 0 51 0 32775 730
782 0 60 9 32776 718
782 0 19 27 32777 755
782 1 38 37 32781 770
782 0 35 63 32775 719
783 0 51 0 32775 731
783 0 38 9 32779 718
783 0 46 18 32779 741
783 0 23 27 32781 741
783 0 35 63 32775 720
784 0 51 0 32775 732
784 0 60 9 32776 719
784 0 46 18 32779 742
784 0 19 27 32777 756
784 0 35 63 32775 721
785 0 51 0 32775 733
785 0 38 9 32779 719
785 0 46 18 32779 743
785 0 23 27 32781 742
785 0 6 36 32775 748
785 1 7 47 32776 753
786 0 51 0 32775 734
786 0 60 9 32776 720
786 0 46 18 32779 744
786 0 26 27 32778 749
786 0 6 36 32775 749
787 0 51 0 32775 735
787 0 60 9 32776 721
787 0 46 18 32779 745
787 0 6 36 32775 750
787 0 14 54 32782 755
788 0 51 0 32775 736
788 0 43 9 32781 751
788 0 9 18 32782 771
788 0 23 27 32781 743
788 0 6 36 32775 751
788 1 53 49 32776 761
788 0 14 54 32782 756
789 0 60 9 32776 722
789 0 46 18 32779 746
789 0 26 27 32778 750
789 0 6 36 32775 752
789 0 14 54 32782 757
790 0 43 9 32781 752
790 0 9 18 32782 772
790 0 23 27 32781 744
790 0 6 36 32775 753
790 0 14 54 32782 758
791 0 60 9 32776 723
791 0 46 18 32779 747
791 0 26 27 32778 751
791 0 6 36 32775 754
791 0 14 54 32782 759
792 0 43 9 32781 753
792 0 9 18 32782 773
792 1 33 27 32779 749
792 1 57 32 32779 765
792 0 6 36 32775 755
792 0 14 54 32782 760
793 0 60 9 32776 724
793 0 46 18 32779 748
793 0 26 27 32778 752
793 0 6 36 32775 756
793 0 14 54 32782 761
794 0 43 9 32781 754
794 0 9 18 32782 774
794 0 7 27 32775 737
794 0 29 36 32774 777
794 0 14 54 32782 762
795 0 60 9 32776 725
795 0 26 27 32778 753
795 0 6 36 32775 757
795 0 14 54 32782 763
795 1 46 59 32780 763
796 0 43 9 32781 755
796 0 46 18 32779 749
796 0 7 27 32775 738
796 0 29 36 32774 778
796 1 37 43 32782 774
796 0 14 54 32782 764
797 0 60 9 32776 726
797 0 9 18 32782 775
797 0 26 27 32778 754
797 0 29 36 32774 779
798 0 43 9 32781 756
798 0 46 18 32779 750
798 1 37 23 32781 771
798 0 7 27 32775 739
798 0 29 36 32774 780
798 0 32 63 32779 741
799 0 40 0 32783 767
799 0 43 9 32781 757
799 0 9 18 32782 776
799 1 49 23 32776 742
799 0 26 27 32778 755
799 0 29 36 32774 781
799 1 29 40 32773 757
799 0 28 63 32771 755
800 0 40 0 32783 768
800 0 34 9 32776 743
800 0 51 18 32776 763
800 0 7 27 32775 740
800 0 29 36 32774 782
800 0 32 63 32779 742
801 0 40 0 32783 769
801 0 43 9 32781 758
801 0 9 18 32782 777
801 0 26 27 32778 756
801 0 34 36 32778 781
801 0 28 63 32771 756
802 0 40 0 32783 770
802 1 9 5 32781 770
802 0 34 9 32776 744
802 0 51 18 32776 764
802 0 7 27 32775 741
802 0 29 36 32774 783
802 0 32 63 32779 743
803 0 40 0 32783 771
803 0 43 9 32781 759
803 0 9 18 32782 778
803 0 26 27 32778 757
803 0 34 36 32778 782
803 0 28 63 32771 757
804 0 40 0 32783 772
804 0 34 9 32776 745
804 0 51 18 32776 765
804 0 7 27 32775 742
804 0 29 36 32774 784
804 0 32 63 32779 744
805 0 40 0 32783 773
805 1 45 2 32775 748
805 0 43 9 32781 760
805 0 9 18 32782 779
805 0 26 27 32778 758
805 0 34 36 32778 783
805 0 28 63 32771 758
806 0 40 0 32783 774
806 0 34 9 32776 746
806 0 51 18 32776 766
806 0 7 27 32775 743
806 0 29 36 32774 785
806 0 32 63 32779 745
807 0 14 0 32783 765
807 0 34 9 32776 747
807 0 9 18 32782 780
807 0 37 27 32780 752
807 0 34 36 32778 784
807 1 12 46 32773 770
807 1 10 59 32773 748
807 0 28 63 32771 759
808 0 40 0 32783 775
808 0 38 9 32780 720
808 0 51 18 32776 767
808 0 7 27 32775 744
808 0 29 36 32774 786
808 0 34 54 32777 771
808 0 32 63 32779 746
809 0 14 0 32783 766
809 0 34 9 32776 748
809 0 51 18 32776 768
809 0 37 27 32780 753
809 0 34 36 32778 785
809 1 58 52 32776 787
809 0 34 54 32777 772
809 0 28 63 32771 760
810 0 40 0 32783 776
810 0 38 9 32780 721
810 0 51 18 32776 769
810 0 7 27 32775 745
810 0 34 36 32778 786
810 1 43 41 32782 793
810 0 34 54 32777 773
810 1 5 61 32775 768
810 0 32 63 32779 747
811 0 14 0 32783 767
811 0 34 9 32776 749
811 0 51 18 32776 770
811 0 37 27 32780 754
811 0 34 36 32778 787
811 0 34 54 32777 774
811 0 28 63 32771 761
812 0 14 0 32783 768
812 0 38 9 32780 722
812 0 51 18 32776 771
812 0 7 27 32775 746
812 0 61 36 32776 785
812 0 34 54 32777 775
812 0 32 63 32779 748
813 0 61 0 32774 741
813 0 34 9 32776 750
813 0 51 18 32776 772
813 0 37 27 32780 755
813 0 34 36 32778 788
813 0 34 54 32777 776
813 0 28 63 32771 762
814 0 14 0 32783 769
814 0 38 9 32780 723
814 0 37 27 32780 756
814 0 61 36 32776 786
814 0 34 54 32777 777
814 0 32 63 32779 749
815 0 61 0 32774 742
815 0 34 9 32776 751
815 1 11 26 32779 783
815 0 37 27 32780 757
815 0 34 36 32778 790
815 0 10 54 32774 760
815 0 28 63 32771 763
816 0 14 0 32783 770
816 0 38 9 32780 724
816 0 37 27 32780 758
816 0 61 36 32776 787
816 0 34 54 32777 778
816 0 32 63 32779 750
817 0 61 0 32774 743
817 0 34 9 32776 752
817 0 37 27 32780 759
817 0 34 36 32778 791
817 0 10 54 32774 761
817 0 28 63 32771 764
818 0 14 0 32783 771
818 0 38 9 32780 725
818 0 37 27 32780 760
818 0 61 36 32776 788
818 0 34 54 32777 779
819 0 61 0 32774 744
819 0 38 9 32780 726
819 0 37 27 32780 761
819 1 11 33 32780 786
819 0 30 36 32776 795
819 0 10 54 32774 762
820 0 14 0 32783 772
820 0 38 9 32780 727
820 0 61 36 32776 789
820 0 34 54 32777 780
820 1 1 63 32781 743
821 0 61 0 32774 745
821 0 38 9 32780 728
821 0 30 36 32776 796
821 0 10 54 32774 763
821 0 40 63 32782 750
822 0 14 0 32783 773
822 0 38 9 32780 729
822 0 61 36 32776 790
822 0 10 54 32774 764
822 0 40 63 32782 751
823 0 61 0 32774 746
823 0 30 36 32776 797
823 0 10 54 32774 765
823 0 40 63 32782 752
824 0 14 0 32783 774
824 1 1 9 32782 812
824 0 61 36 32776 791
824 0 10 54 32774 766
824 0 40 63 32782 753
825 0 61 0 32774 747
825 0 59 18 32774 788
825 1 27 30 32776 803
825 0 30 36 32776 798
825 0 10 54 32774 767
825 0 40 63 32782 754
826 0 61 0 32774 748
826 0 59 18 32774 789
826 0 61 36 32776 792
826 0 10 54 32774 768
826 0 40 63 32782 755
827 0 61 0 32775 751
827 0 59 18 32774 790
827 0 30 36 32776 799
827 0 10 54 32774 769
827 0 40 63 32782 756
828 0 61 0 32774 749
828 0 59 18 32774 791
828 0 61 36 32776 793
828 1 11 57 32778 780
828 0 40 63 32782 757
829 0 61 0 32775 752
829 0 59 18 32774 792
829 0 30 36 32776 800
829 0 40 63 32782 758
830 0 61 0 32774 750
830 0 59 18 32774 793
830 0 61 36 32776 794
830 1 29 47 32775 803
830 0 26 63 32779 778
831 0 61 0 32775 753
831 0 59 18 32774 794
831 0 30 36 32776 801
831 0 40 63 32782 759
832 0 61 0 32775 754
832 0 59 18 32774 795
832 0 54 36 32780 797
832 0 26 63 32779 779
833 0 61 0 32775 755
833 0 59 18 32774 796
833 0 30 36 32776 802
833 0 26 63 32779 780
834 0 14 0 32784 792
834 0 59 18 32774 797
834 0 54 36 32780 798
834 0 26 63 32779 781
835 0 61 0 32775 756
835 0 30 36 32776 803
835 0 26 63 32779 782
836 0 14 0 32784 793
836 0 54 36 32780 799
836 0 48 45 32776 799
836 0 26 63 32779 783
837 0 61 0 32775 757
837 0 30 36 32776 804
837 1 59 45 32775 809
837 0 26 63 32779 784
838 0 14 0 32784 794
838 0 54 36 32780 800
838 0 48 45 32776 800
838 0 26 63 32779 785
839 0 61 0 32775 758
839 0 5 36 32776 790
839 0 48 45 32776 801
839 0 26 63 32779 786
840 0 14 0 32784 795
840 1 47 15 32779 813
840 0 54 36 32780 801
840 0 48 45 32776 802
840 0 26 63 32779 787
841 0 61 0 32775 759
841 1 61 34 32777 804
841 0 5 36 32776 791
841 0 48 45 32776 803
842 0 14 0 32784 796
842 0 54 36 32780 802
842 0 48 45 32776 804
843 0 61 0 32775 760
843 0 5 36 32776 792
843 0 48 45 32776 805
844 0 14 0 32784 797
844 0 54 36 32780 803
844 0 48 45 32776 806
845 0 14 0 32784 798
845 0 5 36 32776 793
845 0 48 45 32776 807
845 0 38 54 32782 828
846 0 14 0 32784 799
846 0 54 36 32780 804
846 0 48 45 32776 808
846 0 38 54 32782 829
847 0 14 0 32784 800
847 0 5 36 32776 794
847 0 38 54 32782 830
848 0 14 0 32784 801
848 0 8 9 32776 836
848 0 54 36 32780 805
848 0 38 54 32782 831
849 0 8 9 32776 837
849 0 5 36 32776 795
849 1 34 53 32779 817
849 0 38 54 32782 832
850 0 8 9 32776 838
850 1 52 18 32785 813
850 0 54 36 32780 806
850 0 38 54 32782 833
851 0 8 9 32776 839
851 0 5 36 32776 796
851 0 38 54 32782 834
852 0 4 9 32786 825
852 0 27 36 32777 806
852 0 38 54 32782 835
853 0 8 9 32776 840
853 1 14 14 32785 846
853 0 5 36 32776 797
853 1 49 42 32777 836
853 0 38 54 32782 836
854 0 4 9 32786 826
854 0 27 36 32777 807
854 0 38 54 32782 837
855 0 8 9 32776 841
855 0 5 36 32776 798
855 0 11 63 32781 798
856 0 4 9 32786 827
856 0 27 36 32777 808
856 0 11 63 32781 799
857 0 8 9 32776 842
857 0 5 36 32776 799
857 0 6 54 32776 820
857 0 11 63 32781 800
858 0 4 9 32786 828
858 0 27 36 32777 809
858 0 6 54 32776 821
858 0 11 63 32781 801
859 0 8 9 32776 843
859 0 40 36 32784 798
859 0 6 54 32776 822
859 0 11 63 32781 802
860 0 4 9 32786 829
860 1 60 35 32777 833
860 0 27 36 32777 810
860 0 6 54 32776 823
860 0 11 63 32781 803
861 0 8 9 32776 844
861 0 2 18 32779 844
861 0 40 36 32784 799
861 0 6 54 32776 824
861 0 11 63 32781 804
862 0 4 9 32786 830
862 0 2 18 32779 845
862 0 54 27 32781 825
862 0 27 36 32777 811
862 0 56 54 32778 820
862 0 11 63 32781 805
863 0 8 9 32776 845
863 0 2 18 32779 846
863 0 54 27 32781 826
863 0 40 36 32784 800
863 0 6 54 32776 825
863 0 11 63 32781 806
864 0 4 9 32786 831
864 0 2 18 32779 847
864 0 54 27 32781 827
864 0 27 36 32777 812
864 0 56 54 32778 821
864 1 3 59 32781 822
864 0 11 63 32781 807
865 0 4 9 32786 832
865 0 2 18 32779 848
865 0 54 27 32781 828
865 0 40 36 32784 801
865 0 6 54 32776 826
866 0 4 9 32786 833
866 0 2 18 32779 849
866 0 54 27 32781 829
866 0 27 36 32777 813
866 0 56 54 32778 822
867 0 34 0 32780 830
867 0 4 9 32786 834
867 0 2 18 32779 850
867 0 54 27 32781 830
867 0 40 36 32784 802
867 0 6 54 32776 827
868 0 34 0 32780 831
868 0 2 18 32779 851
868 0 54 27 32781 831
868 0 27 36 32777 814
868 0 56 54 32778 823
869 0 34 0 32780 832
869 1 48 10 32778 827
869 0 2 18 32779 852
869 0 54 27 32781 832
869 0 40 36 32784 803
869 0 6 54 32776 828
870 0 34 0 32780 833
870 0 2 18 32779 853
870 0 54 27 32781 833
870 0 27 36 32777 815
870 0 56 54 32778 824
871 0 34 0 32780 834
871 0 54 27 32781 834
871 0 40 36 32784 804
871 0 6 54 32776 829
872 0 59 0 32776 814
872 0 0 36 32773 794
872 0 56 54 32778 825
873 0 34 0 32780 835
873 0 40 36 32784 805
873 0 56 54 32778 826
874 0 59 0 32776 815
874 0 0 36 32773 795
874 0 56 54 32778 827
875 0 34 0 32780 836
875 0 40 36 32784 806
875 0 56 54 32778 828
876 0 59 0 32776 816
876 0 0 36 32773 796
876 0 56 54 32778 829
877 0 34 0 32780 837
877 0 40 36 32784 807
878 0 59 0 32776 817
878 0 59 9 32777 831
878 0 8 27 32777 846
878 0 0 36 32773 797
878 0 49 54 32778 846
879 0 34 0 32780 838
879 0 58 9 32777 837
879 0 8 27 32777 847
879 0 48 36 32777 828
879 0 49 54 32778 847
880 0 59 0 32776 818
880 0 59 9 32777 832
880 0 8 27 32777 848
880 0 0 36 32773 798
880 0 49 54 32778 848
881 0 34 0 32780 839
881 0 58 9 32777 838
881 0 8 27 32777 849
881 0 48 36 32777 829
881 0 49 54 32778 849
882 0 59 0 32776 819
882 0 59 9 32777 833
882 0 8 27 32777 850
882 0 0 36 32773 799
882 0 49 54 32778 850
883 0 59 0 32776 820
883 0 58 9 32777 839
883 0 8 27 32777 851
883 0 48 36 32777 830
883 0 49 54 32778 851
884 0 59 0 32776 821
884 0 59 9 32777 834
884 0 8 27 32777 852
884 0 0 36 32773 800
884 0 49 54 32778 852
885 0 59 0 32776 822
885 0 58 9 32777 840
885 0 8 27 32777 853
885 0 48 36 32777 831
885 0 49 54 32778 853
886 0 59 0 32776 823
886 0 59 9 32777 835
886 0 8 27 32777 854
886 0 0 36 32773 801
886 1 5 53 32777 849
886 0 49 54 32778 854
887 0 58 9 32777 841
887 0 8 27 32777 855
887 0 48 36 32777 832
887 0 49 54 32778 855
888 0 59 9 32777 836
888 0 0 36 32773 802
889 0 58 9 32777 842
889 0 48 36 32777 833
890 0 59 9 32777 837
890 0 0 36 32773 803
891 0 58 9 32777 843
891 0 48 36 32777 834
891 1 22 46 32776 869
892 0 59 9 32777 838
892 0 19 36 32778 820
892 0 0 45 32774 835
893 0 58 9 32777 844
893 0 48 36 32777 835
893 0 0 45 32774 836
894 0 59 9 32777 839
894 0 19 36 32778 821
894 0 0 45 32774 837
895 0 58 9 32777 845
895 0 48 36 32777 836
895 0 0 45 32774 838
896 0 59 9 32777 840
896 0 19 36 32778 822
896 0 0 45 32774 839
897 0 58 9 32777 846
897 0 48 36 32777 837
897 0 0 45 32774 840
898 1 20 29 32782 875
898 0 19 36 32778 823
898 0 25 45 32778 861
899 0 19 9 32779 861
899 0 29 18 32776 872
899 0 2 36 32778 810
899 0 0 45 32774 841
900 0 11 0 32785 873
900 1 30 8 32777 853
900 0 43 9 32784 863
900 0 29 18 32776 873
900 0 19 36 32778 824
900 1 60 37 32779 873
900 0 25 45 32778 862
901 0 11 0 32785 874
901 0 19 9 32779 862
901 0 29 18 32776 874
901 0 2 36 32778 811
901 0 0 45 32774 842
902 0 11 0 32785 875
902 0 43 9 32784 864
902 0 29 18 32776 875
902 0 19 36 32778 825
902 0 25 45 32778 863
903 0 11 0 32785 876
903 0 19 9 32779 863
903 1 28 16 32772 871
903 0 29 18 32776 876
903 0 2 36 32778 812
903 0 0 45 32774 843
904 0 11 0 32785 877
904 0 43 9 32784 865
904 0 55 18 32776 852
904 0 19 36 32778 826
904 0 25 45 32778 864
905 0 11 0 32785 878
905 0 19 9 32779 864
905 0 29 18 32776 877
905 0 2 36 32778 813
905 0 0 45 32774 844
905 0 18 63 32775 827
906 0 11 0 32785 879
906 0 43 9 32784 866
906 0 55 18 32776 853
906 0 19 36 32778 827
906 0 25 45 32778 865
906 0 18 63 32775 828
907 0 11 0 32785 880
907 0 19 9 32779 865
907 0 29 18 32776 878
907 0 2 36 32778 814
907 0 25 45 32778 866
907 0 18 63 32775 829
908 0 11 0 32785 881
908 0 43 9 32784 867
908 0 55 18 32776 854
908 0 19 36 32778 828
908 0 23 45 32782 868
908 0 18 63 32775 830
909 0 63 0 32775 831
909 0 19 9 32779 866
909 0 29 18 32776 879
909 0 2 36 32778 815
909 0 25 45 32778 867
909 0 18 63 32775 831
910 0 11 0 32785 882
910 0 43 9 32784 868
910 0 55 18 32776 855
910 1 60 31 32778 868
910 0 19 36 32778 829
910 0 23 45 32782 869
910 0 18 63 32775 832
911 0 63 0 32775 832
911 0 19 9 32779 867
911 0 29 18 32776 880
911 0 2 36 32778 816
911 0 25 45 32778 868
911 0 18 63 32775 833
912 0 63 0 32775 833
912 0 43 9 32784 869
912 0 55 18 32776 856
912 0 2 36 32778 817
912 0 23 45 32782 870
912 0 18 63 32775 834
913 0 63 0 32775 834
913 0 19 9 32779 868
913 0 29 18 32776 881
913 0 28 36 32773 891
913 0 25 45 32778 869
913 1 51 62 32777 886
913 0 18 63 32775 835
914 0 63 0 32775 835
914 0 43 9 32784 870
914 0 55 18 32776 857
914 0 2 36 32778 818
914 0 23 45 32782 871
914 0 18 63 32775 836
915 0 63 0 32775 836
915 0 19 9 32779 869
915 1 0 18 32775 888
915 0 28 36 32773 892
915 0 25 45 32778 870
916 0 63 0 32775 837
916 0 43 9 32784 871
916 0 55 18 32776 858
916 0 2 36 32778 819
916 0 23 45 32782 872
917 0 63 0 32775 838
917 0 19 9 32779 870
917 0 55 18 32776 859
917 0 28 36 32773 893
917 0 59 45 32778 889
918 0 63 0 32775 839
918 0 43 9 32784 872
918 0 55 18 32776 860
918 0 28 36 32773 894
918 0 23 45 32782 873
919 0 63 0 32775 840
919 0 55 18 32776 861
919 0 24 36 32781 857
919 0 59 45 32778 890
919 1 11 48 32784 872
920 0 43 9 32783 853
920 1 35 33 32778 902
920 0 28 36 32773 895
920 0 23 45 32782 874
921 0 43 9 32783 854
921 0 24 36 32781 858
921 0 59 45 32778 891
922 0 63 9 32776 841
922 1 8 33 32778 895
922 0 28 36 32773 896
922 0 23 45 32782 875
923 0 22 0 32777 876
923 0 43 9 32783 855
923 0 24 36 32781 859
923 0 59 45 32778 892
924 0 22 0 32777 877
924 0 63 9 32776 842
924 0 28 36 32773 897
924 0 23 45 32782 876
924 0 44 63 32778 892
925 0 22 0 32777 878
925 0 43 9 32783 856
925 0 24 36 32781 860
925 0 59 45 32778 893
925 0 23 54 32783 893
925 0 44 63 32778 893
926 0 22 0 32777 879
926 0 63 9 32776 843
926 0 28 36 32773 898
926 0 23 45 32782 877
926 0 23 54 32783 894
926 0 44 63 32778 894
927 0 22 0 32777 880
927 0 43 9 32783 857
927 0 24 36 32781 861
927 0 59 45 32778 894
927 0 23 54 32783 895
927 0 44 63 32778 895
928 0 22 0 32777 881
928 0 63 9 32776 844
928 0 28 36 32773 899
928 0 59 45 32778 895
928 0 23 54 32783 896
928 0 44 63 32778 896
929 0 22 0 32777 882
929 0 43 9 32783 858
929 0 24 36 32781 862
929 0 59 45 32778 896
929 0 23 54 32783 897
929 0 44 63 32778 897
930 0 22 0 32777 883
930 0 63 9 32776 845
930 0 28 36 32773 900
930 1 37 43 32783 908
930 0 59 45 32778 897
930 0 23 54 32783 898
930 0 44 63 32778 898
931 0 22 0 32777 884
931 0 43 9 32783 859
931 0 24 36 32781 863
931 0 59 45 32778 898
931 0 23 54 32783 899
931 0 44 63 32778 899
932 0 22 0 32777 885
932 0 63 9 32776 846
932 1 39 22 32776 910
932 0 24 36 32781 864
932 0 23 54 32783 900
932 0 44 63 32778 900
933 0 35 0 32777 891
933 0 43 9 32783 860
933 0 11 36 32782 824
933 0 23 54 32783 901
933 0 44 63 32778 901
934 0 35 0 32777 892
934 0 63 9 32776 847
934 0 24 36 32781 865
934 0 23 54 32783 902
935 0 35 0 32777 893
935 0 43 9 32783 861
935 0 11 36 32782 825
936 0 35 0 32777 894
936 0 63 9 32776 848
936 0 24 36 32781 866
937 0 35 0 32777 895
937 0 43 9 32783 862
937 1 6 13 32777 920
937 1 29 16 32777 900
937 0 11 36 32782 826
937 0 44 54 32779 914
938 0 35 0 32777 896
938 0 63 9 32776 849
938 1 48 34 32779 911
938 0 42 36 32782 914
938 0 44 54 32779 915
939 0 35 0 32777 897
939 0 63 9 32776 850
939 0 44 54 32779 916
940 0 35 0 32777 898
940 0 62 9 32781 850
940 0 11 36 32782 827
940 0 44 54 32779 917
941 0 35 0 32777 899
941 0 62 9 32781 851
941 0 42 36 32782 915
941 0 44 54 32779 918
942 0 35 0 32777 900
942 0 30 9 32778 897
942 1 20 24 32783 910
942 0 11 36 32782 829
942 0 44 54 32779 919
942 0 61 63 32778 925
943 0 62 9 32781 852
943 0 42 36 32782 916
943 0 44 54 32779 920
943 0 61 63 32778 926
944 0 30 9 32778 898
944 0 11 36 32782 830
944 1 11 44 32783 828
944 0 44 54 32779 921
944 0 61 63 32778 927
945 1 1 2 32783 933
945 0 62 9 32781 853
945 0 42 36 32782 917
945 0 44 54 32779 922
945 0 61 63 32778 928
946 0 30 9 32778 899
946 0 11 36 32782 831
946 0 44 54 32779 923
946 0 61 63 32778 929
947 0 62 9 32781 854
947 0 32 18 32780 920
947 0 42 36 32782 918
947 0 46 45 32781 935
947 0 61 63 32778 930
948 0 30 9 32778 900
948 0 32 18 32780 921
948 0 10 27 32775 926
948 0 11 36 32782 832
948 0 41 45 32777 921
948 0 61 63 32778 931
949 0 62 9 32781 855
949 0 32 18 32780 922
949 0 9 27 32783 921
949 0 42 36 32782 919
949 0 46 45 32781 936
949 0 61 63 32778 932
950 0 30 9 32778 901
950 0 32 18 32780 923
950 0 10 27 32775 927
950 0 11 36 32782 833
950 0 41 45 32777 922
950 0 61 63 32778 933
951 0 62 9 32781 856
951 0 32 18 32780 924
951 0 9 27 32783 922
951 0 42 36 32782 920
951 0 46 45 32781 937
951 0 61 63 32778 934
952 0 30 9 32778 902
952 0 32 18 32780 925
952 0 10 27 32775 928
952 0 11 36 32782 834
952 0 41 45 32777 923
953 0 62 9 32781 857
953 1 22 16 32778 916
953 0 32 18 32780 926
953 0 9 27 32783 923
953 0 42 36 32782 921
953 0 46 45 32781 938
954 0 30 9 32778 903
954 0 32 18 32780 927
954 0 10 27 32775 929
954 0 4 36 32787 901
954 0 41 45 32777 924
955 0 62 9 32781 858
955 0 19 18 32780 943
955 0 9 27 32783 924
955 1 62 30 32783 928
955 0 42 36 32782 922
955 0 46 45 32781 939
956 0 30 9 32778 904
956 0 32 18 32780 928
956 0 10 27 32775 930
956 0 4 36 32787 902
956 0 41 45 32777 925
957 0 62 0 32782 885
957 0 62 9 32781 859
957 0 19 18 32780 944
957 0 9 27 32783 925
957 0 42 36 32782 923
957 0 46 45 32781 940
958 0 62 0 32782 886
958 0 30 9 32778 905
958 0 32 18 32780 929
958 0 10 27 32775 931
958 0 4 36 32787 903
958 0 41 45 32777 926
958 1 45 48 32776 921
958 0 55 54 32777 946
959 0 62 0 32782 887
959 0 30 9 32778 906
959 0 19 18 32780 945
959 0 9 27 32783 926
959 0 54 36 32782 922
959 0 46 45 32781 941
959 0 55 54 32777 947
960 0 62 0 32782 888
960 0 58 9 32778 872
960 1 17 18 32781 948
960 0 10 27 32775 932
960 0 4 36 32787 904
960 0 41 45 32777 927
960 0 55 54 32777 948
960 1 14 55 32786 923
961 0 62 0 32782 889
961 0 58 9 32778 873
961 0 19 18 32780 946
961 0 9 27 32783 927
961 0 54 36 32782 923
961 0 46 45 32781 942
961 0 55 54 32777 949
962 0 62 0 32782 890
962 0 58 9 32778 874
962 0 29 18 32778 934
962 0 10 27 32775 933
962 0 4 36 32787 905
962 0 41 45 32777 928
962 0 55 54 32777 950
962 0 61 63 32779 945
963 0 62 0 32782 891
963 0 58 9 32778 875
963 0 19 18 32780 947
963 0 9 27 32783 928
963 0 54 36 32782 924
963 0 46 45 32781 943
963 0 55 54 32777 951
963 0 61 63 32779 946
964 0 62 0 32782 892
964 0 58 9 32778 876
964 0 29 18 32778 935
964 0 10 27 32775 934
964 0 4 36 32787 906
964 0 41 45 32777 929
964 0 55 54 32777 952
964 0 61 63 32779 947
965 0 62 0 32782 893
965 0 58 9 32778 877
965 0 19 18 32780 948
965 0 9 27 32783 929
965 0 54 36 32782 925
965 0 46 45 32781 944
965 0 55 54 32777 953
965 1 2 55 32780 903
965 0 61 63 32779 948
966 0 62 0 32782 894
966 0 3 9 32782 944
966 0 29 18 32778 936
966 0 10 27 32775 935
966 0 4 36 32787 907
966 0 41 45 32777 930
966 0 55 54 32777 954
966 0 61 63 32779 949
967 0 58 9 32778 878
967 0 19 18 32780 949
967 0 9 27 32783 930
967 0 54 36 32782 926
967 0 32 45 32781 930
967 0 28 54 32774 935
967 0 61 63 32779 950
968 0 3 9 32782 945
968 0 29 18 32778 937
968 0 39 27 32777 918
968 0 4 36 32787 908
968 0 32 45 32781 931
968 0 55 54 32777 955
968 0 61 63 32779 951
969 0 58 9 32778 879
969 0 19 18 32780 950
969 0 16 27 32776 933
969 0 54 36 32782 927
969 0 32 45 32781 932
969 0 28 54 32774 936
969 0 61 63 32779 952
970 0 3 9 32782 946
970 0 29 18 32778 938
970 0 39 27 32777 919
970 0 4 36 32787 909
970 0 32 45 32781 933
970 0 28 54 32774 937
971 0 58 9 32778 889
971 0 19 18 32780 951
971 0 16 27 32776 934
971 0 54 36 32782 928
971 0 32 45 32781 934
971 0 28 54 32774 938
971 1 4 61 32788 924
971 0 61 63 32779 953
972 0 3 9 32782 947
972 0 29 18 32778 939
972 0 39 27 32777 920
972 0 4 36 32787 910
972 0 32 45 32781 935
972 0 28 54 32774 939
972 0 61 63 32779 954
973 0 58 9 32778 891
973 0 19 18 32780 952
973 0 16 27 32776 935
973 0 54 36 32782 929
973 0 32 45 32781 936
973 0 28 54 32774 940
974 0 3 9 32782 948
974 0 29 18 32778 940
974 0 39 27 32777 921
974 0 45 36 32777 947
974 0 32 45 32781 937
974 0 28 54 32774 941
975 0 3 9 32782 949
975 1 10 16 32777 953
975 0 19 18 32781 955
975 0 16 27 32776 936
975 0 54 36 32782 930
975 0 32 45 32781 938
975 0 28 54 32774 942
976 0 3 9 32782 950
976 0 29 18 32778 941
976 0 39 27 32777 922
976 0 45 36 32777 948
976 0 32 45 32781 939
976 0 59 54 32779 949
977 0 3 9 32782 951
977 0 19 18 32781 956
977 0 16 27 32776 937
977 0 54 36 32782 931
977 0 28 54 32774 943
978 0 28 9 32775 946
978 0 29 18 32778 943
978 0 39 27 32777 923
978 0 45 36 32777 949
978 1 10 48 32776 936
978 0 59 54 32779 950
979 0 3 9 32782 952
979 0 19 18 32781 957
979 0 16 27 32776 938
979 1 5 36 32778 921
979 0 28 54 32774 944
980 0 28 9 32775 947
980 0 29 18 32778 944
980 0 39 27 32777 924
980 0 45 36 32777 950
980 0 59 54 32779 951
981 0 3 9 32782 953
981 0 19 18 32781 958
981 0 16 27 32776 939
981 0 11 36 32786 934
981 1 29 42 32779 942
981 0 56 54 32779 936
982 1 39 7 32778 955
982 0 28 9 32775 948
982 1 35 18 32779 948
982 0 39 27 32777 925
982 0 45 36 32777 951
982 0 59 54 32779 952
983 0 28 9 32775 949
983 0 19 18 32781 959
983 0 16 27 32776 940
983 0 11 36 32786 935
983 1 8 41 32779 951
983 0 56 54 32779 937
984 0 40 9 32786 952
984 0 19 18 32781 960
984 1 49 26 32779 957
984 0 39 27 32777 926
984 0 45 36 32777 952
984 0 59 54 32779 953
985 0 28 9 32775 950
985 0 19 18 32781 961
985 0 16 27 32776 941
985 0 11 36 32786 936
985 0 56 54 32779 938
986 0 40 9 32786 953
986 0 43 18 32785 959
986 0 39 27 32777 927
986 0 45 36 32777 953
986 0 59 54 32779 954
987 0 28 9 32775 951
987 0 19 18 32781 962
987 0 16 27 32776 942
987 0 11 36 32786 937
987 0 56 54 32779 939
988 0 40 9 32786 954
988 0 43 18 32785 960
988 0 36 27 32779 941
988 0 45 36 32777 954
988 0 59 54 32779 955
989 0 28 9 32775 952
989 0 19 18 32781 963
989 1 18 20 32776 972
989 0 60 27 32780 933
989 0 11 36 32786 938
989 0 56 54 32779 940
990 0 40 9 32786 955
990 0 43 18 32785 961
990 0 36 27 32779 942
990 0 45 36 32777 955
990 0 59 54 32779 956
991 0 28 9 32775 953
991 0 19 18 32781 964
991 0 60 27 32780 934
991 0 11 36 32786 939
991 0 56 54 32779 941
992 0 40 9 32786 956
992 0 43 18 32785 962
992 0 36 27 32779 943
992 0 45 36 32777 956
992 0 59 54 32779 957
993 0 28 9 32775 954
993 0 60 27 32780 935
993 0 11 36 32786 940
993 0 56 54 32779 942
994 0 40 9 32786 957
994 0 10 18 32778 982
994 0 36 27 32779 944
994 0 40 36 32785 942
994 0 59 54 32779 958
995 0 28 9 32775 955
995 0 43 18 32785 963
995 0 60 27 32780 936
995 0 11 36 32786 941
995 0 56 54 32779 943
996 0 40 9 32786 958
996 0 10 18 32778 983
996 0 36 27 32779 945
996 0 40 36 32785 943
996 1 23 41 32784 940
996 0 56 54 32779 944
996 1 60 62 32782 979
997 0 40 9 32786 959
997 1 5 10 32780 970
997 0 43 18 32785 964
997 0 60 27 32780 937
997 0 11 36 32786 942
997 0 56 54 32779 945
997 0 32 63 32782 940
998 0 56 9 32780 946
998 1 48 10 32780 956
998 0 10 18 32778 984
998 0 36 27 32779 946
998 0 40 36 32785 944
998 0 32 63 32782 941
999 0 40 9 32786 960
999 0 43 18 32785 965
999 0 60 27 32780 938
999 0 11 36 32786 943
999 0 59 45 32782 970
999 1 5 63 32779 947
1000 0 56 9 32780 947
1000 1 60 15 32781 945
1000 0 10 18 32778 985
1000 0 36 27 32779 947
1000 0 40 36 32785 945
1000 0 59 45 32782 971
1000 0 32 63 32782 942
1001 0 40 9 32786 961
1001 0 43 18 32785 966
1001 0 60 27 32780 939
1001 0 22 36 32779 937
1001 0 36 45 32780 984
1001 0 32 63 32782 943
1002 0 56 9 32780 948
1002 0 10 18 32778 986
1002 0 36 27 32779 948
1002 0 40 36 32785 946
1002 0 59 45 32782 972
1002 0 32 63 32782 944
1003 0 56 9 32780 949
1003 0 43 18 32785 967
1003 0 60 27 32780 940
1003 0 22 36 32779 938
1003 0 36 45 32780 985
1003 0 32 63 32782 945
1004 0 56 9 32780 950
1004 0 10 18 32778 987
1004 0 36 27 32779 949
1004 0 40 36 32785 947
1004 0 59 45 32782 973
1004 0 7 63 32777 962
1005 0 63 9 32777 925
1005 0 43 18 32785 968
1005 0 60 27 32780 941
1005 0 22 36 32779 939
1005 0 36 45 32780 986
1005 0 32 63 32782 946
1006 0 56 9 32780 951
1006 0 10 18 32778 988
1006 0 36 27 32779 950
1006 0 40 36 32785 948
1006 0 59 45 32782 974
1006 0 7 63 32777 963
1007 0 63 9 32777 926
1007 0 53 18 32778 965
1007 0 60 27 32780 942
1007 0 22 36 32779 940
1007 0 36 45 32780 987
1007 1 58 54 32779 975
1007 0 32 63 32782 947
1008 0 53 0 32777 946
1008 0 56 9 32780 952
1008 0 10 18 32778 989
1008 0 22 27 32780 955
1008 0 40 36 32785 949
1008 0 59 45 32782 975
1008 0 7 63 32777 964
1009 0 53 0 32777 947
1009 0 63 9 32777 927
1009 0 53 18 32778 966
1009 0 59 27 32780 959
1009 0 22 36 32779 941
1009 0 36 45 32780 988
1009 0 32 63 32782 948
1010 0 3 0 32783 988
1010 0 56 9 32780 953
1010 0 10 18 32778 990
1010 0 22 27 32780 956
1010 0 40 36 32785 950
1010 0 59 45 32782 976
1010 0 7 63 32777 965
1011 0 53 0 32777 948
1011 0 63 9 32777 928
1011 0 53 18 32778 967
1011 0 59 27 32780 960
1011 0 22 36 32779 942
1011 0 36 45 32780 989
1011 0 32 63 32782 949
1012 0 3 0 32783 989
1012 0 56 9 32780 954
1012 0 10 18 32778 991
1012 0 22 27 32780 957
1012 0 40 36 32785 951
1012 0 59 45 32782 977
1012 0 7 63 32777 966
1013 0 53 0 32777 949
1013 0 63 9 32777 929
1013 0 53 18 32778 968
1013 0 59 27 32780 961
1013 0 22 36 32779 943
1013 0 36 45 32780 990
1013 0 7 63 32777 967
1014 0 3 0 32783 990
1014 0 56 9 32780 955
1014 0 42 18 32783 981
1014 0 22 27 32780 958
1014 0 40 36 32787 967
1014 0 59 45 32782 978
1014 0 9 63 32784 934
1015 0 53 0 32777 950
1015 0 63 9 32777 930
1015 0 53 18 32778 969
1015 0 59 27 32780 962
1015 0 22 36 32779 944
1015 0 36 45 32780 991
1015 0 5 54 32781 971
1015 0 7 63 32777 968
1016 0 3 0 32783 991
1016 0 63 9 32777 931
1016 0 42 18 32783 982
1016 0 22 27 32780 959
1016 0 40 36 32787 968
1016 0 59 45 32782 980
1016 0 5 54 32781 972
1016 0 9 63 32784 935
1017 0 53 0 32777 951
1017 0 63 9 32777 932
1017 0 53 18 32778 970
1017 0 59 27 32780 964
1017 0 22 36 32779 945
1017 0 36 45 32780 992
1017 0 5 54 32781 973
1017 0 7 63 32777 969
1018 0 3 0 32783 992
1018 0 63 9 32777 933
1018 0 42 18 32783 983
1018 0 22 27 32780 960
1018 0 40 36 32787 969
1018 0 15 45 32775 969
1018 0 5 54 32781 974
1018 0 9 63 32784 936
1019 0 53 0 32777 952
1019 0 63 9 32777 934
1019 1 34 14 32781 977
1019 0 53 18 32778 971
1019 0 59 27 32780 965
1019 0 22 36 32779 946
1019 0 36 45 32780 993
1019 0 5 54 32781 975
1019 0 7 63 32777 970
1020 0 3 0 32783 993
1020 1 59 11 32781 963
1020 0 42 18 32783 984
1020 1 38 21 32783 998
1020 0 22 27 32780 961
1020 0 40 36 32787 970
1020 0 15 45 32775 970
1020 0 5 54 32781 976
1020 0 9 63 32784 937
1021 0 53 0 32777 953
1021 0 53 18 32778 972
1021 0 59 27 32780 966
1021 0 41 36 32778 980
1021 0 15 45 32775 971
1021 0 5 54 32781 977
1021 0 7 63 32777 971
1022 0 3 0 32783 994
1022 0 41 9 32779 995
1022 0 42 18 32783 985
1022 0 22 27 32780 962
1022 0 40 36 32787 971
1022 1 26 38 32780 990
1022 0 30 45 32779 984
1022 0 5 54 32781 978
1022 0 9 63 32784 938
1023 0 53 0 32777 954
1023 0 41 9 32779 996
1023 0 53 18 32778 973
1023 0 59 27 32780 967
1023 0 41 36 32778 981
1023 0 15 45 32775 972
1023 1 6 47 32778 968
1023 0 5 54 32781 979
1023 0 9 63 32784 939
1024 0 3 0 32783 995
1024 0 41 9 32779 997
1024 0 42 18 32783 986
1024 0 22 27 32780 963
1024 0 40 36 32787 972
1024 0 30 45 32779 985
1024 0 5 54 32781 980
1024 0 9 63 32784 940
1025 0 53 0 32777 955
1025 0 41 9 32779 998
1025 0 53 18 32778 974
1025 0 59 27 32780 968
1025 0 41 36 32778 982
1025 1 17 44 32782 988
1025 0 15 45 32775 973
1025 0 13 63 32774 968
1026 0 3 0 32783 996
1026 0 41 9 32779 999
1026 0 42 18 32783 987
1026 0 22 27 32780 964
1026 0 40 36 32787 973
1026 0 30 45 32779 986
1026 0 9 63 32784 941
1027 0 18 0 32777 983
1027 0 41 9 32779 1000
1027 0 42 18 32783 988
1027 0 59 27 32780 969
1027 0 41 36 32778 983
1027 0 15 45 32775 974
1027 0 13 63 32774 969
1028 0 3 0 32783 997
1028 0 41 9 32779 1001
1028 0 42 18 32783 989
1028 0 14 27 32787 979
1028 0 40 36 32787 974
1028 0 30 45 32779 987
1028 0 9 63 32784 942
1029 0 18 0 32777 984
1029 0 41 9 32779 1002
1029 0 42 18 32783 990
1029 0 25 27 32779 1007
1029 0 41 36 32778 984
1029 0 15 45 32775 975
1029 0 13 63 32774 970
1030 0 18 0 32777 985
1030 0 41 9 32779 1003
1030 0 14 27 32787 980
1030 0 40 36 32787 975
1030 0 30 45 32779 988
1030 0 9 63 32784 943
1031 0 32 0 32784 1003
1031 0 41 9 32779 1004
1031 0 25 27 32779 1008
1031 0 41 36 32778 985
1031 0 15 45 32775 976
1031 0 13 63 32774 971
1032 0 18 0 32777 986
1032 1 27 17 32779 1010
1032 0 14 27 32787 981
1032 0 40 36 32787 976
1032 0 30 45 32779 989
1032 0 13 63 32774 972
1033 0 32 0 32784 1004
1033 0 25 27 32779 1009
1033 0 41 36 32778 986
1033 0 15 45 32775 977
1033 0 45 63 32778 1002
1034 0 18 0 32777 987
1034 0 14 27 32787 982
1034 0 41 36 32778 987
1034 0 30 45 32779 990
1034 0 13 63 32774 973
1035 0 32 0 32784 1005
1035 0 25 27 32779 1010
1035 0 41 36 32778 988
1035 0 15 45 32775 978
1035 0 27 54 32778 998
1035 0 45 63 32778 1003
1036 0 18 0 32777 988
1036 0 14 27 32787 983
1036 0 41 36 32778 989
1036 0 30 45 32779 991
1036 0 27 54 32778 999
1036 0 13 63 32774 974
1037 0 32 0 32784 1006
1037 0 25 27 32779 1011
1037 0 47 36 32781 1010
1037 0 30 45 32779 992
1037 0 45 63 32778 1004
1038 0 18 0 32777 989
1038 0 14 27 32787 984
1038 0 2 36 32783 1001
1038 0 27 54 32778 1000
1038 0 13 63 32774 975
1039 0 32 0 32784 1008
1039 0 25 27 32779 1012
1039 0 47 36 32781 1011
1039 0 30 45 32779 993
1039 0 27 54 32778 1001
1039 0 45 63 32778 1005
1040 0 18 0 32777 990
1040 0 14 27 32787 985
1040 0 2 36 32783 1002
1040 0 27 54 32778 1002
1040 0 13 63 32774 976
1041 0 32 0 32784 1009
1041 0 32 9 32786 1014
1041 0 25 27 32779 1013
1041 0 47 36 32781 1012
1041 0 2 45 32781 967
1041 0 27 54 32778 1003
1041 0 45 63 32778 1006
1042 0 18 0 32777 991
1042 0 32 9 32786 1015
1042 0 14 27 32787 986
1042 0 2 36 32783 1003
1042 0 18 45 32778 993
1042 0 27 54 32778 1004
1042 1 43 62 32786 1010
1042 0 13 63 32774 977
1043 0 32 0 32784 1010
1043 0 32 9 32786 1016
1043 0 25 27 32779 1014
1043 0 47 36 32781 1013
1043 0 2 45 32781 968
1043 1 32 53 32783 984
1043 0 27 54 32778 1005
1043 0 45 63 32778 1007
1044 0 18 0 32777 992
1044 0 32 9 32786 1017
1044 0 14 27 32787 987
1044 0 2 36 32783 1004
1044 0 18 45 32778 994
1044 0 27 54 32778 1006
1044 0 45 63 32778 1008
1045 0 32 0 32784 1011
1045 0 32 9 32786 1018
1045 0 25 27 32779 1015
1045 0 47 36 32781 1014
1045 0 2 45 32781 969
1045 0 27 54 32778 1007
1045 0 45 63 32778 1009
1046 0 7 0 32778 993
1046 0 32 9 32786 1019
1046 0 14 27 32787 988
1046 0 2 36 32783 1005
1046 0 18 45 32778 995
1046 0 45 63 32778 1010
1047 0 32 0 32784 1012
1047 0 32 9 32786 1020
1047 0 47 18 32780 1000
1047 0 25 27 32779 1016
1047 0 47 36 32781 1015
1047 0 2 45 32781 970
1047 0 45 63 32778 1011
1048 0 7 0 32778 994
1048 0 32 9 32786 1021
1048 0 47 18 32780 1001
1048 0 49 27 32780 977
1048 0 2 36 32783 1006
1048 0 18 45 32778 996
1049 0 32 0 32784 1013
1049 0 32 9 32786 1022
1049 0 6 18 32779 1012
1049 0 44 27 32780 1014
1049 0 47 36 32781 1016
1049 0 2 45 32781 971
1049 0 55 54 32779 1037
1050 0 7 0 32778 995
1050 0 43 9 32787 1011
1050 0 47 18 32780 1002
1050 0 49 27 32780 978
1050 0 2 36 32783 1007
1050 0 18 45 32778 997
1050 0 55 54 32779 1038
1051 0 31 0 32773 973
1051 0 32 9 32786 1023
1051 0 6 18 32779 1013
1051 0 44 27 32780 1015
1051 0 47 36 32781 1017
1051 1 62 37 32784 1023
1051 0 2 45 32781 972
1051 0 55 54 32779 1039
1052 0 7 0 32778 996
1052 0 43 9 32787 1012
1052 0 47 18 32780 1003
1052 0 49 27 32780 979
1052 0 2 36 32783 1008
1052 0 18 45 32778 998
1052 0 55 54 32779 1040
1053 0 31 0 32773 974
1053 0 43 9 32787 1013
1053 0 6 18 32779 1014
1053 0 44 27 32780 1016
1053 0 47 36 32781 1018
1053 0 2 45 32781 973
1053 0 55 54 32779 1041
1054 0 7 0 32778 997
1054 0 43 9 32787 1014
1054 0 47 18 32780 1004
1054 1 33 21 32780 1017
1054 0 49 27 32780 980
1054 0 2 36 32783 1009
1054 0 18 45 32778 999
1054 1 32 54 32785 1007
1054 0 53 63 32779 1032
1055 0 31 0 32773 975
1055 0 43 9 32787 1015
1055 0 6 18 32779 1015
1055 0 44 27 32780 1017
1055 0 47 36 32781 1019
1055 0 2 45 32781 974
1055 1 44 53 32782 1038
1055 0 55 54 32779 1042
1055 0 15 63 32776 1018
1056 0 7 0 32778 998
1056 0 43 9 32787 1016
1056 0 47 18 32780 1005
1056 0 49 27 32780 981
1056 0 2 36 32783 1010
1056 1 60 39 32783 1019
1056 0 18 45 32778 1000
1056 0 55 54 32779 1043
1056 0 53 63 32779 1033
1057 0 31 0 32773 976
1057 0 43 9 32787 1017
1057 0 6 18 32779 1016
1057 0 44 27 32780 1018
1057 0 10 36 32779 1009
1057 0 2 45 32781 975
1057 0 55 54 32779 1044
1057 0 15 63 32776 1019
1058 0 7 0 32778 999
1058 0 43 9 32787 1018
1058 0 47 18 32780 1006
1058 0 49 27 32780 982
1058 1 36 29 32781 1041
1058 0 34 36 32782 1025
1058 0 18 45 32778 1001
1058 0 55 54 32779 1045
1058 0 53 63 32779 1034
1059 0 31 0 32773 977
1059 0 43 9 32787 1019
1059 0 6 18 32779 1017
1059 0 44 27 32780 1019
1059 0 10 36 32779 1010
1059 0 2 45 32781 976
1059 0 55 54 32779 1046
1059 0 15 63 32776 1020
1060 0 7 0 32778 1000
1060 0 43 9 32787 1020
1060 0 47 18 32780 1007
1060 1 49 21 32781 1013
1060 0 49 27 32780 983
1060 0 34 36 32782 1026
1060 0 18 45 32778 1002
1060 1 50 57 32776 1043
1060 0 53 63 32779 1035
1061 0 31 0 32773 978
1061 0 6 18 32779 1019
1061 0 44 27 32780 1020
1061 0 10 36 32779 1011
1061 0 15 63 32776 1021
1062 0 7 0 32778 1001
1062 0 47 18 32780 1008
1062 0 49 27 32780 984
1062 0 34 36 32782 1027
1062 0 53 63 32779 1036
1063 0 31 0 32773 979
1063 0 6 18 32779 1020
1063 0 44 27 32780 1021
1063 0 10 36 32779 1012
1063 0 15 63 32776 1022
1064 0 7 0 32778 1002
1064 0 47 18 32780 1009
1064 0 49 27 32780 985
1064 0 34 36 32782 1028
1064 0 53 63 32779 1037
1065 0 31 0 32773 980
1065 0 6 18 32779 1021
1065 0 44 27 32780 1022
1065 0 10 36 32779 1013
1065 0 15 63 32776 1023
1066 0 31 0 32773 981
1066 0 4 18 32789 1024
1066 0 49 27 32780 986
1066 0 34 36 32782 1029
1066 0 53 63 32779 1038
1067 0 31 0 32773 982
1067 0 6 18 32779 1022
1067 0 44 27 32780 1023
1067 0 10 36 32779 1014
1067 0 15 63 32776 1024
1068 0 4 18 32789 1025
1068 0 14 27 32788 998
1068 0 34 36 32782 1030
1068 0 53 63 32779 1039
1069 0 17 18 32783 1057
1069 0 55 27 32778 1027
1069 0 10 36 32779 1015
1069 0 15 63 32776 1025
1070 0 4 18 32789 1026
1070 0 14 27 32788 999
1070 0 34 36 32782 1031
1070 1 14 45 32789 1038
1070 0 53 63 32779 1040
1071 0 17 18 32783 1058
1071 0 55 27 32778 1028
1071 0 10 36 32779 1016
1071 1 30 45 32780 1049
1071 0 10 54 32780 1019
1071 0 15 63 32776 1026
1072 0 4 18 32789 1027
1072 0 14 27 32788 1000
1072 0 34 36 32782 1032
1072 0 10 54 32780 1020
1072 0 53 63 32779 1041
1073 0 17 18 32783 1059
1073 0 55 27 32778 1029
1073 0 10 36 32779 1017
1073 0 10 54 32780 1021
1073 0 15 63 32776 1027
1074 0 4 18 32789 1028
1074 0 14 27 32788 1001
1074 0 34 36 32782 1033
1074 0 22 45 32781 1047
1074 0 10 54 32780 1022
1075 0 17 18 32783 1060
1075 0 55 27 32778 1030
1075 0 10 36 32779 1018
1075 0 22 45 32781 1048
1075 0 10 54 32780 1023
1075 0 2 63 32782 991
1076 0 34 9 32783 1049
1076 0 4 18 32789 1029
1076 0 14 27 32788 1002
1076 0 34 36 32782 1034
1076 0 60 45 32784 1054
1076 0 10 54 32780 1024
1076 0 2 63 32782 992
1077 0 34 9 32783 1050
1077 0 17 18 32783 1061
1077 0 55 27 32778 1031
1077 0 33 36 32781 1048
1077 0 22 45 32781 1049
1077 1 25 50 32782 1050
1077 0 10 54 32780 1025
1077 0 2 63 32782 993
1078 0 34 9 32783 1051
1078 0 4 18 32789 1030
1078 0 14 27 32788 1003
1078 0 25 36 32780 1025
1078 0 60 45 32784 1055
1078 0 10 54 32780 1026
1078 0 27 63 32780 1031
1079 0 34 9 32783 1052
1079 0 17 18 32783 1062
1079 0 55 27 32778 1032
1079 0 33 36 32781 1049
1079 0 22 45 32781 1050
1079 0 10 54 32780 1027
1079 0 2 63 32782 994
1080 0 34 9 32783 1053
1080 0 4 18 32789 1031
1080 0 14 27 32788 1004
1080 0 25 36 32780 1026
1080 0 60 45 32784 1056
1080 0 10 54 32780 1028
1080 0 27 63 32780 1032
1081 0 34 9 32783 1054
1081 0 17 18 32783 1063
1081 0 55 27 32778 1033
1081 0 22 45 32781 1051
1081 0 2 63 32782 995
1082 0 34 9 32783 1055
1082 0 4 18 32789 1032
1082 0 14 27 32788 1005
1082 0 33 36 32781 1050
1082 0 60 45 32784 1057
1082 0 27 63 32780 1033
1083 0 0 0 32778 1076
1083 0 34 9 32783 1056
1083 0 17 18 32783 1064
1083 0 55 27 32778 1034
1083 0 25 36 32780 1027
1083 0 22 45 32781 1052
1083 1 41 56 32780 1061
1083 0 2 63 32782 996
1084 0 0 0 32778 1077
1084 0 34 9 32783 1057
1084 0 4 18 32789 1033
1084 0 14 27 32788 1006
1084 0 33 36 32781 1051
1084 0 60 45 32784 1058
1084 0 27 63 32780 1034
1085 0 0 0 32778 1078
1085 0 34 9 32783 1058
1085 0 17 18 32783 1065
1085 0 55 27 32778 1035
1085 0 25 36 32780 1028
1085 0 22 45 32781 1053
1085 0 2 63 32782 997
1086 0 54 0 32783 1019
1086 0 61 9 32780 1029
1086 0 57 18 32780 1023
1086 0 14 27 32788 1007
1086 0 33 36 32781 1052
1086 0 60 45 32784 1059
1086 0 27 63 32780 1035
1087 0 0 0 32778 1079
1087 0 61 9 32780 1030
1087 0 17 18 32783 1066
1087 0 55 27 32778 1036
1087 1 12 34 32774 1055
1087 0 25 36 32780 1029
1087 0 22 45 32781 1054
1087 0 2 63 32782 998
1088 0 54 0 32783 1020
1088 0 61 9 32780 1031
1088 0 57 18 32780 1024
1088 0 3 27 32784 1058
1088 1 15 28 32777 1056
1088 0 33 36 32781 1053
1088 0 60 45 32784 1060
1088 0 27 63 32780 1036
1089 0 0 0 32778 1080
1089 0 61 9 32780 1032
1089 0 57 18 32780 1025
1089 0 44 27 32781 1024
1089 0 25 36 32780 1030
1089 0 22 45 32781 1055
1089 0 6 54 32781 1052
1089 0 2 63 32782 999
1090 0 54 0 32783 1021
1090 0 61 9 32780 1033
1090 0 57 18 32780 1026
1090 0 3 27 32784 1059
1090 0 33 36 32781 1054
1090 0 60 45 32784 1061
1090 0 6 54 32781 1053
1090 0 27 63 32780 1037
1091 0 0 0 32778 1081
1091 0 61 9 32780 1034
1091 0 23 18 32785 1059
1091 0 44 27 32781 1025
1091 0 25 36 32780 1031
1091 0 22 45 32781 1056
1091 0 6 54 32781 1054
1091 0 2 63 32782 1000
1092 0 54 0 32783 1022
1092 0 61 9 32780 1035
1092 0 57 18 32780 1027
1092 0 3 27 32784 1060
1092 0 33 36 32781 1055
1092 0 60 45 32784 1062
1092 0 6 54 32781 1055
1092 0 27 63 32780 1038
1093 0 0 0 32778 1082
1093 0 16 9 32777 1076
1093 0 23 18 32785 1060
1093 0 44 27 32781 1026
1093 0 25 36 32780 1032
1093 0 60 45 32784 1063
1093 0 6 54 32781 1056
1093 0 27 63 32780 1039
1094 0 54 0 32783 1023
1094 0 61 9 32780 1036
1094 0 57 18 32780 1028
1094 0 3 27 32784 1061
1094 0 33 36 32781 1056
1094 0 6 54 32781 1057
1094 1 38 63 32785 1065
1095 0 0 0 32778 1083
1095 0 16 9 32777 1077
1095 0 23 18 32785 1061
1095 0 44 27 32781 1027
1095 0 25 36 32780 1033
1095 0 6 54 32781 1058
1095 0 27 63 32780 1040
1096 0 54 0 32783 1024
1096 0 61 9 32780 1037
1096 0 57 18 32780 1029
1096 0 3 27 32784 1062
1096 0 33 36 32781 1057
1096 0 6 54 32781 1059
1097 0 0 0 32778 1084
1097 0 16 9 32777 1078
1097 0 23 18 32785 1062
1097 0 44 27 32781 1028
1097 0 25 36 32780 1034
1097 0 12 45 32775 1065
1097 0 6 54 32781 1060
1098 0 54 0 32783 1025
1098 0 61 9 32780 1038
1098 0 57 18 32780 1030
1098 0 3 27 32784 1063
1098 0 27 36 32781 1045
1098 0 35 45 32780 1069
1098 0 6 54 32781 1061
1099 0 0 0 32778 1085
1099 0 16 9 32777 1079
1099 0 23 18 32785 1063
1099 0 44 27 32781 1029
1099 0 27 36 32781 1046
1099 0 12 45 32775 1066
1099 0 44 54 32783 1077
1099 1 6 57 32780 1018
1100 0 54 0 32783 1026
1100 0 16 9 32777 1080
1100 1 25 13 32781 1047
1100 0 57 18 32780 1031
1100 0 3 27 32784 1064
1100 0 0 36 32776 1024
1100 0 35 45 32780 1070
1100 0 44 54 32783 1078
1101 0 13 0 32775 1057
1101 0 40 9 32788 1068
1101 0 23 18 32785 1064
1101 0 44 27 32781 1030
1101 0 27 36 32781 1047
1101 0 12 45 32775 1067
1101 0 44 54 32783 1079
1102 0 54 0 32783 1027
1102 0 16 9 32777 1081
1102 0 57 18 32780 1032
1102 0 3 27 32784 1065
1102 0 0 36 32776 1025
1102 0 35 45 32780 1071
1102 0 44 54 32783 1080
1103 0 13 0 32775 1058
1103 0 40 9 32788 1069
1103 0 23 18 32785 1065
1103 0 44 27 32781 1031
1103 0 27 36 32781 1048
1103 0 12 45 32775 1068
1103 0 44 54 32783 1081
1104 0 54 0 32783 1028
1104 0 16 9 32777 1082
1104 0 23 18 32785 1066
1104 1 55 22 32781 1072
1104 0 3 27 32784 1066
1104 0 0 36 32776 1026
1104 0 35 45 32780 1072
1104 0 44 54 32783 1082
1104 1 38 61 32786 1067
1105 0 13 0 32775 1059
1105 0 40 9 32788 1070
1105 0 30 18 32781 1065
1105 0 44 27 32781 1041
1105 0 27 36 32781 1049
1105 0 12 45 32775 1069
1105 0 44 54 32783 1083
1106 0 13 0 32775 1060
1106 0 16 9 32777 1083
1106 0 23 18 32785 1067
1106 0 3 27 32784 1067
1106 0 0 36 32776 1027
1106 1 51 42 32778 1089
1106 0 35 45 32780 1073
1106 0 44 54 32783 1084
1107 0 13 0 32775 1061
1107 0 40 9 32788 1071
1107 0 30 18 32781 1066
1107 0 44 27 32781 1042
1107 0 27 36 32781 1050
1107 0 12 45 32775 1070
1107 0 44 54 32783 1085
1108 0 13 0 32775 1062
1108 0 16 9 32777 1084
1108 0 23 18 32785 1068
1108 0 38 27 32784 1059
1108 0 0 36 32776 1028
1108 0 35 45 32780 1074
1108 0 44 54 32783 1086
1109 0 13 0 32775 1063
1109 0 40 9 32788 1072
1109 0 30 18 32781 1067
1109 0 11 27 32787 1055
1109 0 27 36 32781 1051
1109 0 12 45 32775 1071
1110 0 13 0 32775 1064
1110 0 16 9 32777 1085
1110 0 30 18 32781 1068
1110 0 38 27 32784 1060
1110 0 0 36 32776 1029
1110 0 35 45 32780 1075
1111 0 13 0 32775 1065
1111 0 40 9 32788 1073
1111 0 30 18 32781 1069
1111 0 11 27 32787 1056
1111 0 27 36 32781 1052
1111 0 12 45 32775 1072
1111 1 9 63 32785 1044
1112 0 13 0 32775 1066
1112 0 40 9 32788 1074
1112 0 52 18 32786 1075
1112 0 38 27 32784 1061
1112 0 0 36 32776 1030
1112 0 35 45 32780 1076
1113 0 40 9 32788 1075
1113 0 30 18 32781 1070
1113 0 11 27 32787 1057
1113 0 27 36 32781 1054
1113 0 12 45 32775 1073
1114 0 40 9 32788 1076
1114 0 52 18 32786 1076
1114 0 38 27 32784 1062
1114 0 0 36 32776 1031
1114 0 35 45 32780 1077
1115 0 55 9 32780 1053
1115 0 30 18 32781 1071
1115 0 11 27 32787 1058
1115 0 27 36 32781 1056
1115 0 12 45 32775 1074
1116 0 40 9 32788 1077
1116 0 52 18 32786 1077
1116 0 38 27 32784 1063
1116 0 0 36 32776 1032
1116 0 35 45 32780 1078
1117 0 55 9 32780 1054
1117 0 30 18 32781 1072
1117 0 11 27 32787 1059
1117 0 0 36 32776 1033
1118 0 55 9 32780 1055
1118 0 52 18 32786 1078
1118 0 38 27 32784 1064
1118 0 25 36 32783 1079
1119 0 55 9 32780 1056
1119 0 30 18 32781 1073
1119 0 11 27 32787 1060
1119 0 25 36 32783 1080
1119 0 7 63 32779 1077
1120 0 55 9 32780 1057
1120 0 52 18 32786 1079
1120 1 62 20 32785 1078
1120 0 38 27 32784 1066
1120 0 25 36 32783 1081
1120 0 7 63 32779 1078
1121 0 32 9 32789 1094
1121 0 30 18 32781 1074
1121 0 25 36 32783 1082
1121 0 7 63 32779 1079
1122 0 55 9 32780 1058
1122 0 52 18 32786 1080
1122 0 11 27 32787 1061
1122 0 25 36 32783 1083
1122 1 57 41 32781 1105
1122 0 7 63 32779 1080
1123 0 32 9 32789 1095
1123 0 10 18 32781 1101
1123 0 38 27 32784 1068
1123 0 25 36 32783 1084
1123 0 7 63 32779 1081
1124 0 55 9 32780 1059
1124 0 11 27 32787 1062
1124 0 25 36 32783 1085
1124 0 7 63 32779 1082
1125 0 32 9 32789 1096
1125 0 52 18 32786 1081
1125 0 38 27 32784 1069
1125 0 53 36 32780 1103
1125 0 0 63 32777 1048
1126 0 55 9 32780 1060
1126 0 10 18 32781 1102
1126 0 11 27 32787 1063
1126 0 25 36 32783 1086
1126 0 7 63 32779 1083
1127 0 32 9 32789 1097
1127 0 52 18 32786 1082
1127 0 38 27 32784 1070
1127 0 53 36 32780 1104
1127 0 0 63 32777 1049
1128 1 55 5 32782 1081
1128 0 55 9 32780 1061
1128 0 10 18 32781 1103
1128 0 11 27 32787 1064
1128 0 25 36 32783 1087
1128 0 7 63 32779 1084
1129 1 21 2 32783 1097
1129 0 32 9 32789 1098
1129 0 52 18 32786 1083
1129 0 45 27 32779 1042
1129 0 53 36 32780 1105
1129 0 0 63 32777 1050
1130 0 55 9 32780 1062
1130 0 10 18 32781 1104
1130 0 31 27 32774 1089
1130 0 25 36 32783 1088
1130 0 7 63 32779 1085
1131 0 32 9 32789 1099
1131 0 52 18 32786 1084
1131 0 45 27 32779 1043
1131 0 53 36 32780 1106
1131 0 0 63 32777 1051
1132 0 32 9 32789 1100
1132 0 10 18 32781 1105
1132 0 31 27 32774 1090
1132 1 44 36 32784 1114
1132 0 52 45 32787 1115
1132 0 32 54 32787 1075
1132 0 7 63 32779 1086
1133 0 32 9 32789 1101
1133 0 22 18 32782 1100
1133 1 34 26 32785 1121
1133 0 45 27 32779 1044
1133 0 53 36 32780 1107
1133 0 52 45 32787 1116
1133 0 32 54 32787 1076
1133 0 0 63 32777 1052
1134 1 40 2 32789 1091
1134 0 32 9 32789 1102
1134 0 10 18 32781 1106
1134 0 53 36 32780 1108
1134 0 52 45 32787 1117
1134 0 32 54 32787 1077
1134 0 0 63 32777 1053
1135 0 32 9 32789 1103
1135 0 22 18 32782 1101
1135 1 45 19 32780 1063
1135 0 31 27 32774 1091
1135 0 55 36 32783 1102
1135 0 52 45 32787 1118
1135 1 62 53 32787 1118
1135 0 32 54 32787 1078
1135 0 34 63 32784 1065
1136 0 10 18 32781 1107
1136 1 33 22 32782 1087
1136 0 45 27 32779 1045
1136 0 53 36 32780 1109
1136 0 52 45 32787 1119
1136 0 32 54 32787 1079
1136 0 0 63 32777 1054
1137 0 22 18 32782 1102
1137 0 31 27 32774 1092
1137 0 55 36 32783 1103
1137 0 52 45 32787 1120
1137 0 32 54 32787 1080
1137 0 34 63 32784 1066
1138 1 10 9 32782 1126
1138 0 10 18 32781 1108
1138 0 45 27 32779 1046
1138 0 53 36 32780 1110
1138 0 52 45 32787 1121
1138 0 32 54 32787 1081
1138 0 0 63 32777 1055
1139 0 49 9 32782 1107
1139 0 22 18 32782 1103
1139 0 55 36 32783 1104
1139 0 52 45 32787 1122
1139 0 32 54 32787 1082
1139 0 34 63 32784 1067
1140 0 49 9 32782 1108
1140 0 10 18 32781 1109
1140 0 31 27 32774 1093
1140 0 53 36 32780 1111
1140 0 52 45 32787 1123
1140 0 32 54 32787 1083
1140 0 0 63 32777 1056
1141 0 49 9 32782 1109
1141 0 22 18 32782 1104
1141 0 45 27 32779 1047
1141 0 55 36 32783 1105
1141 0 52 45 32787 1124
1141 0 32 54 32787 1084
1141 1 13 59 32776 1075
1141 0 34 63 32784 1068
1142 0 49 9 32782 1110
1142 0 10 18 32781 1110
1142 0 31 27 32774 1094
1142 0 53 36 32780 1112
1142 0 0 63 32777 1057
1143 0 49 9 32782 1111
1143 0 22 18 32782 1105
1143 0 45 27 32779 1048
1143 0 55 36 32783 1106
1143 0 34 63 32784 1069
1144 0 49 9 32782 1112
1144 0 22 18 32782 1106
1144 0 31 27 32774 1095
1144 0 55 36 32783 1107
1144 0 34 63 32784 1070
1145 0 11 0 32788 1118
1145 0 49 9 32782 1113
1145 0 22 18 32782 1107
1145 0 45 27 32779 1049
1145 0 55 36 32783 1108
1145 0 31 54 32775 1118
1145 0 6 63 32782 1088
1146 0 11 0 32788 1119
1146 0 49 9 32782 1114
1146 0 22 18 32782 1108
1146 0 31 27 32774 1096
1146 0 34 63 32784 1071
1147 0 11 0 32788 1120
1147 0 49 9 32782 1115
1147 0 22 18 32782 1109
1147 0 45 27 32779 1050
1147 0 55 36 32783 1109
1147 0 31 54 32775 1119
1147 0 6 63 32782 1089
1148 0 11 0 32788 1121
1148 0 49 9 32782 1116
1148 0 31 27 32774 1097
1148 0 55 36 32783 1110
1148 0 31 54 32775 1120
1148 0 34 63 32784 1072
1149 0 11 0 32788 1122
1149 0 45 27 32779 1051
1149 0 55 36 32783 1111
1149 0 31 54 32775 1121
1149 0 6 63 32782 1090
1150 0 11 0 32788 1123
1150 0 8 18 32780 1128
1150 0 31 27 32774 1098
1150 0 31 54 32775 1122
1150 0 34 63 32784 1073
1151 0 11 0 32788 1124
1151 0 47 9 32782 1093
1151 0 8 18 32780 1129
1151 0 6 27 32783 1105
1151 1 56 28 32781 1104
1151 0 31 54 32775 1123
1151 1 32 62 32788 1089
1151 0 6 63 32782 1091
1152 0 11 0 32788 1125
1152 0 47 9 32782 1094
1152 0 8 18 32780 1130
1152 0 59 27 32783 1114
1152 0 31 54 32775 1124
1152 0 34 63 32784 1074
1153 0 11 0 32788 1126
1153 0 47 9 32782 1095
1153 0 8 18 32780 1131
1153 0 6 27 32783 1106
1153 0 31 54 32775 1125
1153 0 6 63 32782 1092
1154 0 11 0 32788 1127
1154 0 47 9 32782 1096
1154 0 8 18 32780 1132
1154 0 59 27 32783 1115
1154 0 31 54 32775 1126
1154 0 6 63 32782 1093
1155 0 47 9 32782 1097
1155 0 8 18 32780 1133
1155 0 6 27 32783 1107
1155 0 31 54 32775 1127
1155 0 6 63 32782 1094
1156 0 47 9 32782 1098
1156 0 8 18 32780 1134
1156 0 59 27 32783 1116
1156 0 6 63 32782 1095
1157 0 47 9 32782 1099
1157 0 8 18 32780 1135
1157 0 6 27 32783 1108
1157 1 53 41 32781 1125
1157 0 6 63 32782 1096
1158 0 47 9 32782 1100
1158 0 8 18 32780 1136
1158 0 59 27 32783 1117
1158 0 7 36 32780 1116
1158 0 6 63 32782 1097
1159 0 30 9 32782 1117
1159 0 8 18 32780 1137
1159 0 6 27 32783 1109
1159 0 45 36 32781 1141
1160 0 47 9 32782 1101
1160 0 59 27 32783 1118
1160 1 23 29 32786 1138
1160 0 7 36 32780 1117
1160 1 56 46 32782 1113
1161 0 30 9 32782 1118
1161 0 6 27 32783 1110
1161 0 45 36 32781 1142
1162 0 47 9 32782 1102
1162 0 59 27 32783 1119
1162 0 7 36 32780 1118
1163 0 30 9 32782 1119
1163 0 19 18 32782 1151
1163 0 6 27 32783 1111
1163 0 45 36 32781 1143
1164 0 30 9 32782 1120
1164 0 52 18 32788 1126
1164 0 59 27 32783 1120
1164 0 7 36 32780 1119
1164 1 28 57 32776 1122
1165 0 30 9 32782 1121
1165 0 19 18 32782 1152
1165 0 6 27 32783 1112
1165 0 45 36 32781 1144
1166 0 30 9 32782 1122
1166 1 11 17 32789 1144
1166 0 52 18 32788 1127
1166 0 59 27 32783 1121
1166 0 7 36 32780 1120
1167 0 30 9 32782 1123
1167 0 19 18 32782 1153
1167 0 6 27 32783 1113
1167 0 45 36 32781 1145
1168 0 30 9 32782 1124
1168 0 52 18 32788 1128
1168 0 59 27 32783 1122
1168 0 7 36 32780 1121
1169 1 10 1 32784 1151
1169 0 30 9 32782 1125
1169 1 16 16 32778 1162
1169 0 19 18 32782 1154
1169 0 6 27 32783 1114
1169 0 45 36 32781 1146
1170 0 30 9 32782 1126
1170 0 52 18 32788 1129
1170 0 59 27 32783 1123
1170 0 7 36 32780 1122
1171 0 19 18 32782 1155
1171 0 62 27 32786 1103
1171 0 45 36 32781 1147
1171 0 47 63 32783 1154
1172 0 52 18 32788 1130
1172 0 62 27 32786 1104
1172 0 7 36 32780 1123
1172 0 47 63 32783 1155
1173 0 19 18 32782 1156
1173 0 62 27 32786 1105
1173 0 45 36 32781 1148
1173 0 47 63 32783 1156
1174 0 52 18 32788 1131
1174 0 62 27 32786 1106
1174 0 7 36 32780 1124
1174 0 47 63 32783 1157
1175 0 19 18 32782 1157
1175 0 62 27 32786 1107
1175 0 45 36 32781 1149
1175 0 47 63 32783 1158
1176 0 52 18 32788 1132
1176 0 33 27 32783 1154
1176 0 7 36 32780 1125
1176 0 47 63 32783 1159
1177 0 19 18 32782 1158
1177 0 62 27 32786 1108
1177 0 45 36 32781 1150
1177 0 47 63 32783 1160
1178 0 52 18 32788 1133
1178 0 33 27 32783 1155
1178 0 10 36 32783 1128
1178 0 47 63 32783 1161
1179 0 19 18 32782 1159
1179 0 62 27 32786 1109
1179 0 7 36 32781 1135
1179 0 47 63 32783 1162
1180 0 52 18 32788 1134
1180 0 33 27 32783 1156
1180 0 10 36 32783 1129
1180 0 47 63 32783 1163
1181 0 19 18 32782 1160
1181 0 62 27 32786 1110
1181 1 43 32 32788 1154
1181 0 7 36 32781 1136
1182 0 52 18 32788 1135
1182 0 33 27 32783 1157
1182 0 10 36 32783 1130
1183 0 31 18 32776 1133
1183 0 62 27 32786 1111
1183 0 7 36 32781 1137
1184 0 31 18 32776 1134
1184 0 33 27 32783 1158
1184 0 10 36 32783 1131
1185 0 31 18 32776 1135
1185 0 62 27 32786 1112
1185 0 7 36 32781 1138
1186 0 31 18 32776 1136
1186 0 33 27 32783 1159
1186 0 10 36 32783 1132
1187 0 31 18 32776 1137
1187 0 33 27 32783 1160
1187 0 7 36 32781 1139
1188 0 31 18 32776 1138
1188 0 10 36 32783 1133
1189 0 31 18 32776 1139
1189 0 33 27 32783 1161
1189 0 7 36 32781 1140
1189 0 5 45 32782 1157
1190 0 31 18 32776 1140
1190 1 29 23 32781 1168
1190 0 33 27 32783 1162
1190 0 10 36 32783 1134
1190 0 5 45 32782 1158
1191 0 31 18 32776 1141
1191 0 33 27 32783 1163
1191 0 7 36 32781 1141
1191 0 5 45 32782 1159
1192 1 6 4 32784 1175
1192 0 58 9 32780 1150
1192 0 31 18 32776 1142
1192 0 27 27 32782 1185
1192 0 10 36 32783 1135
1192 0 38 45 32787 1175
1193 0 58 9 32780 1151
1193 0 27 27 32782 1186
1193 0 7 36 32781 1142
1193 0 5 45 32782 1160
1194 0 58 9 32780 1152
1194 1 29 25 32780 1155
1194 0 27 27 32782 1187
1194 0 10 36 32783 1136
1194 0 38 45 32787 1176
1195 0 58 9 32780 1153
1195 0 27 27 32782 1188
1195 0 7 36 32781 1143
1195 0 5 45 32782 1161
1196 0 58 9 32780 1154
1196 0 27 27 32782 1189
1196 1 3 29 32785 1164
1196 0 10 36 32783 1137
1196 0 38 45 32787 1177
1197 0 58 9 32780 1155
1197 0 27 27 32782 1190
1197 0 7 36 32781 1144
1197 0 5 45 32782 1162
1198 0 58 9 32780 1156
1198 0 27 27 32782 1191
1198 0 45 36 32782 1163
1198 0 38 45 32787 1178
1199 0 58 9 32780 1157
1199 0 27 27 32782 1192
1199 0 15 36 32778 1144
1199 0 5 45 32782 1163
1200 0 58 9 32780 1158
1200 0 27 27 32782 1193
1200 0 45 36 32782 1164
1200 0 38 45 32787 1179
1201 0 58 9 32780 1159
1201 1 24 26 32782 1184
1201 0 27 27 32782 1194
1201 1 57 33 32783 1179
1201 0 15 36 32778 1145
1201 0 5 45 32782 1164
1202 0 45 36 32782 1165
1202 0 38 45 32787 1180
1203 1 39 3 32779 1156
1203 0 15 36 32778 1146
1203 0 5 45 32782 1165
1204 0 45 36 32782 1166
1204 0 38 45 32787 1181
1205 1 52 31 32789 1168
1205 0 15 36 32778 1147
1205 0 5 45 32782 1166
1206 0 45 36 32782 1167
1206 0 38 45 32787 1182
1207 0 62 9 32788 1145
1207 0 15 36 32778 1148
1207 0 44 45 32785 1180
1208 0 62 9 32788 1146
1208 1 35 11 32781 1186
1208 0 45 36 32782 1168
1208 0 38 45 32787 1183
1209 0 62 9 32788 1147
1209 1 24 26 32784 1192
1209 0 15 36 32778 1149
1209 0 44 45 32785 1181
1210 0 62 9 32788 1148
1210 0 24 27 32783 1186
1210 0 45 36 32782 1169
1210 0 38 45 32787 1184
1211 0 62 9 32788 1149
1211 0 24 27 32783 1187
1211 1 60 35 32785 1184
1211 0 15 36 32778 1150
1211 0 44 45 32785 1182
1212 0 62 9 32788 1150
1212 0 24 27 32783 1188
1212 0 45 36 32782 1170
1212 0 33 45 32784 1180
1213 0 33 9 32785 1191
1213 0 24 27 32783 1189
1213 0 15 36 32778 1151
1213 0 44 45 32785 1183
1214 0 62 9 32788 1151
1214 0 24 27 32783 1190
1214 0 45 36 32782 1171
1214 0 33 45 32784 1181
1215 0 33 9 32785 1192
1215 0 24 27 32783 1191
1215 0 15 36 32778 1152
1215 0 44 45 32785 1184
1216 0 49 0 32783 1174
1216 0 62 9 32788 1152
1216 0 24 27 32783 1193
1216 0 45 36 32782 1172
1216 0 33 45 32784 1182
1217 0 49 0 32783 1175
1217 0 33 9 32785 1193
1217 0 24 27 32783 1194
1217 0 15 36 32778 1153
1217 0 44 45 32785 1185
1218 0 49 0 32783 1176
1218 0 62 9 32788 1153
1218 0 24 27 32783 1195
1218 0 33 45 32784 1183
1219 0 49 0 32783 1177
1219 0 33 9 32785 1194
1219 0 24 27 32783 1196
1219 0 44 45 32785 1186
1220 0 49 0 32783 1178
1220 1 13 3 32777 1198
1220 0 62 9 32788 1154
1220 0 33 45 32784 1184
1221 0 49 0 32783 1179
1221 0 33 9 32785 1195
1221 0 44 45 32785 1187
1222 0 57 0 32782 1175
1222 0 15 9 32779 1185
1222 0 34 36 32786 1205
1222 0 33 45 32784 1185
1223 0 49 0 32783 1180
1223 0 33 9 32785 1196
1223 0 33 18 32786 1201
1223 0 34 36 32786 1206
1223 0 44 45 32785 1188
1224 0 57 0 32782 1176
1224 0 15 9 32779 1186
1224 0 33 18 32786 1202
1224 1 25 21 32784 1192
1224 0 34 36 32786 1207
1224 0 33 45 32784 1186
1224 0 1 54 32784 1162
1225 0 49 0 32783 1181
1225 0 33 9 32785 1197
1225 0 33 18 32786 1203
1225 0 34 36 32786 1208
1225 0 44 45 32785 1189
1225 0 1 54 32784 1163
1226 0 57 0 32782 1177
1226 0 15 9 32779 1187
1226 0 33 18 32786 1204
1226 0 34 36 32786 1209
1226 0 33 45 32784 1187
1226 0 1 54 32784 1164
1226 0 40 63 32790 1174
1227 0 49 0 32783 1182
1227 0 33 9 32785 1198
1227 0 33 18 32786 1205
1227 1 28 23 32777 1200
1227 0 34 36 32786 1210
1227 0 13 45 32778 1200
1227 0 1 54 32784 1165
1227 0 40 63 32790 1175
1228 0 57 0 32782 1178
1228 0 15 9 32779 1188
1228 0 33 18 32786 1206
1228 1 41 35 32782 1206
1228 0 34 36 32786 1211
1228 0 33 45 32784 1188
1228 0 1 54 32784 1166
1228 0 40 63 32790 1176
1229 0 49 0 32783 1183
1229 0 33 9 32785 1199
1229 0 33 18 32786 1207
1229 1 45 34 32783 1202
1229 0 34 36 32786 1212
1229 0 13 45 32778 1201
1229 0 1 54 32784 1167
1229 1 7 61 32782 1177
1229 0 40 63 32790 1177
1230 0 57 0 32782 1180
1230 0 15 9 32779 1189
1230 0 33 45 32784 1189
1230 0 54 54 32784 1223
1230 0 40 63 32790 1178
1231 0 5 0 32783 1190
1231 0 33 9 32785 1200
1231 0 33 18 32786 1208
1231 0 22 27 32783 1204
1231 0 34 36 32786 1213
1231 0 13 45 32778 1202
1231 0 1 54 32784 1168
1231 0 40 63 32790 1179
1232 0 57 0 32782 1181
1232 0 15 9 32779 1190
1232 0 33 18 32786 1209
1232 0 22 27 32783 1205
1232 0 34 36 32786 1214
1232 0 13 45 32778 1203
1232 0 54 54 32784 1224
1232 0 40 63 32790 1180
1233 0 5 0 32783 1191
1233 0 20 9 32784 1195
1233 0 33 18 32786 1210
1233 0 22 27 32783 1206
1233 0 13 45 32778 1204
1233 0 1 54 32784 1169
1233 0 53 63 32782 1211
1234 0 57 0 32782 1182
1234 0 15 9 32779 1191
1234 0 22 27 32783 1207
1234 0 58 45 32781 1202
1234 0 54 54 32784 1225
1234 0 40 63 32790 1181
1235 0 5 0 32783 1192
1235 0 20 9 32784 1196
1235 0 22 27 32783 1208
1235 0 13 45 32778 1205
1235 0 1 54 32784 1170
1235 0 53 63 32782 1212
1236 0 57 0 32782 1183
1236 0 15 9 32779 1192
1236 0 22 27 32783 1209
1236 0 58 45 32781 1203
1236 0 54 54 32784 1226
1236 0 40 63 32790 1182
1237 0 5 0 32783 1193
1237 0 20 9 32784 1197
1237 0 22 27 32783 1210
1237 0 13 45 32778 1206
1237 0 1 54 32784 1171
1237 0 53 63 32782 1213
1238 0 57 0 32782 1184
1238 0 15 9 32779 1193
1238 0 22 27 32783 1211
1238 0 56 36 32783 1196
1238 1 38 43 32788 1211
1238 0 58 45 32781 1204
1238 0 54 54 32784 1227
1238 0 40 63 32790 1183
1239 0 5 0 32783 1194
1239 0 20 9 32784 1198
1239 0 22 27 32783 1212
1239 1 49 29 32784 1197
1239 0 56 36 32783 1198
1239 0 13 45 32778 1207
1239 0 54 54 32784 1228
1239 0 53 63 32782 1214
1240 0 57 0 32782 1185
1240 1 24 2 32785 1208
1240 0 15 9 32779 1194
1240 0 22 27 32783 1213
1240 0 56 36 32783 1199
1240 0 58 45 32781 1205
1240 0 54 54 32784 1229
1240 0 53 63 32782 1215
1241 0 5 0 32783 1195
1241 0 20 9 32784 1199
1241 0 56 36 32783 1200
1241 0 13 45 32778 1208
1241 0 54 54 32784 1230
1241 0 14 63 32790 1191
1242 0 1 0 32785 1222
1242 0 41 9 32781 1201
1242 0 56 36 32783 1201
1242 0 58 45 32781 1206
1242 0 54 54 32784 1231
1242 0 53 63 32782 1216
1243 0 5 0 32783 1196
1243 0 20 9 32784 1200
1243 0 56 36 32783 1202
1243 0 13 45 32778 1209
1243 0 54 54 32784 1232
1243 0 14 63 32790 1192
1244 0 1 0 32785 1223
1244 0 41 9 32781 1202
1244 0 56 36 32783 1203
1244 0 58 45 32781 1207
1244 0 53 63 32782 1217
1245 0 5 0 32783 1197
1245 0 20 9 32784 1201
1245 0 35 18 32782 1223
1245 0 56 36 32783 1204
1245 0 58 45 32781 1208
1245 1 53 52 32783 1233
1245 0 14 63 32790 1193
1246 0 1 0 32785 1224
1246 0 41 9 32781 1203
1246 0 35 18 32782 1224
1246 0 58 45 32781 1209
1246 0 53 63 32782 1218
1247 0 5 0 32783 1198
1247 0 20 9 32784 1202
1247 0 35 18 32782 1225
1247 0 56 36 32783 1205
1247 0 58 45 32781 1210
1247 0 13 54 32779 1210
1247 0 14 63 32790 1194
1248 0 1 0 32785 1225
1248 0 41 9 32781 1204
1248 0 35 18 32782 1226
1248 0 4 27 32790 1221
1248 0 56 36 32783 1206
1248 0 58 45 32781 1211
1248 1 61 49 32781 1216
1248 1 58 51 32782 1231
1248 0 13 54 32779 1211
1248 0 53 63 32782 1219
1249 0 5 0 32783 1199
1249 0 20 9 32784 1203
1249 0 35 18 32782 1227
1249 0 4 27 32790 1222
1249 0 13 54 32779 1212
1249 0 14 63 32790 1195
1250 0 1 0 32785 1226
1250 0 41 9 32781 1205
1250 0 35 18 32782 1228
1250 0 4 27 32790 1223
1250 0 13 54 32779 1213
1250 0 53 63 32782 1220
1251 0 52 0 32790 1176
1251 0 20 9 32784 1204
1251 0 35 18 32782 1229
1251 0 12 27 32777 1229
1251 0 13 54 32779 1214
1251 0 14 63 32790 1196
1252 0 1 0 32785 1227
1252 0 41 9 32781 1207
1252 0 35 18 32782 1230
1252 0 4 27 32790 1224
1252 1 56 45 32784 1197
1252 0 13 54 32779 1215
1252 0 62 63 32789 1237
1253 0 52 0 32790 1177
1253 0 12 9 32776 1219
1253 0 35 18 32782 1231
1253 0 12 27 32777 1230
1253 0 27 54 32784 1216
1253 0 14 63 32790 1197
1254 0 1 0 32785 1228
1254 0 41 9 32781 1208
1254 0 35 18 32782 1232
1254 0 4 27 32790 1225
1254 0 13 54 32779 1216
1254 0 62 63 32789 1238
1255 0 52 0 32790 1178
1255 0 12 9 32776 1220
1255 1 32 14 32790 1203
1255 0 12 27 32777 1231
1255 0 27 54 32784 1217
1255 0 14 63 32790 1198
1256 0 1 0 32785 1229
1256 0 41 9 32781 1209
1256 0 23 18 32787 1224
1256 0 4 27 32790 1226
1256 0 13 54 32779 1217
1256 0 62 63 32789 1239
1257 0 52 0 32790 1179
1257 0 12 9 32776 1221
1257 0 48 18 32781 1220
1257 0 12 27 32777 1232
1257 0 16 36 32779 1220
1257 0 27 54 32784 1218
1257 0 14 63 32790 1199
1258 0 1 0 32785 1230
1258 0 41 9 32781 1210
1258 0 23 18 32787 1225
1258 0 4 27 32790 1227
1258 0 16 36 32779 1221
1258 0 13 54 32779 1218
1258 0 62 63 32789 1240
1259 0 52 0 32790 1180
1259 0 12 9 32776 1222
1259 0 48 18 32781 1221
1259 0 12 27 32777 1233
1259 0 16 36 32779 1222
1259 0 27 54 32784 1219
1259 0 14 63 32790 1200
1260 0 1 0 32785 1231
1260 0 41 9 32781 1211
1260 0 23 18 32787 1226
1260 0 4 27 32790 1228
1260 0 16 36 32779 1223
1260 0 13 54 32779 1219
1260 0 62 63 32789 1241
1261 0 52 0 32790 1181
1261 0 12 9 32776 1223
1261 0 48 18 32781 1222
1261 0 12 27 32777 1234
1261 0 16 36 32779 1224
1261 0 27 54 32784 1220
1261 0 7 63 32783 1197
1262 0 6 0 32785 1214
1262 0 27 9 32783 1202
1262 0 23 18 32787 1227
1262 0 4 27 32790 1229
1262 0 16 36 32779 1225
1262 0 32 45 32791 1225
1262 0 27 54 32784 1221
1262 0 62 63 32789 1242
1263 0 52 0 32790 1182
1263 0 12 9 32776 1224
1263 0 48 18 32781 1223
1263 0 12 27 32777 1235
1263 0 16 36 32779 1226
1263 1 21 39 32784 1236
1263 0 32 45 32791 1226
1263 0 27 54 32784 1222
1263 0 7 63 32783 1198
1264 0 6 0 32785 1215
1264 0 27 9 32783 1203
1264 0 23 18 32787 1228
1264 0 4 27 32790 1230
1264 0 16 36 32779 1227
1264 0 32 45 32791 1227
1264 0 27 54 32784 1223
1264 0 62 63 32789 1243
1265 0 52 0 32790 1183
1265 0 12 9 32776 1225
1265 0 12 27 32777 1236
1265 0 16 36 32779 1228
1265 0 35 54 32783 1233
1265 0 7 63 32783 1199
1266 0 6 0 32785 1216
1266 0 27 9 32783 1204
1266 0 48 18 32781 1224
1266 0 12 27 32777 1237
1266 0 16 36 32779 1229
1266 0 32 45 32791 1228
1266 0 27 54 32784 1224
1266 0 62 63 32789 1244
1267 0 52 0 32790 1184
1267 0 12 9 32776 1226
1267 0 23 18 32787 1229
1267 0 12 27 32777 1238
1267 0 32 45 32791 1229
1267 0 35 54 32783 1234
1267 0 7 63 32783 1200
1268 0 6 0 32785 1217
1268 0 27 9 32783 1205
1268 0 48 18 32781 1225
1268 1 37 40 32784 1231
1268 0 32 45 32791 1230
1268 0 27 54 32784 1225
1268 1 3 55 32786 1187
1268 0 62 63 32789 1245
1269 0 52 0 32790 1185
1269 0 12 9 32776 1227
1269 0 23 18 32787 1230
1269 0 32 45 32791 1231
1269 0 35 54 32783 1235
1269 0 7 63 32783 1201
1270 0 6 0 32785 1218
1270 0 27 9 32783 1206
1270 1 47 10 32785 1218
1270 0 48 18 32781 1226
1270 0 32 45 32791 1232
1270 0 35 54 32783 1236
1270 0 62 63 32789 1246
1271 0 6 0 32785 1219
1271 0 12 9 32776 1228
1271 0 23 18 32787 1231
1271 0 32 45 32791 1233
1271 0 35 54 32783 1237
1271 0 7 63 32783 1202
1272 0 6 0 32785 1220
1272 0 27 9 32783 1207
1272 0 48 18 32781 1227
1272 0 32 45 32791 1234
1272 0 35 54 32783 1238
1272 0 17 63 32784 1182
1273 0 6 0 32785 1221
1273 0 50 9 32777 1192
1273 1 10 12 32785 1256
1273 0 23 18 32787 1232
1273 0 6 36 32786 1236
1273 0 35 54 32783 1239
1273 0 7 63 32783 1203
1274 0 6 0 32785 1222
1274 0 27 9 32783 1208
1274 0 48 18 32781 1228
1274 0 6 36 32786 1237
1274 0 35 54 32783 1240
1274 1 7 55 32784 1232
1274 0 17 63 32784 1183
1275 0 6 0 32785 1223
1275 0 50 9 32777 1193
1275 0 23 18 32787 1233
1275 0 6 36 32786 1238
1275 0 35 54 32783 1241
1275 0 7 63 32783 1204
1276 0 27 9 32783 1209
1276 0 48 18 32781 1229
1276 0 6 36 32786 1239
1276 0 35 54 32783 1242
1276 1 46 61 32782 1254
1276 0 17 63 32784 1184
1277 0 50 9 32777 1194
1277 0 32 18 32792 1240
1277 0 6 36 32786 1240
1277 0 7 63 32783 1205
1278 0 27 9 32783 1210
1278 0 32 18 32792 1241
1278 0 6 36 32786 1241
1278 0 17 63 32784 1185
1279 0 50 9 32777 1195
1279 0 32 18 32792 1242
1279 0 6 36 32786 1242
1279 0 7 63 32783 1206
1280 0 27 9 32783 1211
1280 0 32 18 32792 1243
1280 0 6 36 32786 1243
1280 0 17 63 32784 1186
1281 0 50 9 32777 1196
1281 0 32 18 32792 1244
1281 0 32 36 32793 1254
1281 0 17 63 32784 1187
1282 0 14 9 32791 1236
1282 0 32 18 32792 1245
1282 0 6 36 32786 1244
1282 1 39 63 32780 1244
1283 0 50 9 32777 1197
1283 0 32 18 32792 1246
1283 0 32 36 32793 1255
1283 0 17 63 32784 1188
1284 0 14 9 32791 1237
1284 0 32 18 32792 1247
1284 0 6 36 32786 1245
1284 0 17 63 32784 1189
1285 0 50 9 32777 1198
1285 1 53 12 32784 1248
1285 0 32 18 32792 1248
1285 0 32 36 32793 1256
1285 0 22 63 32784 1239
1286 0 14 9 32791 1238
1286 0 32 18 32792 1249
1286 0 32 36 32793 1257
1286 0 17 63 32784 1190
1287 0 50 9 32777 1199
1287 1 15 20 32780 1260
1287 0 37 36 32785 1275
1287 0 22 63 32784 1240
1288 0 20 0 32785 1250
1288 0 14 9 32791 1239
1288 0 32 36 32793 1258
1288 0 1 45 32786 1236
1288 0 17 63 32784 1191
1289 0 20 0 32785 1251
1289 0 50 9 32777 1200
1289 0 37 36 32785 1276
1289 0 1 45 32786 1237
1289 0 22 63 32784 1241
1290 0 20 0 32785 1252
1290 0 14 9 32791 1240
1290 0 32 36 32793 1259
1290 0 1 45 32786 1238
1290 0 22 63 32784 1242
1291 0 20 0 32785 1253
1291 0 50 9 32777 1201
1291 0 1 45 32786 1239
1291 0 22 63 32784 1243
1292 0 20 0 32785 1254
1292 0 14 9 32791 1241
1292 1 63 19 32778 1240
1292 0 37 36 32785 1277
1292 0 1 45 32786 1240
1292 0 22 63 32784 1244
1293 0 20 0 32785 1255
1293 1 47 9 32784 1196
1293 0 32 36 32793 1260
1293 0 1 45 32786 1241
1293 0 22 63 32784 1245
1294 0 20 0 32785 1256
1294 0 1 45 32786 1242
1294 0 22 63 32784 1246
1295 0 20 0 32785 1257
1295 1 56 8 32785 1258
1295 0 14 9 32791 1242
1295 0 37 36 32785 1278
1295 1 45 43 32784 1278
1295 0 1 45 32786 1243
1295 0 22 63 32784 1248
1296 0 20 0 32785 1258
1296 0 32 36 32793 1261
1296 0 1 45 32786 1244
1296 0 22 63 32784 1249
1297 0 20 0 32785 1259
1297 0 14 9 32791 1243
1297 0 37 36 32785 1279
1297 0 1 45 32786 1245
1297 0 12 54 32778 1255
1298 1 22 32 32785 1247
1298 0 32 36 32793 1262
1298 1 45 52 32785 1281
1298 0 12 54 32778 1256
1299 0 14 9 32791 1244
1299 0 37 36 32785 1280
1299 0 12 54 32778 1257
1300 0 63 18 32779 1242
1300 0 23 27 32788 1268
1300 0 32 36 32793 1263
1300 0 12 54 32778 1258
1301 0 14 9 32791 1245
1301 0 63 18 32779 1243
1301 0 23 27 32788 1269
1301 1 38 34 32789 1274
1301 0 37 36 32785 1281
1302 0 63 18 32779 1244
1302 0 23 27 32788 1270
1302 0 44 36 32786 1276
1302 0 12 54 32778 1259
1303 0 63 18 32779 1245
1303 0 23 27 32788 1271
1303 0 37 36 32785 1282
1303 0 12 54 32778 1260
1304 0 13 0 32780 1266
1304 0 63 18 32779 1246
1304 0 38 27 32790 1275
1304 0 44 36 32786 1277
1304 0 24 54 32786 1251
1305 0 13 0 32780 1267
1305 0 48 18 32782 1268
1305 1 34 20 32787 1278
1305 0 23 27 32788 1272
1305 0 37 36 32785 1283
1305 0 12 54 32778 1261
1306 0 13 0 32780 1268
1306 0 63 18 32779 1247
1306 0 38 27 32790 1276
1306 0 44 36 32786 1278
1306 0 24 54 32786 1252
1306 1 20 62 32786 1264
1307 0 13 0 32780 1269
1307 0 48 18 32782 1269
1307 0 23 27 32788 1273
1307 0 37 36 32785 1284
1307 0 12 54 32778 1262
1307 1 18 59 32779 1270
1308 0 6 0 32787 1271
1308 0 63 18 32779 1248
1308 0 38 27 32790 1277
1308 0 44 36 32786 1279
1308 0 24 54 32786 1253
1309 0 13 0 32780 1270
1309 0 48 18 32782 1270
1309 0 23 27 32788 1274
1309 0 44 36 32786 1280
1309 0 12 54 32778 1263
1309 1 39 57 32781 1257
1310 0 6 0 32787 1272
1310 0 63 18 32779 1249
1310 0 38 27 32790 1278
1310 0 44 36 32786 1281
1310 0 57 45 32784 1273
1310 0 24 54 32786 1254
1311 0 13 0 32780 1271
1311 0 48 18 32782 1271
1311 0 23 27 32788 1276
1311 0 44 36 32786 1282
1311 0 57 45 32784 1274
1311 0 12 54 32778 1264
1312 0 6 0 32787 1273
1312 0 63 18 32779 1250
1312 1 10 23 32786 1275
1312 0 38 27 32790 1279
1312 0 44 36 32786 1283
1312 0 57 45 32784 1275
1312 0 24 54 32786 1255
1313 0 13 0 32780 1272
1313 0 48 18 32782 1272
1313 0 23 27 32788 1277
1313 0 44 36 32786 1284
1313 0 57 45 32784 1276
1313 1 33 52 32787 1278
1313 0 24 54 32786 1256
1314 0 6 0 32787 1274
1314 1 51 13 32779 1272
1314 0 63 18 32779 1251
1314 0 38 27 32790 1280
1314 0 44 36 32786 1285
1314 0 57 45 32784 1277
1314 0 54 54 32786 1307
1315 0 13 0 32780 1273
1315 1 41 11 32783 1278
1315 0 48 18 32782 1273
1315 0 23 27 32788 1278
1315 0 57 45 32784 1278
1315 0 24 54 32786 1257
1316 0 6 0 32787 1275
1316 0 48 18 32782 1274
1316 0 38 27 32790 1281
1316 0 57 45 32784 1279
1316 0 54 54 32786 1308
1317 0 13 0 32780 1274
1317 0 4 18 32791 1290
1317 1 27 27 32785 1299
1317 1 21 30 32785 1300
1317 0 57 45 32784 1280
1317 0 24 54 32786 1258
1318 0 6 0 32787 1276
1318 0 48 18 32782 1275
1318 0 38 27 32790 1282
1318 0 57 45 32784 1281
1318 0 54 54 32786 1309
1319 0 13 0 32780 1275
1319 0 4 18 32791 1291
1319 1 59 24 32784 1277
1319 0 38 27 32790 1283
1319 0 57 45 32784 1282
1319 0 24 54 32786 1259
1320 0 6 0 32787 1277
1320 0 48 18 32782 1276
1320 0 38 27 32790 1284
1320 1 62 28 32790 1283
1320 0 54 54 32786 1310
1321 0 6 0 32787 1278
1321 0 4 18 32791 1292
1321 0 24 54 32786 1260
1322 0 6 0 32787 1279
1322 0 48 18 32782 1277
1322 1 2 27 32784 1295
1322 0 16 36 32780 1285
1322 0 54 54 32786 1311
1323 0 6 0 32787 1280
1323 0 4 18 32791 1293
1323 0 16 36 32780 1286
1323 0 24 54 32787 1264
1324 1 8 7 32782 1277
1324 0 12 9 32779 1302
1324 0 4 18 32791 1294
1324 0 16 36 32780 1287
1324 0 63 45 32781 1297
1324 0 54 54 32786 1312
1325 0 12 9 32779 1303
1325 0 4 18 32791 1295
1325 0 16 36 32780 1288
1325 0 63 45 32781 1298
1325 0 24 54 32787 1265
1326 0 12 9 32779 1304
1326 0 4 18 32791 1296
1326 0 16 36 32780 1289
1326 0 59 45 32785 1299
1326 1 3 48 32787 1274
1326 0 54 54 32786 1313
1327 0 12 9 32779 1305
1327 0 4 18 32791 1297
1327 0 16 36 32780 1290
1327 1 23 41 32789 1275
1327 0 63 45 32781 1299
1327 0 24 54 32787 1266
1328 0 12 9 32779 1306
1328 0 4 18 32791 1298
1328 0 16 36 32780 1291
1328 0 59 45 32785 1300
1328 0 54 54 32786 1314
1329 0 12 9 32779 1307
1329 0 4 18 32791 1299
1329 0 16 36 32780 1292
1329 0 63 45 32781 1300
1329 0 24 54 32787 1267
1330 0 42 9 32784 1298
1330 1 16 19 32781 1308
1330 0 16 36 32780 1293
1330 0 59 45 32785 1301
1330 0 54 54 32786 1315
1331 0 12 9 32779 1308
1331 0 19 18 32783 1319
1331 0 16 36 32780 1294
1331 0 63 45 32781 1301
1331 0 24 54 32787 1268
1332 0 42 9 32784 1299
1332 0 19 18 32783 1320
1332 0 59 45 32785 1302
1332 0 54 54 32786 1316
1333 0 12 9 32779 1309
1333 0 19 18 32783 1321
1333 0 43 36 32789 1316
1333 0 63 45 32781 1302
1333 0 24 54 32787 1269
1334 0 26 0 32781 1302
1334 0 42 9 32784 1300
1334 0 19 18 32783 1322
1334 0 43 36 32789 1317
1334 0 59 45 32785 1303
1334 0 62 54 32791 1316
1335 0 26 0 32781 1303
1335 1 55 2 32784 1273
1335 0 12 9 32779 1310
1335 0 2 18 32785 1318
1335 0 43 36 32789 1318
1335 0 63 45 32781 1303
1335 0 24 54 32787 1270
1336 0 26 0 32781 1304
1336 0 42 9 32784 1301
1336 0 19 18 32783 1323
1336 0 43 36 32789 1319
1336 0 59 45 32785 1304
1336 0 62 54 32791 1317
1337 0 54 0 32785 1269
1337 0 12 9 32779 1311
1337 0 2 18 32785 1319
1337 0 43 36 32789 1320
1337 0 63 45 32781 1304
1337 0 24 54 32787 1271
1338 0 26 0 32781 1305
1338 0 42 9 32784 1302
1338 0 19 18 32783 1324
1338 0 43 36 32789 1321
1338 0 59 45 32785 1305
1338 0 62 54 32791 1318
1339 0 54 0 32785 1270
1339 0 42 9 32784 1303
1339 0 2 18 32785 1320
1339 0 43 36 32789 1322
1339 0 63 45 32781 1305
1339 0 24 54 32787 1272
1340 0 26 0 32781 1306
1340 0 42 9 32784 1304
1340 0 19 18 32783 1325
1340 0 43 36 32789 1323
1340 0 59 45 32785 1306
1340 0 62 54 32791 1319
1341 0 54 0 32785 1271
1341 0 42 9 32784 1305
1341 0 2 18 32785 1321
1341 0 43 36 32789 1324
1341 0 63 45 32781 1306
1341 0 24 54 32787 1273
1342 0 26 0 32781 1307
1342 0 42 9 32784 1306
1342 0 19 18 32783 1326
1342 0 43 36 32789 1325
1342 0 59 45 32785 1307
1342 0 62 54 32791 1320
1343 0 54 0 32785 1272
1343 0 42 9 32784 1307
1343 0 2 18 32785 1322
1343 0 0 45 32779 1276
1343 1 31 47 32777 1326
1343 0 8 54 32781 1269
1343 0 52 63 32791 1316
1344 0 26 0 32781 1308
1344 0 19 18 32783 1327
1344 0 59 45 32785 1308
1344 0 62 54 32791 1321
1344 0 52 63 32791 1317
1345 0 54 0 32785 1273
1345 0 2 18 32785 1323
1345 0 0 45 32779 1277
1345 0 8 54 32781 1270
1345 0 52 63 32791 1318
1346 0 26 0 32781 1309
1346 0 19 18 32783 1328
1346 0 37 45 32787 1330
1346 0 62 54 32791 1322
1346 0 52 63 32791 1319
1347 0 54 0 32785 1274
1347 0 2 18 32785 1324
1347 0 0 45 32779 1278
1347 0 8 54 32781 1271
1347 0 52 63 32791 1320
1348 0 26 0 32781 1310
1348 0 59 18 32786 1309
1348 0 11 27 32790 1331
1348 0 37 45 32787 1331
1348 0 62 54 32791 1323
1348 0 52 63 32791 1321
1349 0 54 0 32785 1275
1349 0 2 18 32785 1325
1349 0 11 27 32790 1332
1349 0 0 45 32779 1279
1349 0 8 54 32781 1272
1349 0 52 63 32791 1322
1350 0 26 0 32781 1311
1350 0 59 18 32786 1310
1350 0 11 27 32790 1333
1350 0 37 45 32787 1332
1350 0 62 54 32791 1324
1350 0 52 63 32791 1323
1351 0 54 0 32785 1276
1351 1 60 9 32786 1299
1351 0 2 18 32785 1326
1351 0 11 27 32790 1334
1351 0 0 45 32779 1280
1351 0 8 54 32781 1273
1351 0 52 63 32791 1324
1352 0 54 0 32785 1277
1352 0 58 9 32783 1310
1352 0 59 18 32786 1311
1352 0 11 27 32790 1335
1352 0 56 36 32786 1310
1352 0 37 45 32787 1333
1352 0 62 54 32791 1325
1352 0 52 63 32791 1325
1353 0 49 0 32785 1311
1353 0 58 9 32783 1311
1353 0 2 18 32785 1327
1353 0 11 27 32790 1336
1353 0 56 36 32786 1311
1353 0 0 45 32779 1281
1353 0 8 54 32781 1274
1354 0 54 0 32785 1278
1354 0 58 9 32783 1312
1354 0 59 18 32786 1312
1354 0 11 27 32790 1337
1354 0 56 36 32786 1312
1354 0 37 45 32787 1334
1354 0 18 54 32780 1304
1355 0 49 0 32785 1312
1355 0 58 9 32783 1313
1355 0 16 18 32782 1336
1355 0 11 27 32790 1338
1355 0 56 36 32786 1313
1355 0 0 45 32779 1282
1355 0 8 54 32781 1275
1356 0 49 0 32785 1313
1356 0 58 9 32783 1314
1356 0 59 18 32786 1313
1356 1 4 25 32792 1319
1356 0 61 27 32782 1319
1356 0 56 36 32786 1314
1356 0 37 45 32787 1336
1356 0 18 54 32780 1305
1357 0 49 0 32785 1314
1357 0 58 9 32783 1315
1357 0 16 18 32782 1337
1357 0 11 27 32790 1339
1357 0 56 36 32786 1315
1357 0 0 45 32779 1283
1357 0 8 54 32781 1276
1358 0 49 0 32785 1315
1358 0 58 9 32783 1316
1358 0 59 18 32786 1314
1358 0 61 27 32782 1320
1358 0 56 36 32786 1316
1358 0 37 45 32787 1337
1358 0 18 54 32780 1306
1359 0 49 0 32785 1316
1359 0 58 9 32783 1317
1359 0 16 18 32782 1338
1359 0 11 27 32790 1340
1359 0 56 36 32786 1317
1359 0 0 45 32779 1284
1359 0 8 54 32781 1278
1360 0 49 0 32785 1317
1360 0 58 9 32783 1318
1360 0 59 18 32786 1315
1360 0 61 27 32782 1321
1360 0 56 36 32786 1318
1360 0 37 45 32787 1338
1360 0 18 54 32780 1307
1361 0 49 0 32785 1318
1361 0 58 9 32783 1319
1361 0 16 18 32782 1339
1361 0 61 27 32782 1322
1361 0 56 36 32786 1319
1361 0 0 45 32779 1285
1361 0 8 54 32781 1279
1362 0 49 0 32785 1319
1362 1 59 3 32787 1320
1362 0 59 18 32786 1316
1362 0 22 27 32786 1335
1362 0 37 45 32787 1339
1362 0 18 54 32780 1308
1363 0 13 0 32781 1326
1363 0 16 18 32782 1340
1363 0 61 27 32782 1323
1363 0 55 45 32785 1341
1363 1 48 54 32783 1322
1364 0 49 0 32785 1320
1364 0 59 18 32786 1317
1364 0 22 27 32786 1336
1364 0 37 45 32787 1340
1364 0 18 54 32780 1309
1365 0 13 0 32781 1327
1365 0 16 18 32782 1341
1365 0 61 27 32782 1324
1365 0 55 45 32785 1342
1365 0 18 54 32781 1314
1366 0 13 0 32781 1328
1366 0 34 9 32788 1339
1366 0 59 18 32786 1318
1366 0 22 27 32786 1337
1366 0 0 45 32780 1286
1366 0 18 54 32780 1310
1367 0 63 0 32780 1287
1367 0 34 9 32788 1340
1367 0 16 18 32782 1342
1367 0 61 27 32782 1325
1367 1 6 34 32788 1320
1367 0 55 45 32785 1343
1367 0 18 54 32781 1315
1368 0 13 0 32781 1329
1368 0 34 9 32788 1341
1368 0 37 18 32786 1314
1368 0 22 27 32786 1338
1368 0 0 45 32780 1287
1368 0 18 54 32780 1311
1369 0 63 0 32780 1288
1369 0 34 9 32788 1342
1369 0 16 18 32782 1343
1369 0 61 27 32782 1326
1369 0 55 45 32785 1344
1369 0 18 54 32781 1316
1370 0 13 0 32781 1330
1370 0 34 9 32788 1343
1370 0 37 18 32786 1315
1370 0 22 27 32786 1339
1370 0 0 45 32780 1288
1370 0 18 54 32780 1312
1371 0 63 0 32780 1289
1371 0 34 9 32788 1344
1371 0 16 18 32782 1344
1371 0 61 27 32782 1327
1371 0 19 36 32785 1349
1371 0 55 45 32785 1345
1371 0 18 54 32781 1317
1371 1 32 57 32794 1344
1372 0 13 0 32781 1331
1372 0 34 9 32788 1345
1372 0 37 18 32786 1316
1372 0 22 27 32786 1340
1372 0 19 36 32785 1350
1372 0 0 45 32780 1289
1372 0 18 54 32780 1313
1373 0 63 0 32780 1290
1373 0 34 9 32788 1346
1373 0 16 18 32782 1345
1373 0 61 27 32782 1328
1373 0 19 36 32785 1351
1373 0 55 45 32785 1346
1373 0 18 54 32781 1318
1374 0 13 0 32781 1332
1374 0 34 9 32788 1347
1374 0 37 18 32786 1317
1374 0 22 27 32786 1341
1374 0 19 36 32785 1352
1374 0 0 45 32780 1290
1374 0 18 54 32781 1319
1375 0 63 0 32780 1291
1375 0 34 9 32788 1348
1375 0 22 18 32787 1345
1375 0 44 27 32787 1343
1375 0 19 36 32785 1353
1375 0 55 45 32785 1347
1375 0 18 54 32781 1320
1376 0 13 0 32781 1333
1376 0 37 18 32786 1318
1376 0 22 27 32786 1342
1376 0 19 36 32785 1354
1376 0 0 45 32780 1291
1376 0 18 54 32781 1321
1377 0 63 0 32780 1292
1377 0 22 18 32787 1346
1377 0 44 27 32787 1344
1377 0 19 36 32785 1355
1377 0 55 45 32785 1348
1377 0 18 54 32781 1322
1378 0 13 0 32781 1334
1378 0 37 18 32786 1319
1378 0 22 27 32786 1343
1378 0 19 36 32785 1356
1378 0 0 45 32780 1292
1378 0 18 54 32781 1323
1379 0 63 0 32780 1293
1379 1 37 2 32788 1335
1379 0 44 27 32787 1345
1379 0 19 36 32785 1357
1379 0 55 45 32785 1349
1380 0 13 0 32781 1335
1380 1 53 15 32785 1338
1380 0 22 18 32787 1347
1380 0 22 27 32786 1344
1380 0 19 36 32785 1358
1380 0 0 45 32780 1293
1381 0 63 0 32780 1294
1381 0 37 18 32786 1320
1381 0 55 45 32785 1350
1381 0 19 54 32784 1339
1381 1 6 63 32789 1334
1382 0 63 0 32780 1295
1382 0 22 18 32787 1348
1382 0 44 27 32787 1346
1382 1 23 28 32791 1350
1382 0 0 45 32780 1294
1382 0 19 54 32784 1340
1383 0 63 0 32780 1296
1383 0 37 18 32786 1321
1383 0 44 27 32787 1347
1383 0 56 45 32787 1335
1383 0 19 54 32784 1341
1384 0 22 18 32787 1349
1384 0 44 27 32787 1348
1384 0 0 45 32780 1295
1384 0 19 54 32784 1342
1385 0 37 18 32786 1322
1385 0 44 27 32787 1349
1385 0 56 45 32787 1336
1385 0 19 54 32784 1343
1385 1 48 56 32785 1373
1386 0 22 18 32787 1350
1386 1 42 19 32785 1359
1386 0 44 27 32787 1350
1386 1 58 30 32784 1339
1386 0 39 45 32782 1347
1386 0 19 54 32784 1344
1387 0 37 18 32786 1323
1387 0 44 27 32787 1351
1387 0 56 45 32787 1337
1387 0 19 54 32784 1345
1388 0 22 18 32787 1351
1388 0 44 27 32787 1352
1388 0 39 45 32782 1348
1388 0 19 54 32784 1346
1389 1 17 18 32786 1370
1389 0 56 45 32787 1338
1389 0 19 54 32784 1347
1389 0 7 63 32785 1347
1390 0 22 18 32787 1352
1390 0 39 45 32782 1349
1390 0 46 54 32783 1378
1390 0 7 63 32785 1348
1391 0 47 18 32786 1307
1391 0 55 36 32787 1359
1391 0 56 45 32787 1339
1391 0 19 54 32784 1348
1391 0 7 63 32785 1349
1392 0 22 18 32787 1353
1392 0 55 36 32787 1360
1392 0 39 45 32782 1350
1392 0 46 54 32783 1379
1392 0 7 63 32785 1350
1393 0 47 18 32786 1308
1393 0 55 36 32787 1361
1393 0 56 45 32787 1340
1393 0 46 54 32783 1380
1393 0 7 63 32785 1351
1394 0 22 18 32787 1354
1394 0 55 36 32787 1362
1394 0 39 45 32782 1351
1394 0 46 54 32783 1381
1394 0 7 63 32785 1352
1395 0 47 18 32786 1309
1395 0 55 36 32787 1363
1395 0 56 45 32787 1341
1395 0 46 54 32783 1382
1395 0 7 63 32785 1353
1396 0 47 18 32786 1310
1396 0 55 36 32787 1364
1396 0 39 45 32782 1352
1396 0 46 54 32783 1383
1396 0 7 63 32785 1354
1397 0 47 18 32786 1311
1397 0 55 36 32787 1365
1397 0 56 45 32787 1342
1397 0 46 54 32783 1384
1397 1 51 62 32780 1370
1397 0 7 63 32785 1355
1398 0 47 18 32786 1312
1398 0 0 27 32781 1361
1398 0 40 36 32791 1366
1398 0 39 45 32782 1353
1398 0 46 54 32783 1385
1398 0 7 63 32785 1356
1399 0 23 0 32790 1347
1399 0 25 18 32785 1382
1399 0 0 27 32781 1362
1399 0 55 36 32787 1366
1399 0 56 45 32787 1343
1399 0 46 54 32783 1386
1400 0 38 0 32791 1343
1400 0 47 18 32786 1313
1400 0 0 27 32781 1363
1400 1 13 32 32782 1353
1400 0 40 36 32791 1367
1400 0 39 45 32782 1354
1400 0 46 54 32783 1387
1401 0 23 0 32790 1348
1401 0 25 18 32785 1383
1401 0 0 27 32781 1364
1401 0 55 36 32787 1367
1401 0 56 45 32787 1344
1402 0 38 0 32791 1344
1402 1 47 6 32787 1365
1402 0 47 18 32786 1314
1402 0 0 27 32781 1365
1402 0 40 36 32791 1368
1402 0 39 45 32782 1355
1403 0 23 0 32790 1349
1403 0 25 18 32785 1384
1403 0 0 27 32781 1366
1403 0 55 36 32787 1368
1403 0 39 45 32782 1356
1404 0 38 0 32791 1345
1404 0 47 18 32786 1315
1404 0 0 27 32781 1367
1404 0 40 36 32791 1369
1405 0 23 0 32790 1351
1405 0 25 18 32785 1385
1405 0 0 27 32781 1368
1405 0 40 36 32791 1370
1406 0 38 0 32791 1346
1406 0 33 9 32788 1384
1406 0 47 18 32786 1316
1406 0 0 27 32781 1369
1406 0 40 36 32791 1371
1407 0 23 0 32790 1352
1407 0 33 9 32788 1385
1407 0 25 18 32785 1386
1407 0 0 27 32781 1370
1407 0 40 36 32791 1372
1408 0 38 0 32791 1347
1408 0 48 9 32784 1371
1408 0 25 18 32785 1387
1408 0 40 36 32791 1373
1409 0 23 0 32790 1353
1409 0 33 9 32788 1386
1409 0 37 18 32789 1364
1409 0 40 36 32791 1374
1410 0 38 0 32791 1348
1410 0 48 9 32784 1372
1410 0 25 18 32785 1388
1410 0 40 36 32791 1375
1411 0 23 0 32790 1354
1411 0 33 9 32788 1387
1411 0 37 18 32789 1365
1411 1 57 24 32786 1379
1411 1 17 53 32785 1358
1412 0 38 0 32791 1349
1412 0 48 9 32784 1374
1412 0 25 18 32785 1389
1413 0 23 0 32790 1355
1413 0 33 9 32788 1388
1413 1 55 16 32786 1351
1413 0 37 18 32789 1366
1414 0 38 0 32791 1350
1414 0 48 9 32784 1375
1414 0 25 18 32785 1390
1414 0 30 27 32783 1392
1415 0 23 0 32790 1356
1415 0 33 9 32788 1389
1415 0 37 18 32789 1367
1415 0 30 27 32783 1393
1415 0 58 54 32785 1383
1416 0 38 0 32791 1351
1416 0 48 9 32784 1376
1416 0 25 18 32785 1391
1416 0 33 27 32789 1394
1416 0 58 54 32785 1384
1417 0 23 0 32790 1357
1417 0 33 9 32788 1390
1417 0 37 18 32789 1368
1417 0 30 27 32783 1394
1417 0 58 54 32785 1385
1418 0 38 0 32791 1352
1418 0 48 9 32784 1377
1418 0 37 18 32789 1369
1418 0 33 27 32789 1395
1418 0 16 36 32783 1381
1418 0 58 54 32785 1386
1419 0 3 0 32788 1388
1419 0 33 9 32788 1391
1419 0 37 18 32789 1370
1419 0 30 27 32783 1395
1419 0 16 36 32783 1382
1419 0 13 45 32783 1392
1419 0 58 54 32785 1388
1420 0 3 0 32788 1389
1420 0 48 9 32784 1378
1420 0 37 18 32789 1371
1420 0 33 27 32789 1396
1420 0 16 36 32783 1383
1420 0 13 45 32783 1393
1420 1 31 48 32778 1363
1420 0 58 54 32785 1389
1421 0 3 0 32788 1390
1421 0 33 9 32788 1392
1421 0 37 18 32789 1372
1421 0 30 27 32783 1396
1421 0 16 36 32783 1384
1421 0 13 45 32783 1394
1421 0 58 54 32785 1390
1422 0 3 0 32788 1391
1422 0 48 9 32784 1379
1422 1 36 14 32782 1390
1422 0 37 18 32789 1373
1422 1 23 25 32792 1380
1422 0 33 27 32789 1397
1422 0 16 36 32783 1385
1422 0 13 45 32783 1395
1422 0 58 54 32785 1391
1423 0 3 0 32788 1392
1423 1 38 4 32792 1386
1423 0 33 9 32788 1393
1423 0 30 27 32783 1397
1423 0 16 36 32783 1386
1423 0 13 45 32783 1396
1423 0 58 54 32785 1392
1424 0 57 0 32785 1377
1424 0 48 9 32784 1380
1424 0 33 27 32789 1398
1424 0 16 36 32783 1387
1424 0 13 45 32783 1397
1424 0 29 54 32782 1397
1425 0 3 0 32788 1393
1425 0 4 9 32793 1384
1425 0 30 27 32783 1398
1425 0 16 36 32783 1388
1425 0 13 45 32783 1398
1425 0 58 54 32785 1393
1426 0 57 0 32785 1378
1426 0 48 9 32784 1381
1426 0 33 27 32789 1399
1426 0 16 36 32783 1389
1426 0 13 45 32783 1399
1426 0 29 54 32782 1398
1427 0 3 0 32788 1394
1427 0 4 9 32793 1385
1427 0 30 27 32783 1399
1427 0 16 36 32783 1390
1427 0 13 45 32783 1400
1427 0 29 54 32782 1399
1428 0 57 0 32785 1380
1428 0 4 9 32793 1386
1428 0 33 27 32789 1400
1428 0 13 45 32783 1401
1428 0 29 54 32782 1400
1429 0 3 0 32788 1395
1429 0 4 9 32793 1387
1429 0 30 27 32783 1400
1429 1 58 29 32786 1387
1429 0 29 54 32782 1401
1430 0 57 0 32785 1381
1430 0 4 9 32793 1388
1430 0 33 27 32789 1401
1430 0 29 54 32782 1402
1431 0 3 0 32788 1396
1431 0 4 9 32793 1389
1431 0 3 18 32789 1399
1431 0 30 27 32783 1401
1431 0 14 36 32792 1399
1431 0 29 54 32782 1403
1432 0 57 0 32785 1382
1432 0 4 9 32793 1390
1432 0 3 18 32789 1400
1432 0 33 27 32789 1402
1432 1 62 32 32792 1380
1432 0 14 36 32792 1400
1432 0 29 54 32782 1404
1433 0 3 0 32788 1397
1433 0 4 9 32793 1391
1433 0 3 18 32789 1401
1433 0 54 27 32787 1379
1433 0 14 36 32792 1401
1433 0 29 54 32782 1405
1434 0 57 0 32785 1383
1434 0 4 9 32793 1392
1434 0 3 18 32789 1402
1434 0 33 27 32789 1403
1434 0 14 36 32792 1402
1434 1 51 37 32781 1407
1434 0 29 54 32782 1406
1435 0 57 0 32785 1384
1435 0 4 9 32793 1393
1435 0 3 18 32789 1403
1435 0 54 27 32787 1380
1435 0 14 36 32792 1403
1436 0 57 0 32785 1385
1436 0 3 18 32789 1404
1436 0 12 27 32780 1394
1436 0 14 36 32792 1404
1437 0 57 0 32785 1386
1437 0 3 18 32789 1405
1437 0 54 27 32787 1381
1437 0 14 36 32792 1405
1438 0 59 0 32788 1381
1438 0 3 18 32789 1406
1438 0 12 27 32780 1395
1438 0 54 36 32788 1411
1439 0 57 0 32785 1387
1439 0 3 18 32789 1414
1439 0 54 27 32787 1382
1439 0 14 36 32792 1406
1440 0 59 0 32788 1382
1440 0 58 18 32787 1408
1440 0 12 27 32780 1396
1440 0 54 36 32788 1412
1441 0 59 0 32788 1383
1441 0 56 9 32788 1399
1441 0 3 18 32789 1415
1441 0 54 27 32787 1383
1441 0 14 36 32792 1407
1442 0 59 0 32788 1384
1442 0 56 9 32788 1400
1442 0 58 18 32787 1409
1442 0 12 27 32780 1397
1442 0 54 36 32788 1413
1442 0 48 45 32786 1405
1443 0 59 0 32788 1385
1443 0 56 9 32788 1401
1443 0 58 18 32787 1410
1443 0 54 27 32787 1384
1443 0 14 36 32792 1408
1443 0 48 45 32786 1406
1444 0 59 0 32788 1386
1444 0 56 9 32788 1402
1444 0 58 18 32787 1411
1444 0 12 27 32780 1398
1444 0 54 36 32788 1414
1444 0 48 45 32786 1407
1445 0 59 0 32788 1387
1445 0 56 9 32788 1403
1445 0 58 18 32787 1412
1445 0 54 27 32787 1385
1445 0 54 36 32788 1415
1445 0 48 45 32786 1408
1446 0 59 0 32788 1388
1446 0 56 9 32788 1404
1446 0 58 18 32787 1413
1446 0 12 27 32780 1399
1446 0 54 36 32788 1416
1446 0 48 45 32786 1409
1446 0 53 54 32786 1434
1446 1 58 56 32788 1429
1447 0 59 0 32788 1389
1447 0 56 9 32788 1405
1447 0 58 18 32787 1414
1447 0 54 27 32787 1386
1447 0 54 36 32788 1417
1447 0 48 45 32786 1410
1447 0 53 54 32786 1435
1448 0 59 0 32788 1390
1448 0 56 9 32788 1406
1448 0 52 18 32792 1411
1448 0 12 27 32780 1400
1448 0 54 36 32788 1418
1448 0 48 45 32786 1411
1448 1 37 46 32790 1431
1448 0 53 54 32786 1436
1449 0 56 9 32788 1407
1449 0 58 18 32787 1415
1449 0 54 27 32787 1387
1449 0 54 36 32788 1419
1449 0 48 45 32786 1412
1449 0 53 54 32786 1437
1450 0 8 9 32783 1438
1450 0 52 18 32792 1412
1450 0 12 27 32780 1401
1450 0 54 36 32788 1420
1450 0 48 45 32786 1413
1450 0 53 54 32786 1438
1451 0 56 9 32788 1408
1451 0 58 18 32787 1416
1451 0 54 27 32787 1388
1451 0 48 45 32786 1414
1451 0 53 54 32786 1439
1452 0 23 0 32793 1400
1452 1 7 2 32786 1420
1452 0 8 9 32783 1439
1452 0 52 18 32792 1413
1452 0 12 27 32780 1402
1452 0 53 54 32786 1440
1453 0 23 0 32793 1401
1453 0 8 9 32783 1440
1453 0 58 18 32787 1417
1453 0 27 27 32788 1429
1453 0 53 54 32786 1441
1454 0 23 0 32793 1402
1454 0 62 9 32793 1392
1454 0 52 18 32792 1414
1454 0 12 27 32780 1403
1454 0 53 54 32786 1442
1455 0 27 0 32786 1418
1455 0 8 9 32783 1441
1455 0 4 18 32794 1425
1455 1 41 25 32784 1438
1455 0 27 27 32788 1430
1455 0 18 45 32782 1418
1455 0 53 54 32786 1443
1456 0 23 0 32793 1403
1456 0 62 9 32793 1393
1456 0 52 18 32792 1415
1456 0 38 27 32793 1394
1456 0 18 45 32782 1419
1456 1 27 61 32787 1419
1457 0 27 0 32786 1420
1457 0 8 9 32783 1442
1457 0 4 18 32794 1426
1457 0 27 27 32788 1431
1457 0 28 45 32778 1435
1458 0 23 0 32793 1404
1458 0 62 9 32793 1394
1458 0 52 18 32792 1416
1458 0 38 27 32793 1395
1458 1 35 29 32784 1436
1458 0 18 45 32782 1420
1459 0 27 0 32786 1421
1459 0 8 9 32783 1443
1459 0 4 18 32794 1427
1459 0 27 27 32788 1432
1459 0 28 45 32778 1436
1459 0 25 63 32786 1396
1460 0 23 0 32793 1405
1460 0 62 9 32793 1395
1460 0 52 18 32792 1417
1460 0 38 27 32793 1396
1460 0 18 45 32782 1421
1460 0 25 63 32786 1397
1461 0 27 0 32786 1422
1461 0 8 9 32783 1444
1461 0 4 18 32794 1428
1461 0 27 27 32788 1433
1461 0 28 45 32778 1437
1461 0 25 63 32786 1398
1462 0 23 0 32793 1406
1462 0 62 9 32793 1396
1462 0 52 18 32792 1418
1462 0 38 27 32793 1397
1462 0 18 45 32782 1422
1462 0 25 63 32786 1399
1463 0 27 0 32786 1423
1463 0 8 9 32783 1445
1463 0 4 18 32794 1429
1463 0 27 27 32788 1434
1463 0 28 45 32778 1438
1463 0 25 63 32786 1400
1464 0 23 0 32793 1407
1464 0 62 9 32793 1397
1464 0 52 18 32792 1419
1464 0 38 27 32793 1398
1464 0 18 45 32782 1423
1464 0 25 63 32786 1401
1465 0 27 0 32786 1424
1465 0 8 9 32783 1446
1465 0 4 18 32794 1430
1465 0 27 27 32788 1435
1465 0 28 45 32778 1439
1465 0 25 63 32786 1402
1466 0 23 0 32793 1408
1466 0 62 9 32793 1398
1466 0 52 18 32792 1420
1466 0 38 27 32793 1399
1466 0 18 45 32782 1424
1466 0 25 63 32786 1403
1467 0 27 0 32786 1425
1467 0 8 9 32783 1447
1467 0 4 18 32794 1431
1467 0 27 27 32788 1436
1467 0 28 45 32778 1440
1467 0 25 63 32786 1404
1468 0 23 0 32793 1409
1468 0 62 9 32793 1399
1468 0 62 18 32794 1413
1468 0 38 27 32793 1400
1468 0 18 45 32782 1425
1468 0 25 63 32786 1405
1469 0 27 0 32786 1426
1469 0 62 9 32793 1400
1469 0 4 18 32794 1432
1469 0 27 27 32788 1452
1469 0 28 45 32778 1441
1469 1 56 59 32789 1447
1470 0 27 0 32786 1427
1470 1 7 8 32787 1422
1470 0 62 9 32793 1401
1470 0 62 18 32794 1414
1470 0 38 27 32793 1401
1470 0 18 45 32782 1426
1471 0 44 0 32788 1405
1471 0 4 18 32794 1433
1471 0 27 27 32788 1454
1471 0 28 45 32778 1442
1472 0 27 0 32786 1428
1472 0 62 18 32794 1415
1472 0 38 27 32793 1402
1472 1 29 36 32783 1455
1472 0 18 45 32782 1427
1473 0 44 0 32788 1406
1473 0 4 18 32794 1434
1473 0 39 27 32783 1407
1473 0 28 45 32778 1443
1474 0 44 0 32788 1407
1474 0 62 18 32794 1416
1474 0 38 27 32793 1403
1474 0 28 45 32778 1444
1475 0 44 0 32788 1408
1475 0 10 18 32787 1457
1475 0 39 27 32783 1408
1476 0 44 0 32788 1409
1476 0 62 18 32794 1417
1476 0 27 27 32789 1455
1477 0 44 0 32788 1410
1477 0 10 18 32787 1458
1477 0 39 27 32783 1409
1477 1 24 38 32788 1428
1478 0 44 0 32788 1411
1478 0 62 18 32794 1418
1478 0 27 27 32789 1456
1479 0 44 0 32788 1412
1479 0 10 18 32787 1459
1479 0 39 27 32783 1410
1480 0 44 0 32788 1413
1480 0 62 18 32794 1419
1480 0 27 27 32789 1457
1480 1 51 50 32783 1468
1481 0 44 0 32788 1414
1481 0 10 18 32787 1460
1481 0 39 27 32783 1411
1482 0 62 18 32794 1420
1482 0 27 27 32789 1458
1483 0 10 18 32787 1461
1483 0 39 27 32783 1412
1484 0 62 18 32794 1421
1484 0 27 27 32789 1459
1485 0 10 18 32787 1462
1485 0 39 27 32783 1413
1485 1 11 35 32791 1463
1486 0 62 18 32794 1422
1486 0 27 27 32789 1460
1486 1 47 62 32788 1464
1487 0 10 18 32787 1463
1487 0 39 27 32783 1414
1488 0 57 18 32787 1444
1488 0 27 27 32789 1461
1489 0 10 18 32787 1464
1489 0 39 27 32783 1415
1489 1 4 61 32795 1442
1490 0 32 0 32795 1463
1490 0 57 18 32787 1445
1490 0 27 27 32789 1462
1491 0 32 0 32795 1464
1491 0 10 18 32787 1465
1491 0 39 27 32783 1416
1492 0 32 0 32795 1465
1492 0 57 18 32787 1446
1492 0 27 27 32789 1475
1493 0 32 0 32795 1466
1493 0 10 18 32787 1466
1493 0 16 27 32784 1455
1494 0 32 0 32795 1467
1494 0 57 18 32787 1447
1494 1 35 25 32785 1472
1494 0 27 27 32789 1477
1495 0 32 0 32795 1468
1495 1 31 18 32779 1448
1495 0 16 27 32784 1456
1496 0 32 0 32795 1469
1496 0 57 18 32787 1448
1496 0 51 27 32782 1466
1496 1 34 50 32789 1479
1497 0 32 0 32795 1470
1497 0 57 18 32787 1449
1497 0 16 27 32784 1457
1498 0 32 0 32795 1471
1498 0 57 18 32787 1450
1498 0 51 27 32782 1467
1498 0 13 54 32784 1461
1499 0 32 0 32795 1472
1499 0 57 18 32787 1451
1499 0 16 27 32784 1458
1499 0 13 54 32784 1462
1500 0 57 18 32787 1452
1500 0 51 27 32782 1469
1500 0 13 54 32784 1463
1500 0 62 63 32795 1488
1501 0 57 18 32787 1453
1501 0 16 27 32784 1459
1501 0 13 54 32784 1464
1501 0 62 63 32795 1489
1502 1 21 5 32787 1483
1502 0 51 27 32782 1470
1502 0 13 54 32784 1465
1502 0 62 63 32795 1490
1503 0 13 18 32785 1476
1503 0 16 27 32784 1460
1503 0 13 54 32784 1466
1503 0 62 63 32795 1491
1504 0 13 18 32785 1477
1504 0 51 27 32782 1471
1504 0 13 54 32784 1467
1504 0 62 63 32795 1492
1505 0 46 0 32784 1443
1505 1 14 4 32793 1482
1505 0 21 9 32786 1473
1505 0 13 18 32785 1478
1505 0 16 27 32784 1461
1505 1 9 46 32786 1453
1505 0 13 54 32784 1468
1505 0 62 63 32795 1493
1506 0 46 0 32784 1444
1506 0 21 9 32786 1474
1506 0 13 18 32785 1479
1506 0 51 27 32782 1472
1506 0 13 54 32784 1469
1506 0 62 63 32795 1494
1507 0 46 0 32784 1445
1507 0 21 9 32786 1475
1507 0 13 18 32785 1480
1507 0 16 27 32784 1462
1507 0 13 54 32784 1470
1507 0 62 63 32795 1495
1508 0 46 0 32784 1446
1508 0 21 9 32786 1476
1508 0 13 18 32785 1481
1508 0 51 27 32782 1473
1508 0 62 63 32795 1496
1509 0 46 0 32784 1447
1509 0 21 9 32786 1477
1509 0 13 18 32785 1482
1509 0 16 27 32784 1463
1509 0 62 63 32795 1497
1510 0 46 0 32784 1448
1510 0 3 9 32790 1488
1510 0 13 18 32785 1483
1510 0 51 27 32782 1474
1510 1 56 63 32790 1468
1511 0 46 0 32784 1449
1511 0 21 9 32786 1478
1511 0 13 18 32785 1484
1511 0 16 27 32784 1464
1512 0 46 0 32784 1450
1512 0 3 9 32790 1489
1512 1 48 12 32787 1460
1512 0 11 18 32792 1495
1512 0 51 27 32782 1475
1513 0 46 0 32784 1451
1513 0 21 9 32786 1479
1513 0 13 18 32785 1485
1513 0 51 27 32782 1476
1513 0 13 45 32786 1486
1513 0 15 54 32781 1476
1514 0 46 0 32784 1452
1514 0 3 9 32790 1490
1514 0 11 18 32792 1496
1514 0 13 45 32786 1487
1514 0 15 54 32781 1477
1515 0 21 9 32786 1480
1515 0 11 18 32792 1497
1515 0 13 45 32786 1488
1515 0 15 54 32781 1478
1516 0 3 9 32790 1491
1516 0 11 18 32792 1498
1516 0 13 45 32786 1489
1516 0 15 54 32781 1479
1517 0 21 9 32786 1481
1517 0 11 18 32792 1499
1517 0 26 36 32782 1495
1517 0 13 45 32786 1490
1517 0 15 54 32781 1480
1518 0 3 9 32790 1492
1518 0 11 18 32792 1500
1518 0 22 27 32788 1491
1518 0 26 36 32782 1496
1518 0 13 45 32786 1491
1518 0 15 54 32781 1481
1519 0 21 9 32786 1482
1519 0 11 18 32792 1501
1519 0 22 27 32788 1492
1519 0 26 36 32782 1497
1519 0 13 45 32786 1492
1519 0 15 54 32781 1482
1520 0 3 9 32790 1493
1520 0 11 18 32792 1502
1520 0 22 27 32788 1493
1520 0 26 36 32782 1498
1520 0 13 45 32786 1493
1520 0 15 54 32781 1483
1521 0 3 9 32790 1494
1521 0 11 18 32792 1503
1521 0 22 27 32788 1494
1521 1 49 31 32786 1469
1521 0 26 36 32782 1499
1521 1 34 37 32790 1499
1521 0 13 45 32786 1494
1521 0 15 54 32781 1484
1522 0 3 9 32790 1495
1522 0 11 18 32792 1504
1522 0 22 27 32788 1495
1522 0 26 36 32782 1500
1522 0 13 45 32786 1495
1522 0 15 54 32781 1485
1523 0 45 0 32786 1466
1523 0 3 9 32790 1496
1523 0 22 27 32788 1496
1523 0 26 36 32782 1501
1524 0 45 0 32786 1467
1524 0 3 9 32790 1497
1524 0 22 27 32788 1497
1524 0 26 36 32782 1502
1525 0 45 0 32786 1468
1525 0 7 18 32788 1483
1525 0 22 27 32788 1498
1525 0 26 36 32782 1503
1526 0 45 0 32786 1469
1526 0 7 18 32788 1484
1526 0 22 27 32788 1499
1526 0 26 36 32782 1504
1527 0 45 0 32786 1470
1527 0 7 18 32788 1485
1527 0 22 27 32788 1500
1528 0 45 0 32786 1471
1528 0 25 9 32788 1511
1528 0 7 18 32788 1486
1528 0 30 27 32784 1506
1529 0 45 0 32786 1472
1529 0 25 9 32788 1512
1529 0 7 18 32788 1487
1529 0 30 27 32784 1507
1529 0 62 45 32796 1507
1530 0 45 0 32786 1473
1530 0 25 9 32788 1513
1530 0 7 18 32788 1488
1530 0 30 27 32784 1508
1530 1 37 32 32791 1498
1530 0 62 45 32796 1508
1531 0 45 0 32786 1474
1531 0 25 9 32788 1514
1531 0 7 18 32788 1489
1531 1 45 26 32787 1499
1531 0 30 27 32784 1509
1531 0 62 45 32796 1509
1532 0 45 0 32786 1475
1532 0 25 9 32788 1515
1532 1 51 16 32784 1490
1532 0 7 18 32788 1490
1532 0 30 27 32784 1510
1532 0 62 45 32796 1510
1533 0 25 9 32788 1516
1533 0 7 18 32788 1491
1533 0 30 27 32784 1511
1533 0 62 45 32796 1511
1534 0 25 9 32788 1517
1534 0 7 18 32788 1492
1534 0 30 27 32784 1512
1534 0 62 45 32796 1512
1535 0 25 9 32788 1518
1535 0 30 27 32784 1513
1535 0 62 45 32796 1513
1535 1 62 54 32798 1523
1536 0 25 9 32788 1519
1536 0 47 27 32789 1499
1536 0 62 45 32796 1514
1537 0 25 9 32788 1520
1537 0 30 27 32784 1514
1537 0 62 45 32796 1515
1538 0 47 27 32789 1500
1538 0 62 45 32796 1516
1539 0 30 27 32784 1515
1540 0 47 27 32789 1501
1541 0 50 18 32778 1514
1541 0 47 27 32789 1502
1542 0 50 18 32778 1515
1542 0 47 27 32789 1503
1543 0 61 18 32783 1496
1543 0 47 27 32789 1504
1544 0 58 9 32789 1502
1544 0 50 18 32778 1516
1544 0 47 27 32789 1505
1545 0 58 9 32789 1503
1545 0 61 18 32783 1497
1545 0 47 27 32789 1506
1546 0 58 9 32789 1504
1546 0 50 18 32778 1517
1546 0 47 27 32789 1507
1547 0 58 9 32789 1505
1547 0 61 18 32783 1498
1547 0 47 27 32789 1508
1548 0 58 9 32789 1506
1548 0 50 18 32778 1518
1549 0 58 9 32789 1507
1549 0 61 18 32783 1499
1549 0 25 54 32787 1501
1550 0 58 9 32789 1508
1550 0 50 18 32778 1519
1550 0 25 54 32787 1502
1551 0 59 9 32789 1504
1551 0 61 18 32783 1500
1551 0 25 54 32787 1503
1552 0 58 9 32789 1509
1552 0 50 18 32778 1520
1552 0 25 54 32787 1504
1553 0 59 9 32789 1505
1553 0 61 18 32783 1501
1553 0 21 36 32789 1531
1553 0 25 54 32787 1505
1553 1 15 61 32782 1506
1554 0 58 9 32789 1510
1554 0 50 18 32778 1521
1554 0 21 36 32789 1532
1554 0 25 54 32787 1506
1555 0 59 9 32789 1506
1555 0 61 18 32783 1502
1555 0 21 36 32789 1533
1555 0 25 54 32787 1507
1556 0 58 9 32789 1511
1556 0 50 18 32778 1522
1556 0 47 36 32792 1529
1556 0 25 54 32787 1508
1557 0 59 9 32789 1507
1557 0 61 18 32783 1503
1557 0 11 27 32793 1540
1557 0 21 36 32789 1534
1557 0 25 54 32787 1509
1558 0 59 9 32789 1508
1558 0 50 18 32778 1523
1558 0 47 36 32792 1530
1558 0 25 54 32787 1510
1559 0 59 9 32789 1509
1559 1 42 17 32786 1532
1559 0 61 18 32783 1504
1559 0 11 27 32793 1541
1559 0 21 36 32789 1535
1559 1 45 52 32788 1542
1560 0 59 9 32789 1510
1560 1 4 18 32796 1533
1560 0 11 27 32793 1542
1560 0 47 36 32792 1531
1561 0 59 9 32789 1511
1561 0 61 18 32783 1505
1561 0 11 27 32793 1543
1561 0 21 36 32789 1536
1561 1 39 51 32784 1524
1562 0 59 9 32789 1512
1562 0 19 18 32786 1543
1562 0 11 27 32793 1544
1562 0 47 36 32792 1532
1563 0 59 9 32789 1513
1563 0 19 18 32786 1544
1563 0 11 27 32793 1546
1563 0 21 36 32789 1537
1564 0 61 18 32784 1512
1564 0 11 27 32793 1547
1564 0 47 36 32792 1533
1565 1 34 3 32791 1533
1565 0 19 18 32786 1545
1565 0 11 27 32793 1548
1565 0 21 36 32789 1538
1566 0 61 18 32784 1513
1566 0 11 27 32793 1549
1566 0 47 36 32792 1534
1567 0 19 18 32786 1546
1567 0 11 27 32793 1550
1567 0 21 36 32789 1539
1568 0 61 18 32784 1514
1568 0 47 36 32792 1535
1569 1 39 12 32785 1532
1569 0 19 18 32786 1547
1569 0 21 36 32789 1540
1570 0 61 18 32784 1515
1570 0 47 36 32792 1536
1570 1 21 56 32788 1513
1571 0 19 18 32786 1548
1571 0 47 36 32792 1537
1572 0 8 9 32784 1560
1572 0 61 18 32784 1516
1572 0 47 36 32792 1538
1573 0 11 9 32795 1556
1573 0 19 18 32786 1549
1573 0 26 36 32783 1550
1574 0 8 9 32784 1561
1574 0 61 18 32784 1517
1574 0 26 36 32783 1551
1575 0 11 9 32795 1557
1575 0 19 18 32786 1550
1575 0 26 36 32783 1552
1576 0 47 0 32790 1509
1576 0 8 9 32784 1562
1576 0 61 18 32784 1518
1576 0 26 36 32783 1553
1577 0 47 0 32790 1510
1577 0 19 18 32786 1551
1577 0 26 36 32783 1554
1577 1 60 63 32787 1555
1578 0 47 0 32790 1511
1578 0 11 9 32795 1558
1578 0 61 18 32784 1519
1578 0 26 36 32783 1555
1578 1 3 59 32791 1536
1579 0 47 0 32790 1512
1579 0 8 9 32784 1563
1579 0 19 18 32786 1552
1579 0 24 36 32789 1547
1579 0 54 63 32789 1562
1580 0 47 0 32790 1513
1580 0 11 9 32795 1559
1580 0 61 18 32784 1520
1580 0 26 36 32783 1556
1580 0 54 63 32789 1563
1581 0 47 0 32790 1514
1581 1 17 2 32787 1559
1581 0 8 9 32784 1564
1581 0 47 18 32791 1519
1581 0 24 36 32789 1548
1581 0 54 63 32789 1564
1582 0 47 0 32790 1515
1582 0 11 9 32795 1560
1582 0 61 18 32784 1521
1582 1 41 21 32785 1540
1582 0 26 36 32783 1557
1582 1 11 52 32794 1545
1582 0 54 63 32789 1565
1583 0 47 0 32790 1516
1583 0 8 9 32784 1565
1583 0 47 18 32791 1520
1583 0 24 36 32789 1549
1583 0 54 63 32789 1566
1584 0 47 0 32790 1517
1584 0 11 9 32795 1561
1584 0 4 18 32797 1545
1584 0 26 36 32783 1558
1584 0 58 54 32790 1552
1584 0 54 63 32789 1567
1585 0 47 0 32790 1518
1585 0 8 9 32784 1566
1585 0 47 18 32791 1521
1585 0 24 36 32789 1550
1585 0 58 54 32790 1553
1585 0 54 63 32789 1568
1586 0 11 9 32795 1562
1586 0 4 18 32797 1546
1586 0 26 36 32783 1559
1586 0 58 54 32790 1554
1586 0 54 63 32789 1569
1587 0 12 0 32781 1555
1587 0 8 9 32784 1567
1587 0 47 18 32791 1522
1587 0 24 36 32789 1551
1587 0 58 54 32790 1555
1587 0 54 63 32789 1570
1588 0 12 0 32781 1556
1588 0 11 9 32795 1563
1588 0 4 18 32797 1547
1588 0 46 36 32785 1559
1588 1 25 49 32789 1566
1588 0 58 54 32790 1556
1588 0 54 63 32789 1571
1589 0 12 0 32781 1557
1589 0 8 9 32784 1568
1589 0 47 18 32791 1523
1589 0 24 36 32789 1552
1589 0 58 54 32790 1557
1590 0 12 0 32781 1558
1590 0 11 9 32795 1564
1590 0 4 18 32797 1548
1590 0 46 36 32785 1560
1590 0 58 54 32790 1558
1591 0 12 0 32781 1559
1591 0 8 9 32784 1569
1591 0 47 18 32791 1524
1591 0 53 27 32787 1559
1591 0 24 36 32789 1553
1591 0 58 54 32790 1559
1592 1 20 2 32787 1555
1592 0 11 9 32795 1565
1592 0 4 18 32797 1549
1592 0 44 27 32789 1569
1592 0 46 36 32785 1561
1592 0 58 54 32790 1560
1593 0 12 0 32781 1560
1593 0 62 9 32797 1517
1593 0 47 18 32791 1525
1593 0 53 27 32787 1560
1593 0 24 36 32789 1554
1593 0 0 45 32782 1536
1593 0 58 54 32790 1561
1594 0 7 9 32789 1535
1594 0 4 18 32797 1550
1594 0 44 27 32789 1570
1594 0 46 36 32785 1562
1594 0 0 45 32782 1537
1595 0 12 0 32781 1561
1595 0 62 9 32797 1518
1595 0 47 18 32791 1526
1595 0 53 27 32787 1561
1595 0 24 36 32789 1555
1595 0 0 45 32782 1538
1596 0 7 9 32789 1536
1596 0 4 18 32797 1551
1596 0 44 27 32789 1571
1596 0 46 36 32785 1563
1596 0 0 45 32782 1539
1597 0 12 0 32781 1562
1597 0 62 9 32797 1519
1597 1 1 14 32787 1560
1597 0 47 18 32791 1527
1597 0 53 27 32787 1562
1597 0 24 36 32789 1556
1597 0 0 45 32782 1540
1597 0 62 54 32800 1584
1598 0 7 9 32789 1537
1598 0 4 18 32797 1552
1598 0 44 27 32789 1572
1598 0 46 36 32785 1564
1598 0 0 45 32782 1541
1598 0 62 54 32800 1585
1599 0 12 0 32781 1563
1599 0 62 9 32797 1520
1599 0 47 18 32791 1528
1599 0 53 27 32787 1563
1599 0 46 36 32785 1565
1599 0 0 45 32782 1542
1599 0 62 54 32800 1586
1600 0 12 0 32781 1564
1600 0 7 9 32789 1538
1600 0 4 18 32797 1553
1600 0 44 27 32789 1573
1600 0 46 36 32785 1566
1600 0 0 45 32782 1543
1600 0 62 54 32800 1587
1601 0 62 9 32797 1521
1601 0 26 18 32784 1568
1601 0 53 27 32787 1564
1601 0 46 36 32785 1567
1601 0 0 45 32782 1544
1601 1 56 46 32791 1553
1601 0 62 54 32800 1588
1601 1 59 57 32791 1584
1602 0 7 9 32789 1539
1602 0 4 18 32797 1554
1602 0 44 27 32789 1574
1602 0 46 36 32785 1568
1602 0 0 45 32782 1545
1602 0 16 54 32785 1545
1603 0 62 9 32797 1522
1603 0 26 18 32784 1569
1603 0 53 27 32787 1565
1603 0 33 36 32790 1581
1603 0 62 54 32800 1589
1604 0 7 9 32789 1540
1604 0 8 18 32785 1581
1604 0 44 27 32789 1575
1604 0 33 36 32790 1582
1604 1 40 46 32792 1567
1604 0 16 54 32785 1546
1605 0 62 9 32797 1524
1605 0 26 18 32784 1570
1605 0 53 27 32787 1566
1605 0 33 36 32790 1583
1605 0 62 54 32800 1590
1606 0 7 9 32789 1541
1606 0 8 18 32785 1582
1606 0 44 27 32789 1576
1606 0 33 36 32790 1584
1606 0 16 54 32785 1547
1607 1 63 7 32782 1565
1607 0 62 9 32797 1525
1607 0 26 18 32784 1571
1607 0 53 27 32787 1567
1607 1 24 28 32790 1580
1607 0 33 36 32790 1585
1607 0 62 54 32800 1591
1608 0 7 9 32789 1542
1608 0 8 18 32785 1583
1608 0 44 27 32789 1577
1608 0 33 36 32790 1586
1608 0 16 54 32785 1548
1608 1 43 58 32790 1586
1609 0 62 9 32797 1526
1609 0 26 18 32784 1572
1609 0 53 27 32787 1568
1609 0 33 36 32790 1587
1609 0 62 54 32800 1592
1610 0 7 9 32789 1543
1610 0 8 18 32785 1584
1610 0 44 27 32789 1578
1610 0 33 36 32790 1588
1610 0 16 54 32785 1549
1611 0 62 9 32797 1527
1611 0 26 18 32784 1573
1611 0 33 36 32790 1589
1611 0 62 54 32800 1593
1612 0 7 9 32789 1544
1612 0 8 18 32785 1585
1612 0 33 36 32790 1590
1612 0 16 54 32785 1550
1613 0 26 18 32784 1574
1613 0 56 27 32792 1559
1613 0 39 45 32786 1591
1613 0 16 54 32785 1551
1614 0 17 9 32788 1595
1614 0 8 18 32785 1586
1614 0 56 27 32792 1560
1614 0 39 45 32786 1592
1614 0 16 54 32785 1552
1615 0 17 9 32788 1596
1615 0 26 18 32784 1575
1615 0 56 27 32792 1561
1615 0 39 45 32786 1593
1615 0 16 54 32785 1553
1616 0 17 9 32788 1597
1616 0 8 18 32785 1587
1616 0 56 27 32792 1562
1616 0 39 45 32786 1594
1616 0 16 54 32785 1554
1617 0 17 9 32788 1598
1617 0 26 18 32784 1576
1617 0 56 27 32792 1563
1617 0 19 45 32787 1585
1618 0 17 9 32788 1599
1618 0 8 18 32785 1588
1618 0 56 27 32792 1564
1618 0 39 45 32786 1595
1618 0 48 54 32788 1581
1619 0 10 0 32788 1597
1619 0 17 9 32788 1600
1619 0 26 18 32784 1577
1619 0 56 27 32792 1565
1619 0 19 45 32787 1586
1619 0 48 54 32788 1582
1620 0 10 0 32788 1598
1620 0 17 9 32788 1601
1620 0 8 18 32785 1589
1620 0 56 27 32792 1566
1620 1 3 42 32792 1578
1620 0 39 45 32786 1596
1620 0 48 54 32788 1583
1621 0 10 0 32788 1599
1621 0 17 9 32788 1602
1621 0 8 18 32785 1590
1621 0 56 27 32792 1567
1621 0 19 45 32787 1587
1621 0 48 54 32788 1584
1622 0 10 0 32788 1600
1622 0 17 9 32788 1603
1622 0 56 27 32792 1568
1622 0 39 45 32786 1597
1622 0 43 54 32791 1595
1623 0 10 0 32788 1601
1623 0 17 9 32788 1604
1623 0 19 45 32787 1588
1623 0 48 54 32788 1585
1623 1 54 62 32790 1611
1624 0 10 0 32788 1602
1624 0 39 45 32786 1598
1624 0 43 54 32791 1596
1625 0 10 0 32788 1603
1625 0 4 36 32799 1598
1625 0 19 45 32787 1589
1625 0 48 54 32788 1586
1626 0 10 0 32788 1604
1626 1 22 14 32790 1614
1626 1 59 23 32790 1574
1626 0 4 36 32799 1599
1626 0 39 45 32786 1599
1626 0 43 54 32791 1597
1627 0 10 0 32788 1605
1627 0 22 27 32789 1600
1627 0 4 36 32799 1600
1627 0 19 45 32787 1590
1627 0 48 54 32788 1587
1628 0 10 0 32788 1606
1628 0 22 27 32789 1601
1628 0 4 36 32799 1601
1628 0 39 45 32786 1600
1628 1 27 47 32790 1591
1628 1 9 51 32787 1586
1628 0 43 54 32791 1598
1628 0 30 63 32785 1596
1629 0 22 27 32789 1602
1629 0 4 36 32799 1602
1629 0 19 45 32787 1591
1629 0 48 54 32788 1588
1629 1 46 63 32786 1606
1630 0 52 9 32793 1583
1630 0 22 27 32789 1603
1630 0 4 36 32799 1603
1630 0 55 45 32788 1601
1630 0 43 54 32791 1599
1630 0 30 63 32785 1597
1631 1 24 8 32791 1614
1631 0 52 9 32793 1584
1631 0 22 27 32789 1604
1631 0 4 36 32799 1604
1631 0 19 45 32787 1592
1631 1 39 47 32787 1618
1631 0 48 54 32788 1589
1631 0 30 63 32785 1598
1632 1 21 0 32790 1590
1632 0 52 9 32793 1585
1632 0 22 27 32789 1605
1632 0 58 36 32791 1600
1632 0 55 45 32788 1602
1632 0 43 54 32791 1600
1632 0 30 63 32785 1599
1633 0 52 9 32793 1586
1633 0 22 27 32789 1606
1633 0 4 36 32799 1605
1633 0 19 45 32787 1593
1633 0 48 54 32788 1590
1633 1 59 58 32792 1621
1633 0 30 63 32785 1600
1634 0 52 9 32793 1587
1634 0 12 18 32782 1612
1634 0 22 27 32789 1607
1634 0 58 36 32791 1601
1634 0 55 45 32788 1603
1634 0 43 54 32791 1601
1634 0 30 63 32785 1601
1635 0 52 9 32793 1588
1635 0 12 18 32782 1613
1635 0 22 27 32789 1608
1635 0 4 36 32799 1606
1635 0 19 45 32787 1594
1635 0 57 54 32788 1591
1635 0 30 63 32785 1602
1636 0 62 9 32799 1574
1636 0 12 18 32782 1614
1636 0 22 27 32789 1609
1636 0 58 36 32791 1602
1636 0 55 45 32788 1604
1636 0 43 54 32791 1602
1636 0 30 63 32785 1603
1637 0 52 9 32793 1589
1637 0 12 18 32782 1615
1637 0 4 36 32799 1607
1637 0 47 45 32795 1617
1637 0 57 54 32788 1592
1637 0 30 63 32785 1604
1638 0 62 9 32799 1575
1638 0 12 18 32782 1616
1638 0 58 36 32791 1603
1638 0 55 45 32788 1605
1638 0 43 54 32791 1603
1638 0 30 63 32785 1605
1639 0 52 9 32793 1590
1639 0 12 18 32782 1617
1639 0 58 36 32791 1604
1639 0 47 45 32795 1618
1639 0 57 54 32788 1593
1640 0 62 9 32799 1576
1640 0 50 18 32779 1613
1640 0 28 27 32779 1628
1640 0 58 36 32791 1605
1640 0 55 45 32788 1606
1640 0 43 54 32791 1604
1641 0 52 9 32793 1591
1641 0 12 18 32782 1618
1641 0 28 27 32779 1629
1641 0 58 36 32791 1606
1641 0 47 45 32795 1619
1641 0 57 54 32788 1594
1642 0 62 9 32799 1577
1642 1 21 12 32791 1625
1642 0 50 18 32779 1614
1642 0 28 27 32779 1630
1642 0 58 36 32791 1607
1642 0 55 45 32788 1607
1642 0 4 54 32798 1588
1643 0 52 9 32793 1592
1643 0 12 18 32782 1619
1643 0 28 27 32779 1631
1643 0 58 36 32791 1608
1643 0 47 45 32795 1620
1643 0 57 54 32788 1595
1644 0 62 9 32799 1578
1644 0 50 18 32779 1615
1644 0 28 27 32779 1632
1644 0 58 36 32791 1609
1644 0 55 45 32788 1608
1644 0 4 54 32798 1589
1644 0 16 63 32786 1575
1645 0 62 9 32799 1579
1645 0 12 18 32782 1620
1645 0 28 27 32779 1633
1645 0 47 45 32795 1621
1645 0 57 54 32788 1596
1645 0 33 63 32791 1593
1646 0 12 9 32783 1622
1646 0 50 18 32779 1616
1646 0 28 27 32779 1634
1646 0 55 45 32788 1609
1646 1 57 50 32789 1623
1646 0 4 54 32798 1590
1646 0 16 63 32786 1576
1647 0 62 9 32799 1580
1647 0 12 18 32782 1621
1647 0 28 27 32779 1635
1647 0 47 45 32795 1622
1647 0 57 54 32788 1597
1647 0 33 63 32791 1594
1648 0 12 9 32783 1623
1648 0 50 18 32779 1617
1648 0 28 27 32779 1636
1648 0 55 45 32788 1610
1648 0 4 54 32798 1591
1648 0 16 63 32786 1577
1649 0 62 9 32799 1581
1649 0 56 18 32794 1606
1649 0 28 27 32779 1637
1649 0 47 45 32795 1623
1649 0 57 54 32788 1598
1649 0 33 63 32791 1595
1650 0 12 9 32783 1624
1650 0 50 18 32779 1618
1650 0 52 27 32794 1623
1650 0 8 45 32786 1591
1650 0 4 54 32798 1592
1650 0 16 63 32786 1578
1651 0 62 9 32799 1582
1651 0 56 18 32794 1607
1651 0 52 27 32794 1624
1651 0 47 45 32795 1624
1651 0 57 54 32788 1599
1651 0 33 63 32791 1596
1652 0 12 9 32783 1625
1652 0 50 18 32779 1619
1652 0 52 27 32794 1625
1652 0 8 45 32786 1592
1652 0 4 54 32798 1593
1652 0 16 63 32786 1579
1653 0 62 9 32799 1583
1653 0 56 18 32794 1608
1653 0 52 27 32794 1626
1653 1 15 43 32783 1606
1653 0 47 45 32795 1625
1653 0 57 54 32788 1600
1653 0 33 63 32791 1597
1654 0 12 9 32783 1626
1654 0 50 18 32779 1620
1654 0 52 27 32794 1627
1654 0 8 45 32786 1593
1654 0 4 54 32798 1594
1654 0 16 63 32786 1580
1655 0 12 9 32784 1632
1655 0 56 18 32794 1609
1655 0 52 27 32794 1628
1655 0 47 45 32795 1626
1655 1 60 52 32788 1643
1655 0 16 54 32787 1588
1655 0 33 63 32791 1598
1656 0 12 9 32783 1627
1656 0 50 18 32779 1621
1656 0 52 27 32794 1629
1656 0 8 45 32786 1594
1656 0 4 54 32798 1595
1656 0 16 63 32786 1581
1657 0 12 9 32784 1633
1657 0 56 18 32794 1610
1657 0 52 27 32794 1630
1657 0 38 45 32794 1629
1657 0 16 54 32787 1589
1657 0 33 63 32791 1599
1658 0 12 9 32783 1628
1658 0 50 18 32779 1622
1658 0 52 27 32794 1631
1658 0 8 45 32786 1595
1658 0 4 54 32798 1596
1658 0 16 63 32786 1582
1659 0 12 9 32784 1634
1659 0 56 18 32794 1611
1659 0 52 27 32794 1632
1659 0 38 45 32794 1630
1659 0 16 54 32787 1590
1659 0 33 63 32791 1600
1660 0 37 0 32792 1608
1660 0 12 9 32783 1629
1660 0 3 18 32793 1628
1660 0 20 27 32788 1643
1660 0 8 45 32786 1596
1660 0 4 54 32798 1597
1660 0 16 63 32786 1583
1661 0 37 0 32792 1609
1661 0 12 9 32784 1635
1661 0 20 27 32788 1644
1661 0 38 45 32794 1631
1661 0 16 54 32787 1591
1661 0 33 63 32791 1601
1662 0 37 0 32792 1610
1662 0 12 9 32783 1630
1662 0 56 18 32794 1612
1662 0 20 27 32788 1645
1662 0 8 45 32786 1597
1662 0 56 54 32793 1596
1662 0 16 63 32786 1584
1663 0 37 0 32792 1611
1663 0 12 9 32784 1636
1663 0 3 18 32793 1629
1663 0 20 27 32788 1646
1663 0 38 45 32794 1632
1663 0 16 54 32787 1592
1663 0 33 63 32791 1602
1664 0 37 0 32792 1612
1664 0 12 9 32783 1631
1664 0 20 27 32788 1647
1664 0 8 45 32786 1598
1664 0 56 54 32793 1597
1665 0 37 0 32792 1613
1665 0 12 9 32784 1637
1665 0 56 18 32794 1613
1665 0 20 27 32788 1648
1665 0 38 45 32794 1633
1665 0 16 54 32787 1593
1666 0 37 0 32792 1614
1666 0 29 9 32784 1600
1666 0 3 18 32793 1630
1666 0 20 27 32788 1649
1666 0 8 45 32786 1599
1666 0 56 54 32793 1598
1667 0 37 0 32792 1615
1667 0 12 9 32784 1638
1667 0 56 18 32794 1614
1667 0 20 27 32788 1650
1667 0 38 45 32794 1634
1667 0 16 54 32787 1594
1668 0 37 0 32792 1616
1668 0 29 9 32784 1601
1668 0 3 18 32793 1631
1668 0 20 27 32788 1651
1668 0 8 45 32786 1600
1668 0 56 54 32793 1599
1669 0 37 0 32792 1617
1669 0 12 9 32784 1639
1669 0 56 18 32794 1615
1669 0 20 27 32788 1652
1669 1 57 36 32790 1625
1669 0 38 45 32794 1635
1669 0 16 54 32787 1595
1670 0 29 9 32784 1602
1670 0 3 18 32793 1632
1670 0 34 27 32792 1653
1670 1 35 42 32786 1653
1670 0 38 45 32794 1636
1670 0 56 54 32793 1600
1671 1 47 2 32794 1607
1671 0 12 9 32784 1640
1671 0 3 18 32793 1633
1671 0 34 27 32792 1654
1671 0 3 36 32794 1639
1671 0 8 45 32787 1601
1671 0 16 54 32787 1596
1672 0 29 9 32784 1603
1672 0 3 18 32793 1634
1672 0 34 27 32792 1655
1672 1 10 36 32789 1640
1672 0 38 45 32794 1637
1672 0 56 54 32793 1601
1673 0 12 9 32784 1641
1673 0 34 27 32792 1656
1673 0 3 36 32794 1640
1673 0 8 45 32787 1602
1673 0 16 54 32787 1597
1674 1 49 2 32787 1618
1674 0 29 9 32784 1604
1674 0 3 18 32793 1635
1674 0 34 27 32792 1657
1674 0 3 36 32794 1641
1674 0 38 45 32794 1638
1674 0 56 54 32793 1602
1675 0 41 9 32786 1616
1675 0 57 18 32791 1638
1675 0 34 27 32792 1658
1675 0 3 36 32794 1642
1675 0 8 45 32787 1603
1675 0 37 54 32793 1635
1676 0 29 9 32784 1605
1676 0 3 18 32793 1636
1676 0 34 27 32792 1659
1676 0 3 36 32794 1643
1676 0 8 45 32787 1604
1676 0 56 54 32793 1603
1677 0 41 9 32786 1617
1677 0 57 18 32791 1639
1677 0 34 27 32792 1660
1677 0 3 36 32794 1644
1677 0 8 45 32787 1605
1677 0 37 54 32793 1636
1678 0 29 9 32784 1606
1678 0 3 18 32793 1637
1678 0 34 27 32792 1661
1678 0 3 36 32794 1645
1678 0 8 45 32787 1606
1678 0 56 54 32793 1604
1679 0 41 9 32786 1618
1679 0 57 18 32791 1640
1679 0 34 27 32792 1662
1679 1 4 29 32800 1652
1679 0 3 36 32794 1646
1679 0 8 45 32787 1607
1679 0 37 54 32793 1637
1679 1 49 61 32788 1647
1680 0 29 9 32784 1607
1680 0 57 18 32791 1641
1680 0 29 27 32785 1663
1680 1 60 34 32789 1648
1680 0 3 36 32794 1647
1680 0 8 45 32787 1608
1680 0 56 54 32793 1605
1681 0 24 0 32793 1657
1681 0 41 9 32786 1619
1681 0 57 18 32791 1642
1681 0 29 27 32785 1664
1681 0 3 36 32794 1648
1681 0 8 45 32787 1609
1681 0 37 54 32793 1638
1682 0 24 0 32793 1658
1682 0 29 9 32784 1608
1682 0 57 18 32791 1643
1682 0 29 27 32785 1665
1682 1 5 40 32784 1625
1682 0 8 45 32787 1610
1682 0 23 54 32794 1628
1683 0 24 0 32793 1659
1683 0 41 9 32786 1620
1683 0 57 18 32791 1644
1683 0 29 27 32785 1666
1683 0 37 54 32793 1639
1684 0 24 0 32793 1660
1684 0 29 9 32784 1609
1684 0 57 18 32791 1645
1684 0 29 27 32785 1667
1684 0 23 54 32794 1629
1685 0 24 0 32793 1661
1685 0 41 9 32786 1621
1685 0 57 18 32791 1646
1685 0 29 27 32785 1668
1685 0 37 54 32793 1640
1686 0 24 0 32793 1662
1686 0 41 9 32786 1622
1686 0 57 18 32791 1647
1686 0 29 27 32785 1669
1686 0 23 54 32794 1630
1687 0 24 0 32793 1663
1687 0 47 9 32793 1597
1687 1 13 17 32787 1655
1687 0 29 27 32785 1670
1687 0 37 54 32793 1641
1688 0 24 0 32793 1664
1688 0 41 9 32786 1623
1688 1 24 50 32792 1656
1688 0 23 54 32794 1631
1689 0 24 0 32793 1665
1689 0 47 9 32793 1598
1689 0 3 18 32795 1667
1689 0 34 27 32793 1672
1689 0 37 54 32793 1642
1690 0 24 0 32793 1666
1690 0 41 9 32786 1624
1690 0 3 18 32795 1668
1690 0 29 27 32785 1671
1690 0 23 54 32794 1632
1691 0 47 9 32793 1599
1691 0 24 18 32794 1669
1691 0 34 27 32793 1673
1691 0 37 54 32793 1643
1692 0 41 9 32786 1626
1692 0 3 18 32795 1669
1692 0 29 27 32785 1672
1692 0 23 54 32794 1633
1693 0 47 9 32793 1600
1693 0 24 18 32794 1670
1693 0 34 27 32793 1674
1693 1 12 49 32785 1642
1693 1 5 50 32785 1633
1693 0 37 54 32793 1644
1693 1 5 61 32786 1645
1694 0 47 9 32793 1601
1694 0 3 18 32795 1670
1694 0 34 27 32793 1675
1694 0 23 54 32794 1634
1695 0 41 9 32787 1643
1695 0 24 18 32794 1671
1695 0 34 27 32793 1676
1695 0 23 54 32794 1635
1696 0 47 9 32793 1602
1696 0 3 18 32795 1671
1696 0 34 27 32793 1677
1696 0 2 54 32786 1603
1697 0 41 9 32787 1644
1697 0 24 18 32794 1672
1697 0 34 27 32793 1678
1697 0 23 54 32794 1636
1697 1 35 55 32787 1660
1697 0 37 63 32794 1665
1698 0 47 9 32793 1603
1698 0 3 18 32795 1672
1698 0 34 27 32793 1679
1698 1 24 49 32795 1668
1698 0 2 54 32786 1604
1698 1 41 59 32788 1671
1698 0 37 63 32794 1666
1699 0 41 9 32787 1645
1699 0 24 18 32794 1673
1699 0 34 27 32793 1680
1699 0 23 54 32794 1637
1699 0 37 63 32794 1667
1700 0 47 9 32793 1604
1700 0 3 18 32795 1673
1700 0 34 27 32793 1681
1700 0 10 45 32790 1658
1700 0 2 54 32786 1605
1700 0 37 63 32794 1668
1701 0 41 9 32787 1646
1701 0 24 18 32794 1674
1701 0 10 45 32790 1659
1701 0 2 54 32786 1606
1701 0 37 63 32794 1669
1702 0 47 9 32793 1605
1702 0 3 18 32795 1674
1702 0 10 45 32790 1660
1702 0 15 54 32784 1639
1702 0 37 63 32794 1670
1703 0 41 9 32787 1647
1703 0 24 18 32794 1675
1703 0 10 45 32790 1661
1703 0 2 54 32786 1607
1703 0 37 63 32794 1671
1704 0 47 9 32793 1606
1704 0 3 18 32795 1675
1704 0 10 45 32790 1662
1704 0 15 54 32784 1640
1704 0 37 63 32794 1672
1705 0 41 9 32787 1648
1705 0 24 18 32794 1676
1705 0 10 45 32790 1663
1705 0 2 54 32786 1608
1705 0 37 63 32794 1673
1706 1 63 2 32783 1639
1706 0 41 9 32787 1649
1706 0 3 18 32795 1676
1706 0 21 36 32792 1684
1706 0 10 45 32790 1664
1706 0 15 54 32784 1641
1706 0 37 63 32794 1674
1707 0 25 9 32790 1685
1707 0 24 18 32794 1677
1707 0 21 36 32792 1685
1707 0 10 45 32790 1665
1707 0 2 54 32786 1609
1708 0 14 0 32794 1666
1708 1 0 3 32783 1675
1708 0 41 9 32787 1650
1708 0 19 18 32788 1695
1708 0 21 36 32792 1686
1708 0 10 45 32790 1666
1708 0 15 54 32784 1642
1709 0 14 0 32794 1667
1709 0 25 9 32790 1686
1709 0 24 18 32794 1678
1709 0 21 36 32792 1687
1709 0 10 45 32790 1667
1709 0 2 54 32786 1610
1710 0 14 0 32794 1668
1710 0 41 9 32787 1651
1710 0 19 18 32788 1696
1710 0 21 36 32792 1688
1710 0 15 54 32784 1643
1711 0 14 0 32794 1669
1711 0 25 9 32790 1687
1711 0 19 18 32788 1697
1711 0 21 36 32792 1689
1711 0 2 54 32786 1611
1712 0 14 0 32794 1670
1712 0 41 9 32787 1652
1712 0 19 18 32788 1698
1712 0 21 36 32792 1690
1712 0 15 54 32784 1644
1713 0 14 0 32794 1671
1713 0 25 9 32790 1688
1713 0 19 18 32788 1699
1713 0 1 36 32788 1671
1713 1 28 40 32780 1676
1713 0 2 54 32786 1612
1714 0 14 0 32794 1672
1714 0 25 9 32790 1689
1714 0 19 18 32788 1700
1714 0 21 36 32792 1691
1714 0 15 54 32784 1645
1715 0 40 0 32793 1683
1715 0 25 9 32790 1690
1715 1 62 16 32801 1653
1715 0 19 18 32788 1701
1715 0 1 36 32788 1672
1715 0 15 54 32784 1646
1716 0 14 0 32794 1673
1716 0 25 9 32790 1691
1716 0 19 18 32788 1702
1716 0 20 27 32790 1699
1716 0 21 36 32792 1692
1716 0 15 54 32784 1647
1717 0 40 0 32793 1684
1717 0 25 9 32790 1692
1717 0 19 18 32788 1703
1717 0 20 27 32790 1700
1717 0 1 36 32788 1673
1717 0 15 54 32784 1648
1718 0 14 0 32794 1674
1718 0 25 9 32790 1693
1718 0 20 27 32790 1702
1718 0 21 36 32792 1693
1719 0 40 0 32793 1685
1719 0 25 9 32790 1694
1719 0 19 18 32788 1704
1719 0 20 27 32790 1703
1719 0 1 36 32788 1674
1720 0 14 0 32794 1675
1720 0 20 27 32790 1704
1720 0 1 36 32788 1675
1721 0 40 0 32793 1686
1721 0 20 27 32790 1705
1721 0 16 36 32788 1681
1722 0 40 0 32793 1687
1722 1 2 5 32789 1692
1722 0 20 27 32790 1706
1722 0 1 36 32788 1676
1722 1 21 37 32793 1705
1723 0 40 0 32793 1688
1723 0 20 27 32790 1707
1723 0 16 36 32788 1682
1724 0 40 0 32793 1689
1724 0 20 27 32790 1708
1724 0 1 36 32788 1677
1724 0 2 54 32787 1667
1725 0 40 0 32793 1690
1725 1 54 15 32791 1688
1725 0 20 27 32790 1709
1725 0 16 36 32788 1683
1725 0 2 54 32787 1668
1726 0 13 0 32788 1689
1726 0 1 36 32788 1678
1726 0 2 54 32787 1669
1727 0 40 0 32793 1691
1727 0 16 36 32788 1684
1727 0 2 54 32787 1670
1728 0 13 0 32788 1690
1728 0 1 36 32788 1679
1728 0 2 54 32787 1671
1729 0 40 0 32793 1692
1729 1 22 3 32791 1697
1729 0 16 36 32788 1685
1729 0 2 54 32787 1672
1730 0 13 0 32788 1691
1730 0 1 36 32788 1680
1730 0 2 54 32787 1673
1731 0 13 0 32788 1692
1731 0 16 36 32788 1686
1731 0 2 54 32787 1674
1732 0 13 0 32788 1693
1732 0 46 36 32787 1706
1732 0 2 54 32787 1675
1733 0 13 0 32788 1694
1733 1 20 8 32791 1701
1733 0 16 36 32788 1687
1733 0 2 54 32787 1676
1734 0 13 0 32788 1695
1734 0 46 36 32787 1707
1735 0 13 0 32788 1696
1735 0 16 36 32788 1688
1736 0 13 0 32788 1697
1736 1 43 13 32792 1699
1736 0 46 36 32787 1708
1736 0 20 63 32789 1689
1737 0 13 0 32788 1698
1737 0 16 36 32788 1689
1737 1 26 41 32785 1715
1737 0 2 54 32788 1677
1737 0 20 63 32789 1690
1738 0 46 36 32787 1709
1738 0 2 54 32788 1678
1738 0 20 63 32789 1691
1739 0 16 36 32788 1690
1739 0 2 54 32788 1679
1739 0 20 63 32789 1692
1740 0 59 0 32793 1682
1740 0 46 36 32787 1710
1740 0 2 54 32788 1680
1740 0 20 63 32789 1693
1741 0 59 0 32793 1683
1741 0 14 36 32795 1687
1741 0 2 54 32788 1681
1741 0 20 63 32789 1694
1742 0 59 0 32793 1684
1742 0 9 9 32788 1735
1742 0 46 36 32787 1711
1742 0 61 54 32785 1725
1742 0 20 63 32789 1695
1743 0 59 0 32793 1685
1743 0 9 9 32788 1736
1743 0 14 36 32795 1688
1743 0 2 54 32788 1682
1743 0 20 63 32789 1696
1744 0 59 0 32793 1686
1744 0 9 9 32788 1737
1744 0 46 36 32787 1712
1744 0 61 54 32785 1726
1744 0 20 63 32789 1697
1745 0 59 0 32793 1687
1745 0 9 9 32788 1738
1745 0 14 36 32795 1689
1745 0 2 54 32788 1683
1745 0 20 63 32789 1698
1746 0 2 0 32790 1729
1746 0 9 9 32788 1739
1746 0 46 36 32787 1713
1746 0 61 54 32785 1727
1747 0 59 0 32793 1688
1747 0 9 9 32788 1740
1747 0 14 36 32795 1690
1747 0 2 54 32788 1684
1748 0 2 0 32790 1730
1748 0 9 9 32788 1741
1748 0 46 36 32787 1714
1748 0 61 54 32785 1728
1749 0 59 0 32793 1689
1749 0 9 9 32788 1742
1749 0 14 36 32795 1691
1749 0 2 54 32788 1685
1750 0 2 0 32790 1731
1750 0 9 9 32788 1743
1750 0 46 36 32787 1715
1750 0 61 54 32785 1729
1751 0 59 0 32793 1690
1751 0 9 9 32788 1744
1751 0 14 36 32795 1692
1751 1 33 52 32792 1719
1751 0 2 54 32788 1687
1752 0 2 0 32790 1732
1752 0 58 36 32792 1707
1752 0 11 45 32796 1715
1752 0 61 54 32785 1730
1753 0 59 0 32793 1691
1753 0 14 36 32795 1693
1753 0 11 45 32796 1716
1753 0 32 54 32796 1704
1754 0 2 0 32790 1733
1754 0 58 36 32792 1708
1754 0 11 45 32796 1717
1754 0 61 54 32785 1731
1755 0 2 0 32790 1734
1755 0 14 36 32795 1694
1755 0 11 45 32796 1718
1755 0 32 54 32796 1705
1756 0 2 0 32790 1735
1756 0 58 36 32792 1709
1756 0 11 45 32796 1719
1756 0 61 54 32785 1732
1757 0 2 0 32790 1736
1757 0 14 36 32795 1695
1757 0 11 45 32796 1720
1757 0 32 54 32796 1706
1758 0 2 0 32790 1737
1758 0 58 36 32792 1710
1758 0 11 45 32796 1721
1758 0 61 54 32785 1733
1759 0 2 0 32790 1738
1759 0 14 36 32795 1696
1759 0 11 45 32796 1722
1759 0 32 54 32796 1707
1760 0 58 36 32792 1711
1760 0 11 45 32796 1723
1760 0 61 54 32785 1734
1761 0 52 0 32795 1704
1761 0 12 36 32786 1707
1761 0 11 45 32796 1724
1761 0 32 54 32796 1708
1762 0 52 0 32795 1705
1762 0 41 27 32789 1735
1762 0 58 36 32792 1712
1762 0 32 54 32796 1709
1763 0 52 0 32795 1706
1763 0 41 27 32789 1736
1763 0 12 36 32786 1708
1763 0 32 54 32796 1710
1764 0 52 0 32795 1707
1764 0 41 27 32789 1737
1764 0 58 36 32792 1713
1764 0 50 45 32780 1737
1764 0 32 54 32796 1711
1765 0 52 0 32795 1708
1765 0 41 27 32789 1738
1765 0 12 36 32786 1709
1765 0 50 45 32780 1738
1765 0 32 54 32796 1712
1766 0 52 0 32795 1709
1766 0 41 27 32789 1739
1766 0 58 36 32792 1714
1766 0 50 45 32780 1739
1766 0 32 54 32796 1713
1767 0 52 0 32795 1710
1767 0 41 27 32789 1740
1767 0 12 36 32786 1710
1767 0 50 45 32780 1740
1768 0 39 0 32788 1706
1768 0 41 27 32789 1741
1768 1 18 28 32783 1741
1768 0 58 36 32792 1715
1768 0 50 45 32780 1741
1768 1 11 59 32797 1731
1769 0 52 0 32795 1711
1769 0 41 27 32789 1742
1769 0 12 36 32786 1711
1769 0 50 45 32780 1742
1770 0 39 0 32788 1707
1770 0 41 27 32789 1743
1770 0 58 36 32792 1716
1770 0 50 45 32780 1743
1771 0 52 0 32795 1712
1771 0 41 27 32789 1744
1771 0 12 36 32786 1712
1771 0 50 45 32780 1744
1772 0 39 0 32788 1708
1772 0 12 36 32787 1717
1772 0 50 45 32780 1745
1773 0 52 0 32795 1713
1773 0 12 36 32786 1713
1773 0 50 45 32780 1746
1774 0 39 0 32788 1709
1774 0 27 9 32791 1747
1774 0 12 36 32787 1718
1774 1 56 62 32795 1737
1775 0 39 0 32788 1710
1775 0 27 9 32791 1748
1775 1 54 10 32792 1723
1775 0 12 36 32786 1714
1776 0 15 0 32785 1727
1776 0 27 9 32791 1749
1776 0 12 36 32787 1719
1777 0 39 0 32788 1711
1777 0 27 9 32791 1750
1777 0 12 36 32786 1715
1778 0 15 0 32785 1728
1778 0 27 9 32791 1751
1778 0 12 36 32787 1720
1779 0 39 0 32788 1712
1779 0 27 9 32791 1752
1779 0 12 36 32786 1716
1780 0 15 0 32785 1729
1780 0 27 9 32791 1753
1780 0 12 18 32788 1758
1780 0 12 36 32787 1721
1781 0 39 0 32788 1713
1781 0 27 9 32791 1754
1781 0 12 18 32788 1759
1781 0 12 36 32787 1722
1781 1 20 55 32792 1739
1782 0 15 0 32785 1730
1782 0 27 9 32791 1755
1782 1 37 15 32795 1750
1782 0 12 18 32788 1760
1783 0 39 0 32788 1714
1783 0 27 9 32791 1756
1783 0 12 18 32788 1761
1783 0 12 36 32787 1723
1784 0 15 0 32785 1731
1784 0 12 18 32788 1762
1784 0 12 36 32787 1724
1785 0 39 0 32788 1715
1785 0 12 18 32788 1763
1785 0 12 36 32787 1728
1786 0 15 0 32785 1732
1786 0 36 9 32783 1748
1786 0 12 18 32788 1764
1786 0 12 36 32787 1730
1786 1 11 61 32798 1739
1787 0 15 0 32785 1733
1787 0 36 9 32783 1749
1787 0 12 18 32788 1765
1788 0 15 0 32785 1734
1788 0 36 9 32783 1750
1788 1 14 13 32796 1776
1788 0 12 18 32788 1766
1789 0 24 0 32796 1767
1789 0 36 9 32783 1751
1789 0 12 18 32788 1767
1790 0 15 0 32785 1735
1790 0 36 9 32783 1752
1790 0 5 18 32787 1758
1790 1 16 22 32789 1753
1791 0 24 0 32796 1768
1791 0 36 9 32783 1753
1791 0 5 18 32787 1759
1792 0 15 0 32785 1736
1792 1 22 10 32792 1760
1792 0 5 18 32787 1760
1792 1 25 52 32791 1733
1793 0 24 0 32796 1769
1793 0 36 9 32783 1754
1793 0 5 18 32787 1761
1793 0 30 36 32786 1771
1794 0 24 0 32796 1770
1794 0 36 9 32783 1755
1794 0 5 18 32787 1762
1794 0 30 36 32786 1772
1795 0 24 0 32796 1771
1795 0 29 9 32786 1755
1795 0 5 18 32787 1763
1795 0 30 36 32786 1773
1796 0 24 0 32796 1772
1796 0 36 9 32783 1756
1796 0 5 18 32787 1764
1796 1 47 29 32796 1769
1796 0 30 36 32786 1774
1797 0 24 0 32796 1773
1797 1 31 1 32780 1745
1797 0 29 9 32786 1756
1797 0 5 18 32787 1765
1797 0 30 36 32786 1775
1797 1 15 63 32786 1760
1798 0 24 0 32796 1774
1798 0 36 9 32783 1757
1798 0 5 18 32787 1766
1798 0 30 36 32786 1776
1799 0 24 0 32796 1775
1799 0 29 9 32786 1757
1799 0 5 18 32787 1767
1799 0 30 36 32786 1777
1800 0 24 0 32796 1776
1800 0 29 9 32786 1758
1800 0 30 36 32786 1778
1801 0 29 9 32786 1759
1801 0 61 27 32786 1764
1801 0 30 36 32786 1779
1802 0 29 9 32786 1760
1802 0 61 27 32786 1765
1802 0 30 36 32786 1780
1803 0 29 9 32786 1761
1803 0 61 27 32786 1766
1803 0 17 45 32789 1760
1804 0 29 9 32786 1762
1804 0 61 27 32786 1767
1804 0 17 45 32789 1761
1805 0 29 9 32786 1763
1805 1 34 13 32794 1768
1805 0 61 27 32786 1768
1805 0 17 45 32789 1762
1806 0 29 9 32786 1764
1806 0 61 27 32786 1769
1806 1 18 45 32784 1769
1807 0 61 27 32786 1770
1807 1 49 41 32789 1795
1807 0 17 45 32789 1763
1808 0 61 27 32786 1771
1808 0 17 45 32789 1764
1809 0 61 27 32786 1772
1809 1 29 37 32787 1797
1809 0 17 45 32789 1765
1810 0 61 27 32786 1773
1810 0 17 45 32789 1766
1811 1 35 2 32788 1779
1811 0 17 45 32789 1767
1812 0 21 36 32794 1790
1812 0 17 45 32789 1768
1813 0 21 36 32794 1791
1813 0 17 45 32789 1769
1813 0 39 54 32789 1791
1814 0 21 36 32794 1792
1814 0 39 54 32789 1792
1815 0 15 27 32787 1778
1815 0 21 36 32794 1793
1815 0 39 54 32789 1793
1816 0 15 27 32787 1779
1816 0 21 36 32794 1794
1816 0 39 54 32789 1794
1817 0 15 27 32787 1780
1817 0 21 36 32794 1795
1817 0 39 54 32789 1795
1818 0 60 9 32790 1766
1818 0 15 27 32787 1781
1818 0 21 36 32794 1796
1818 0 39 54 32789 1796
1818 0 13 63 32789 1771
1819 1 50 0 32781 1772
1819 0 60 9 32790 1767
1819 0 15 27 32787 1782
1819 0 21 36 32794 1797
1819 0 39 54 32789 1797
1819 0 13 63 32789 1772
1820 0 60 9 32790 1768
1820 1 35 12 32789 1793
1820 0 15 27 32787 1783
1820 0 21 36 32794 1798
1820 0 39 54 32789 1798
1820 0 13 63 32789 1773
1821 0 60 9 32790 1769
1821 0 15 27 32787 1784
1821 0 21 36 32794 1799
1821 1 50 37 32782 1789
1821 0 39 54 32789 1799
1821 0 13 63 32789 1774
1822 0 60 9 32790 1770
1822 0 15 27 32787 1785
1822 0 26 45 32786 1790
1822 0 39 54 32789 1800
1822 0 13 63 32789 1775
1823 0 6 0 32790 1786
1823 0 60 9 32790 1771
1823 0 15 27 32787 1786
1823 0 26 45 32786 1791
1823 0 51 63 32785 1790
1824 0 6 0 32790 1787
1824 0 60 9 32790 1772
1824 0 54 27 32793 1787
1824 0 26 45 32786 1792
1824 0 13 63 32789 1776
1825 0 6 0 32790 1788
1825 0 60 9 32790 1773
1825 0 15 27 32787 1787
1825 0 26 45 32786 1793
1825 0 51 63 32785 1791
1826 0 6 0 32790 1789
1826 0 24 9 32798 1804
1826 0 54 27 32793 1788
1826 0 25 45 32792 1789
1826 0 13 63 32789 1777
1827 0 6 0 32790 1790
1827 0 60 9 32790 1774
1827 0 54 27 32793 1789
1827 0 26 45 32786 1794
1827 0 51 63 32785 1792
1828 0 6 0 32790 1791
1828 0 24 9 32798 1805
1828 0 54 27 32793 1790
1828 0 25 45 32792 1790
1828 0 13 63 32789 1778
1829 0 6 0 32790 1792
1829 0 60 9 32790 1775
1829 0 54 27 32793 1791
1829 0 26 45 32786 1795
1829 0 51 63 32785 1793
1830 0 6 0 32790 1793
1830 0 24 9 32798 1806
1830 0 54 27 32793 1792
1830 0 25 45 32792 1791
1830 0 13 63 32789 1779
1831 0 6 0 32790 1794
1831 0 24 9 32798 1807
1831 0 54 27 32793 1793
1831 0 26 45 32786 1796
1831 0 51 63 32785 1794
1832 0 6 0 32790 1795
1832 0 41 9 32790 1802
1832 0 54 27 32793 1794
1832 0 25 45 32792 1792
1832 0 13 63 32789 1780
1833 0 24 9 32798 1808
1833 0 54 27 32793 1795
1833 0 26 36 32787 1800
1833 0 26 45 32786 1797
1833 0 51 63 32785 1795
1834 0 41 9 32790 1803
1834 0 54 27 32793 1796
1834 0 26 36 32787 1801
1834 0 25 45 32792 1793
1834 0 51 63 32785 1796
1835 0 24 9 32798 1809
1835 1 20 17 32793 1813
1835 0 26 36 32787 1802
1835 1 23 37 32795 1799
1835 0 26 45 32786 1798
1835 0 51 63 32785 1797
1836 0 41 9 32790 1804
1836 0 62 18 32802 1784
1836 0 26 36 32787 1803
1836 0 25 45 32792 1794
1836 0 51 63 32785 1798
1837 0 24 9 32798 1810
1837 0 62 18 32802 1785
1837 0 26 36 32787 1804
1837 0 26 45 32786 1799
1837 0 51 63 32785 1799
1838 0 41 9 32790 1805
1838 0 62 18 32802 1786
1838 0 26 36 32787 1805
1838 0 25 45 32792 1795
1839 0 24 9 32798 1811
1839 0 62 18 32802 1787
1839 0 26 36 32787 1806
1839 0 25 45 32792 1796
1840 0 41 9 32790 1806
1840 0 62 18 32802 1788
1840 0 26 36 32787 1807
1840 0 25 45 32792 1797
1841 0 24 9 32798 1812
1841 0 62 18 32802 1789
1841 0 26 36 32787 1815
1841 0 25 45 32792 1798
1842 0 41 9 32790 1807
1842 1 48 15 32789 1775
1842 0 62 18 32802 1790
1842 0 26 36 32787 1817
1843 0 24 9 32798 1813
1843 0 62 18 32802 1791
1844 0 41 9 32790 1808
1844 0 62 18 32802 1792
1845 0 41 9 32790 1809
1845 0 62 18 32802 1793
1846 0 41 9 32790 1810
1846 1 56 38 32796 1794
1847 0 41 9 32790 1811
1847 0 30 27 32788 1825
1848 0 40 0 32794 1816
1848 0 30 27 32788 1826
1848 1 24 53 32797 1785
1849 0 40 0 32794 1817
1849 0 30 27 32788 1827
1850 0 40 0 32794 1818
1850 0 30 9 32787 1807
1850 0 30 27 32788 1828
1851 0 40 0 32794 1819
1851 0 30 9 32787 1808
1851 0 7 27 32790 1809
1851 1 41 33 32791 1839
1852 0 1 0 32789 1840
1852 0 30 9 32787 1809
1852 1 53 20 32788 1820
1852 0 30 27 32788 1829
1853 0 40 0 32794 1820
1853 0 30 9 32787 1810
1853 0 7 27 32790 1810
1853 0 43 36 32793 1836
1854 0 1 0 32789 1841
1854 0 30 9 32787 1811
1854 0 30 27 32788 1830
1854 0 43 36 32793 1837
1855 0 40 0 32794 1821
1855 0 30 9 32787 1812
1855 0 7 27 32790 1811
1855 0 43 36 32793 1838
1856 0 1 0 32789 1842
1856 1 32 6 32797 1799
1856 0 30 9 32787 1813
1856 0 30 27 32788 1831
1856 0 43 36 32793 1839
1857 0 40 0 32794 1822
1857 0 30 9 32787 1814
1857 0 7 27 32790 1812
1857 0 22 36 32793 1830
1858 0 1 0 32789 1843
1858 0 30 9 32787 1815
1858 0 30 27 32788 1832
1858 0 43 36 32793 1840
1859 0 40 0 32794 1823
1859 0 30 9 32787 1816
1859 0 7 27 32790 1813
1859 0 22 36 32793 1831
1860 0 1 0 32789 1844
1860 0 30 27 32788 1833
1860 0 43 36 32793 1841
1861 0 40 0 32794 1824
1861 0 7 27 32790 1814
1861 0 22 36 32793 1832
1862 0 1 0 32789 1845
1862 0 30 27 32788 1834
1862 0 43 36 32793 1842
1862 0 52 63 32796 1835
1863 0 40 0 32794 1825
1863 0 7 27 32790 1815
1863 0 22 36 32793 1833
1863 0 52 63 32796 1836
1864 0 1 0 32789 1846
1864 0 7 27 32790 1816
1864 0 43 36 32793 1843
1864 0 52 63 32796 1837
1865 0 1 0 32789 1847
1865 0 7 27 32790 1817
1865 0 22 36 32793 1834
1865 0 23 54 32796 1833
1865 0 52 63 32796 1838
1866 0 1 0 32789 1848
1866 0 7 27 32790 1818
1866 0 43 36 32793 1844
1866 0 23 54 32796 1834
1866 0 52 63 32796 1839
1867 0 1 0 32789 1849
1867 0 22 36 32793 1835
1867 1 58 37 32794 1830
1867 1 21 51 32795 1829
1867 0 23 54 32796 1835
1867 0 52 63 32796 1840
1868 0 2 9 32791 1851
1868 0 43 36 32793 1845
1868 0 34 54 32795 1831
1868 0 52 63 32796 1841
1869 0 60 27 32791 1837
1869 0 22 36 32793 1836
1869 0 23 54 32796 1836
1869 0 52 63 32796 1842
1870 0 40 0 32795 1838
1870 0 2 9 32791 1852
1870 1 58 13 32793 1818
1870 0 60 27 32791 1838
1870 0 16 36 32790 1828
1870 0 34 54 32795 1832
1870 0 52 63 32796 1843
1871 0 40 0 32795 1839
1871 0 2 9 32791 1853
1871 0 60 27 32791 1839
1871 0 22 36 32793 1837
1871 0 23 54 32796 1837
1871 0 52 63 32796 1844
1872 0 40 0 32795 1840
1872 0 2 9 32791 1854
1872 0 15 27 32788 1835
1872 0 16 36 32790 1829
1872 0 34 54 32795 1833
1873 0 40 0 32795 1841
1873 0 2 9 32791 1855
1873 0 60 27 32791 1840
1873 0 22 36 32793 1838
1873 0 23 54 32796 1838
1874 0 40 0 32795 1842
1874 0 2 9 32791 1856
1874 0 15 27 32788 1836
1874 0 16 36 32790 1830
1874 0 34 54 32795 1834
1875 0 42 0 32787 1833
1875 0 2 9 32791 1857
1875 0 60 27 32791 1841
1875 0 22 36 32793 1839
1875 0 23 54 32796 1839
1876 0 40 0 32795 1843
1876 0 2 9 32791 1858
1876 0 15 27 32788 1837
1876 0 16 36 32790 1831
1876 0 34 54 32795 1835
1877 0 42 0 32787 1834
1877 1 37 1 32796 1830
1877 0 2 9 32791 1859
1877 0 60 27 32791 1842
1877 0 57 36 32792 1835
1877 0 23 54 32796 1840
1878 0 40 0 32795 1844
1878 0 2 9 32791 1860
1878 0 15 27 32788 1838
1878 0 16 36 32790 1832
1878 0 34 54 32795 1836
1879 0 42 0 32787 1835
1879 0 31 9 32781 1831
1879 0 60 27 32791 1843
1879 0 57 36 32792 1836
1879 0 23 54 32796 1841
1880 0 40 0 32795 1845
1880 0 31 9 32781 1832
1880 0 15 27 32788 1839
1880 0 16 36 32790 1833
1880 0 34 54 32795 1837
1881 0 42 0 32787 1836
1881 0 31 9 32781 1833
1881 0 60 27 32791 1844
1881 0 57 36 32792 1837
1881 0 23 54 32796 1842
1882 0 40 0 32795 1846
1882 0 31 9 32781 1834
1882 0 15 27 32788 1840
1882 0 16 36 32790 1834
1882 0 34 54 32795 1838
1883 0 42 0 32787 1837
1883 0 58 9 32795 1841
1883 0 60 27 32791 1845
1883 0 57 36 32792 1838
1883 0 34 54 32795 1839
1884 0 40 0 32795 1847
1884 0 31 9 32781 1835
1884 0 15 27 32788 1841
1884 0 16 36 32790 1835
1884 0 34 54 32795 1840
1885 0 42 0 32787 1838
1885 0 58 9 32795 1842
1885 0 60 27 32791 1846
1885 0 57 36 32792 1839
1885 1 48 56 32790 1873
1886 0 42 0 32787 1839
1886 0 31 9 32781 1836
1886 0 15 27 32788 1842
1886 0 16 36 32790 1836
1887 0 42 0 32787 1840
1887 0 58 9 32795 1843
1887 0 61 27 32787 1838
1887 0 57 36 32792 1840
1888 0 42 0 32787 1841
1888 0 31 9 32781 1837
1888 0 15 27 32788 1843
1888 0 16 36 32790 1837
1889 0 42 0 32787 1842
1889 1 39 3 32790 1842
1889 0 58 9 32795 1844
1889 0 61 27 32787 1839
1889 0 57 36 32792 1841
1889 0 63 54 32784 1872
1890 0 31 9 32781 1838
1890 0 15 27 32788 1844
1890 0 57 36 32792 1842
1890 1 43 53 32794 1868
1890 0 63 54 32784 1873
1891 0 58 9 32795 1845
1891 0 61 27 32787 1840
1891 0 57 36 32792 1843
1891 0 63 54 32784 1874
1892 0 31 9 32781 1839
1892 0 30 27 32789 1858
1892 0 57 36 32792 1844
1892 0 63 54 32784 1875
1892 0 8 63 32788 1820
1893 0 58 9 32795 1846
1893 0 61 27 32787 1841
1893 0 6 45 32791 1856
1893 0 63 54 32784 1876
1893 0 8 63 32788 1821
1894 0 31 9 32781 1840
1894 0 30 27 32789 1859
1894 0 6 45 32791 1857
1894 0 63 54 32784 1877
1894 0 8 63 32788 1822
1895 0 58 9 32795 1847
1895 0 61 27 32787 1842
1895 0 6 45 32791 1858
1895 0 63 54 32784 1878
1895 0 8 63 32788 1823
1896 0 4 9 32801 1861
1896 1 11 23 32799 1863
1896 0 30 27 32789 1860
1896 0 6 45 32791 1859
1896 0 63 54 32784 1879
1896 0 8 63 32788 1824
1897 0 58 9 32795 1848
1897 0 61 27 32787 1843
1897 0 6 45 32791 1860
1897 0 63 54 32784 1880
1897 0 8 63 32788 1825
1898 0 4 9 32801 1862
1898 0 30 27 32789 1861
1898 0 6 45 32791 1861
1898 0 63 54 32784 1881
1898 1 51 57 32787 1863
1898 0 8 63 32788 1826
1899 0 58 9 32795 1849
1899 0 61 27 32787 1844
1899 0 50 45 32783 1872
1899 1 3 57 32796 1846
1899 0 8 63 32788 1827
1900 0 4 9 32801 1863
1900 0 30 27 32789 1862
1900 0 6 45 32791 1862
1900 0 8 63 32788 1828
1901 0 58 9 32795 1850
1901 0 61 27 32787 1845
1901 0 50 45 32783 1873
1901 0 8 63 32788 1829
1902 0 4 9 32801 1864
1902 0 38 18 32796 1865
1902 0 30 27 32789 1863
1902 0 6 45 32791 1863
1903 0 38 9 32795 1846
1903 0 38 18 32796 1866
1903 0 61 27 32787 1846
1903 0 50 45 32783 1874
1903 1 50 59 32785 1886
1904 0 4 9 32801 1865
1904 0 38 18 32796 1867
1904 0 30 27 32789 1864
1904 0 6 45 32791 1864
1904 1 62 53 32803 1887
1905 0 38 9 32795 1847
1905 0 38 18 32796 1868
1905 0 61 27 32787 1847
1905 0 50 45 32783 1875
1906 0 4 9 32801 1866
1906 0 38 18 32796 1869
1906 0 30 27 32789 1865
1906 0 6 45 32791 1865
1906 1 26 52 32789 1872
1907 0 38 9 32795 1848
1907 0 38 18 32796 1870
1907 0 30 27 32789 1866
1907 0 50 45 32783 1876
1908 0 4 9 32801 1867
1908 0 38 18 32796 1871
1908 0 30 27 32789 1867
1908 0 8 36 32789 1866
1908 0 50 45 32783 1877
1908 1 10 54 32791 1856
1909 1 30 5 32790 1882
1909 0 38 9 32795 1849
1909 0 38 18 32796 1872
1909 0 8 36 32789 1867
1909 0 50 45 32784 1882
1910 0 4 9 32801 1868
1910 0 38 18 32796 1873
1910 0 8 36 32789 1868
1910 0 50 45 32783 1878
1910 1 41 63 32792 1863
1911 0 38 9 32795 1850
1911 0 38 18 32796 1874
1911 0 8 36 32789 1869
1911 0 50 45 32784 1883
1912 0 4 9 32801 1869
1912 0 8 36 32789 1870
1912 0 50 45 32783 1879
1913 0 38 9 32795 1851
1913 1 56 16 32798 1881
1913 0 8 36 32789 1871
1913 0 50 45 32784 1884
1914 0 4 9 32801 1870
1914 0 8 36 32789 1872
1914 0 50 45 32783 1880
1915 0 38 9 32795 1852
1915 0 43 27 32796 1898
1915 0 8 36 32789 1873
1915 0 50 45 32784 1885
1916 0 51 9 32786 1854
1916 0 56 27 32797 1874
1916 0 8 36 32789 1874
1916 0 50 45 32783 1881
1917 0 38 9 32795 1853
1917 0 43 27 32796 1899
1917 0 8 36 32789 1875
1917 0 50 45 32784 1887
1918 0 51 9 32786 1855
1918 1 47 15 32797 1891
1918 0 56 27 32797 1875
1918 0 19 45 32789 1883
1918 1 26 62 32788 1871
1919 0 38 9 32795 1854
1919 0 43 27 32796 1900
1919 0 50 45 32784 1888
1920 0 51 9 32786 1856
1920 0 56 27 32797 1876
1920 0 19 45 32789 1884
1920 0 58 63 32796 1888
1921 0 38 9 32795 1855
1921 0 43 27 32796 1901
1921 1 42 36 32788 1899
1921 0 50 45 32784 1889
1921 0 58 63 32796 1889
1922 0 51 9 32786 1857
1922 0 56 27 32797 1877
1922 0 19 45 32789 1885
1922 0 58 63 32796 1890
1923 0 51 9 32786 1858
1923 0 43 27 32796 1902
1923 0 50 45 32784 1890
1923 1 12 48 32789 1871
1923 0 58 63 32796 1891
1924 0 52 9 32797 1850
1924 0 56 27 32797 1878
1924 0 19 45 32789 1886
1924 0 58 63 32796 1892
1925 0 51 9 32786 1859
1925 0 43 27 32796 1903
1925 0 50 45 32784 1891
1925 0 44 63 32790 1893
1926 0 17 0 32790 1904
1926 0 52 9 32797 1851
1926 0 56 27 32797 1879
1926 0 19 45 32789 1887
1926 0 58 63 32796 1893
1927 0 17 0 32790 1906
1927 0 51 9 32786 1860
1927 0 43 27 32796 1904
1927 0 62 36 32804 1895
1927 0 50 45 32784 1892
1927 0 44 63 32790 1894
1928 0 17 0 32790 1907
1928 0 52 9 32797 1852
1928 1 40 22 32796 1876
1928 0 56 27 32797 1880
1928 0 62 36 32804 1896
1928 0 19 45 32789 1888
1928 0 40 54 32797 1885
1928 0 58 63 32796 1894
1929 0 17 0 32790 1908
1929 0 51 9 32786 1861
1929 0 43 27 32796 1905
1929 0 62 36 32804 1897
1929 0 19 45 32789 1889
1929 0 40 54 32797 1886
1929 0 44 63 32790 1895
1930 0 17 0 32790 1909
1930 0 52 9 32797 1853
1930 0 56 27 32797 1882
1930 0 62 36 32804 1898
1930 0 19 45 32789 1890
1930 0 40 54 32797 1887
1930 0 58 63 32796 1895
1931 0 17 0 32790 1910
1931 0 51 9 32786 1862
1931 0 43 27 32796 1906
1931 0 62 36 32804 1899
1931 0 19 45 32789 1891
1931 0 40 54 32797 1888
1931 0 44 63 32790 1896
1932 0 17 0 32790 1911
1932 0 52 9 32797 1854
1932 0 56 27 32797 1883
1932 0 62 36 32804 1900
1932 0 19 45 32789 1892
1932 0 40 54 32797 1889
1932 0 58 63 32796 1896
1933 0 17 0 32790 1912
1933 0 51 9 32786 1864
1933 0 43 27 32796 1907
1933 0 62 36 32804 1901
1933 0 40 54 32797 1890
1933 0 44 63 32790 1897
1934 0 17 0 32790 1913
1934 0 52 9 32797 1855
1934 0 56 27 32797 1884
1934 0 62 36 32804 1902
1934 0 56 45 32799 1885
1934 0 24 54 32799 1882
1934 0 58 63 32796 1897
1935 0 43 0 32795 1888
1935 0 52 9 32797 1856
1935 0 40 18 32798 1903
1935 0 56 45 32799 1886
1935 0 40 54 32797 1891
1935 0 44 63 32790 1898
1936 0 17 0 32790 1914
1936 0 40 18 32798 1904
1936 0 62 36 32804 1903
1936 0 56 45 32799 1887
1936 0 24 54 32799 1883
1936 0 50 63 32786 1893
1937 0 43 0 32795 1889
1937 0 52 9 32797 1857
1937 0 40 18 32798 1905
1937 0 56 45 32799 1888
1937 0 40 54 32797 1892
1937 0 44 63 32790 1899
1938 0 43 0 32795 1890
1938 0 52 9 32797 1858
1938 0 40 18 32798 1906
1938 0 62 36 32804 1904
1938 0 56 45 32799 1889
1938 1 7 48 32791 1858
1938 0 24 54 32799 1884
1938 0 50 63 32786 1894
1939 0 43 0 32795 1891
1939 0 40 18 32798 1907
1939 1 6 36 32792 1902
1939 0 56 45 32799 1890
1939 0 40 54 32797 1893
1939 0 44 63 32790 1900
1940 0 43 0 32795 1892
1940 0 52 9 32797 1859
1940 0 40 18 32798 1908
1940 0 56 45 32799 1891
1940 0 24 54 32799 1885
1940 0 50 63 32786 1895
1941 0 43 0 32795 1893
1941 1 35 1 32790 1896
1941 1 32 13 32798 1894
1941 0 40 18 32798 1909
1941 0 56 45 32799 1892
1941 0 40 54 32797 1894
1941 0 44 63 32790 1901
1942 0 43 0 32795 1894
1942 1 49 4 32790 1890
1942 1 12 8 32790 1915
1942 0 40 18 32798 1910
1942 0 56 45 32799 1893
1942 0 24 54 32799 1886
1942 0 50 63 32786 1896
1943 0 43 0 32795 1895
1943 0 41 9 32793 1916
1943 0 40 18 32798 1911
1943 0 56 45 32799 1894
1943 0 24 54 32799 1887
1943 0 44 63 32790 1902
1944 0 43 0 32795 1896
1944 1 35 1 32791 1905
1944 0 41 9 32793 1917
1944 0 40 18 32798 1913
1944 0 24 54 32799 1888
1944 0 50 63 32786 1897
1945 0 43 0 32795 1897
1945 0 41 9 32793 1918
1945 1 21 11 32796 1923
1945 0 24 54 32799 1889
1945 0 50 63 32786 1898
1946 0 41 9 32793 1919
1946 1 52 27 32799 1919
1946 0 24 54 32799 1890
1946 0 50 63 32786 1899
1947 0 41 9 32793 1920
1947 0 39 18 32791 1904
1947 1 36 30 32784 1925
1947 0 24 54 32799 1891
1947 0 50 63 32786 1900
1948 0 41 9 32793 1921
1948 0 39 18 32791 1905
1948 0 50 63 32786 1901
1949 0 41 9 32793 1922
1949 0 39 18 32791 1906
1949 1 62 54 32805 1937
1949 1 40 60 32799 1912
1949 0 50 63 32786 1902
1950 0 31 9 32782 1903
1950 0 39 18 32791 1907
1951 0 52 0 32798 1894
1951 0 41 9 32793 1923
1951 0 46 18 32788 1909
1952 0 52 0 32798 1895
1952 0 31 9 32782 1904
1952 0 39 18 32791 1908
1952 0 10 63 32792 1885
1953 0 52 0 32798 1896
1953 0 41 9 32793 1924
1953 0 46 18 32788 1910
1953 0 10 63 32792 1886
1954 0 52 0 32798 1897
1954 0 31 9 32782 1905
1954 0 39 18 32791 1909
1954 0 10 63 32792 1887
1955 0 52 0 32798 1898
1955 0 41 9 32793 1925
1955 0 46 18 32788 1911
1955 0 10 63 32792 1888
1956 0 52 0 32798 1899
1956 0 31 9 32782 1906
1956 0 39 18 32791 1910
1956 0 10 63 32792 1889
1957 0 52 0 32798 1900
1957 0 31 9 32782 1907
1957 0 46 18 32788 1912
1957 0 63 27 32785 1902
1957 0 10 63 32792 1890
1958 0 52 0 32798 1901
1958 0 25 9 32794 1937
1958 0 39 18 32791 1911
1958 0 63 27 32785 1903
1958 0 10 63 32792 1891
1959 0 52 0 32798 1902
1959 0 31 9 32782 1908
1959 0 46 18 32788 1913
1959 0 63 27 32785 1904
1959 0 52 54 32800 1942
1959 0 10 63 32792 1892
1960 0 52 0 32798 1903
1960 0 25 9 32794 1938
1960 0 39 18 32791 1912
1960 0 63 27 32785 1905
1960 0 10 63 32792 1893
1961 0 31 9 32782 1909
1961 0 46 18 32788 1914
1961 0 63 27 32785 1906
1961 0 52 54 32800 1943
1961 0 10 63 32792 1894
1962 0 25 9 32794 1939
1962 0 39 18 32791 1913
1962 0 18 27 32785 1945
1962 0 53 36 32789 1940
1963 0 31 9 32782 1910
1963 0 46 18 32788 1915
1963 0 63 27 32785 1907
1963 0 53 36 32789 1941
1963 0 52 54 32800 1944
1963 0 10 63 32793 1899
1964 0 25 9 32794 1940
1964 0 15 18 32789 1919
1964 0 18 27 32785 1946
1964 1 27 31 32792 1937
1964 0 57 36 32793 1927
1964 0 10 63 32793 1900
1965 0 31 9 32782 1911
1965 0 46 18 32788 1916
1965 0 63 27 32785 1908
1965 0 53 36 32789 1942
1965 0 52 54 32800 1945
1965 0 10 63 32793 1901
1966 0 25 9 32794 1941
1966 0 15 18 32789 1920
1966 0 18 27 32785 1947
1966 0 57 36 32793 1928
1966 0 51 63 32788 1934
1967 0 31 9 32782 1912
1967 0 46 18 32788 1917
1967 0 63 27 32785 1909
1967 0 53 36 32789 1943
1967 0 52 54 32800 1946
1967 0 10 63 32793 1902
1968 0 25 9 32794 1942
1968 0 15 18 32789 1921
1968 0 18 27 32785 1948
1968 0 57 36 32793 1929
1968 0 51 63 32788 1935
1969 0 61 0 32788 1902
1969 0 25 9 32794 1943
1969 0 46 18 32788 1918
1969 0 63 27 32785 1910
1969 0 53 36 32789 1944
1969 0 52 54 32800 1947
1969 0 10 63 32793 1903
1970 0 61 0 32788 1903
1970 1 43 5 32797 1928
1970 0 59 9 32794 1917
1970 0 15 18 32789 1922
1970 0 18 27 32785 1949
1970 0 57 36 32793 1930
1970 0 51 63 32788 1936
1971 0 61 0 32788 1904
1971 0 25 9 32794 1944
1971 0 55 18 32789 1903
1971 0 63 27 32785 1911
1971 0 53 36 32789 1945
1971 0 52 54 32800 1948
1971 0 10 63 32793 1904
1972 0 61 0 32788 1905
1972 0 59 9 32794 1918
1972 0 15 18 32789 1923
1972 0 18 27 32785 1950
1972 0 57 36 32793 1931
1972 0 51 63 32788 1937
1973 0 61 0 32788 1906
1973 1 31 7 32783 1951
1973 0 25 9 32794 1946
1973 0 55 18 32789 1904
1973 0 18 27 32785 1951
1973 0 53 36 32789 1946
1973 0 52 54 32800 1949
1973 0 10 63 32793 1905
1974 0 61 0 32788 1907
1974 0 59 9 32794 1919
1974 0 15 18 32789 1924
1974 0 18 27 32785 1952
1974 0 57 36 32793 1932
1974 0 52 54 32800 1950
1974 0 51 63 32788 1938
1975 0 61 0 32788 1908
1975 0 25 9 32794 1948
1975 0 55 18 32789 1905
1975 0 18 27 32785 1953
1975 0 53 36 32789 1947
1975 0 52 54 32800 1951
1975 0 10 63 32793 1906
1976 0 61 0 32788 1909
1976 0 59 9 32794 1920
1976 0 15 18 32789 1925
1976 0 18 27 32785 1954
1976 0 57 36 32793 1933
1976 0 51 63 32788 1939
1977 0 61 0 32788 1910
1977 0 59 9 32794 1921
1977 0 55 18 32789 1906
1977 0 53 36 32789 1948
1977 0 10 63 32793 1907
1978 0 61 0 32788 1911
1978 0 59 9 32794 1922
1978 0 15 18 32789 1926
1978 0 57 36 32793 1934
1978 0 51 63 32788 1940
1979 0 59 9 32794 1923
1979 0 55 18 32789 1907
1979 0 53 36 32789 1949
1979 0 10 63 32793 1908
1980 0 59 9 32794 1924
1980 0 15 18 32789 1927
1980 0 57 36 32793 1935
1980 0 51 63 32788 1941
1981 0 59 9 32794 1925
1981 0 55 18 32789 1908
1981 0 57 36 32793 1936
1981 0 51 63 32788 1942
1982 0 59 9 32794 1926
1982 0 15 18 32789 1928
1982 0 41 36 32794 1952
1982 0 21 45 32797 1960
1982 1 36 63 32785 1930
1983 0 55 18 32789 1909
1983 0 41 36 32794 1953
1983 0 21 45 32797 1961
1983 0 51 63 32788 1943
1984 0 15 18 32790 1933
1984 0 41 36 32794 1954
1984 0 21 45 32797 1962
1985 0 55 18 32789 1910
1985 1 32 34 32800 1968
1985 0 41 36 32794 1955
1985 0 45 45 32789 1978
1985 1 17 63 32791 1905
1986 0 15 18 32790 1934
1986 0 41 36 32794 1956
1986 0 21 45 32797 1963
1986 0 25 63 32793 1927
1987 0 55 18 32789 1911
1987 0 41 36 32794 1957
1987 0 45 45 32789 1979
1987 0 25 63 32793 1928
1988 0 15 18 32790 1935
1988 0 41 36 32794 1958
1988 0 21 45 32797 1964
1988 0 36 63 32786 1941
1989 0 61 9 32789 1932
1989 0 55 18 32789 1912
1989 0 41 36 32794 1959
1989 0 45 45 32789 1980
1989 1 43 46 32798 1967
1989 0 25 63 32793 1929
1990 0 61 9 32789 1933
1990 0 15 18 32790 1936
1990 0 41 36 32794 1960
1990 0 21 45 32797 1965
1990 0 36 63 32786 1942
1991 0 61 9 32789 1934
1991 0 2 18 32792 1969
1991 0 41 36 32794 1961
1991 0 45 45 32789 1981
1991 0 25 63 32793 1930
1992 0 11 0 32800 1965
1992 0 61 9 32789 1935
1992 0 15 18 32790 1937
1992 0 21 45 32797 1966
1992 0 36 63 32786 1943
1993 0 11 0 32800 1966
1993 0 61 9 32789 1936
1993 0 2 18 32792 1970
1993 0 45 45 32789 1982
1993 0 25 63 32793 1931
1994 0 11 0 32800 1967
1994 0 50 9 32787 1957
1994 0 15 18 32790 1938
1994 0 21 45 32797 1967
1994 0 36 63 32786 1944
1995 0 11 0 32800 1968
1995 0 61 9 32789 1937
1995 0 2 18 32792 1971
1995 1 63 60 32786 1973
1995 0 25 63 32793 1932
1996 0 11 0 32800 1969
1996 0 50 9 32787 1958
1996 0 15 18 32790 1939
1996 0 45 45 32789 1983
1996 0 36 63 32786 1945
1997 0 11 0 32800 1970
1997 0 61 9 32789 1938
1997 0 2 18 32792 1972
1997 0 21 45 32797 1968
1997 0 25 63 32793 1933
1998 0 11 0 32800 1971
1998 0 50 9 32787 1959
1998 0 15 18 32790 1940
1998 0 45 45 32789 1984
1998 0 36 63 32786 1946
1999 0 11 0 32800 1972
1999 0 61 9 32789 1939
1999 0 2 18 32792 1973
1999 0 21 45 32797 1969
1999 0 25 63 32793 1934
2000 0 11 0 32800 1973
2000 0 50 9 32787 1960
2000 0 15 18 32790 1941
2000 0 45 45 32789 1985
2000 0 52 54 32801 1983
2000 0 36 63 32786 1947
2001 0 11 0 32800 1974
2001 0 61 9 32789 1940
2001 0 2 18 32792 1974
2001 0 53 45 32790 1979
2001 0 31 54 32784 1974
2001 0 25 63 32793 1935
2002 0 50 9 32787 1961
2002 0 15 18 32790 1942
2002 0 45 45 32789 1986
2002 0 52 54 32801 1984
2002 0 36 63 32786 1948
2003 0 61 9 32789 1941
2003 0 2 18 32792 1975
2003 0 53 45 32790 1980
2003 0 31 54 32784 1975
2003 0 25 63 32793 1936
2004 0 50 9 32787 1962
2004 0 44 18 32791 1944
2004 0 45 45 32789 1987
2004 0 52 54 32801 1985
2004 0 36 63 32786 1949
2005 0 50 9 32787 1963
2005 0 2 18 32792 1976
2005 0 47 27 32798 1968
2005 0 53 45 32790 1981
2005 0 31 54 32784 1976
2005 0 57 63 32794 1961
2006 0 50 9 32787 1964
2006 1 39 11 32792 1964
2006 0 44 18 32791 1945
2006 0 47 27 32798 1969
2006 1 7 45 32792 1962
2006 0 52 54 32801 1986
2006 0 36 63 32786 1950
2007 0 50 9 32787 1965
2007 0 2 18 32792 1977
2007 1 47 21 32799 1975
2007 0 47 27 32798 1970
2007 0 53 45 32790 1982
2007 0 31 54 32784 1977
2007 0 57 63 32794 1962
2008 0 50 9 32787 1966
2008 0 44 18 32791 1946
2008 0 47 27 32798 1971
2008 0 38 45 32797 1990
2008 0 52 54 32801 1987
2008 0 6 63 32793 1942
2009 0 2 18 32792 1978
2009 0 47 27 32798 1972
2009 0 16 36 32791 1972
2009 0 53 45 32790 1983
2009 0 31 54 32784 1978
2009 0 57 63 32794 1963
2010 0 44 18 32791 1947
2010 0 47 27 32798 1973
2010 0 16 36 32791 1973
2010 0 38 45 32797 1991
2010 0 52 54 32801 1988
2010 0 6 63 32793 1943
2011 0 29 18 32788 1962
2011 0 47 27 32798 1974
2011 0 16 36 32791 1975
2011 0 53 45 32790 1984
2011 0 31 54 32784 1979
2011 0 57 63 32794 1964
2012 0 44 18 32791 1948
2012 1 18 27 32787 1995
2012 0 16 36 32791 1976
2012 0 38 45 32797 1992
2012 0 52 54 32801 1989
2012 0 6 63 32793 1944
2013 0 29 18 32788 1963
2013 0 47 27 32798 1976
2013 0 16 36 32791 1977
2013 0 53 45 32790 1985
2013 0 31 54 32784 1980
2013 0 57 63 32794 1965
2014 0 44 18 32791 1949
2014 0 47 27 32798 1977
2014 0 16 36 32791 1978
2014 0 38 45 32797 1993
2014 0 52 54 32801 1990
2014 0 6 63 32793 1945
2015 0 29 18 32788 1964
2015 0 47 27 32798 1978
2015 1 44 33 32792 1988
2015 0 16 36 32791 1979
2015 0 53 45 32790 1986
2015 0 31 54 32784 1981
2015 0 57 63 32794 1966
2016 0 44 18 32791 1950
2016 0 10 36 32794 1984
2016 0 38 45 32797 1994
2016 0 52 54 32801 1991
2016 0 6 63 32793 1946
2017 0 29 18 32788 1965
2017 0 16 36 32791 1980
2017 0 53 45 32790 1987
2017 0 31 54 32784 1982
2017 0 57 63 32794 1967
2018 1 29 7 32789 1986
2018 0 44 18 32791 1951
2018 0 10 36 32794 1985
2018 0 38 45 32797 1995
2018 0 52 54 32801 1992
2018 0 6 63 32793 1947
2019 0 9 0 32789 2002
2019 0 29 18 32788 1966
2019 0 16 36 32791 1981
2019 0 53 45 32790 1988
2019 0 31 54 32784 1983
2019 0 57 63 32794 1968
2020 0 9 0 32789 2003
2020 0 44 18 32791 1952
2020 0 10 36 32794 1986
2020 0 38 45 32797 1996
2020 0 18 54 32786 1962
2020 0 6 63 32793 1948
2021 0 9 0 32789 2004
2021 0 29 18 32788 1967
2021 0 16 36 32791 1982
2021 0 0 45 32784 1949
2021 0 18 54 32786 1963
2021 0 57 63 32794 1969
2022 0 9 0 32789 2005
2022 0 44 18 32791 1953
2022 0 10 36 32794 1987
2022 0 38 45 32797 1997
2022 0 18 54 32786 1964
2022 0 6 63 32793 1949
2023 0 9 0 32789 2006
2023 0 29 18 32788 1968
2023 0 10 36 32794 1988
2023 0 0 45 32784 1950
2023 0 18 54 32786 1965
2023 0 57 63 32794 1970
2024 0 9 0 32789 2007
2024 0 3 18 32797 1995
2024 0 25 36 32795 1995
2024 0 38 45 32797 1998
2024 0 18 54 32786 1966
2024 0 6 63 32793 1950
2025 0 9 0 32789 2008
2025 0 22 9 32794 1988
2025 0 29 18 32788 1969
2025 0 10 36 32794 1989
2025 0 0 45 32784 1951
2025 0 18 54 32786 1967
2025 0 6 63 32793 1951
2026 0 9 0 32789 2009
2026 0 22 9 32794 1989
2026 0 3 18 32797 1996
2026 0 25 36 32795 1996
2026 1 5 40 32788 1969
2026 0 38 45 32797 1999
2026 0 18 54 32786 1968
2027 0 9 0 32789 2010
2027 0 22 9 32794 1990
2027 0 29 18 32788 1970
2027 1 5 20 32789 2003
2027 0 10 36 32794 1990
2027 0 0 45 32784 1952
2027 0 18 54 32786 1969
2028 0 9 0 32789 2011
2028 0 22 9 32794 1991
2028 0 3 18 32797 1997
2028 0 25 36 32795 1997
2028 0 0 45 32784 1953
2028 0 18 54 32786 1970
2029 0 22 9 32794 1992
2029 1 8 14 32790 1982
2029 0 29 18 32788 1971
2029 0 10 36 32794 1991
2029 0 18 54 32786 1971
2030 0 22 9 32794 1993
2030 0 3 18 32797 1998
2030 0 25 36 32795 1998
2030 0 0 45 32784 1954
2031 0 22 9 32794 1994
2031 0 32 18 32799 1967
2031 0 10 36 32794 1992
2031 0 0 45 32784 1955
2031 0 37 54 32797 2000
2032 0 22 9 32794 1995
2032 0 3 18 32797 1999
2032 0 25 36 32795 1999
2032 0 0 45 32784 1956
2032 0 37 54 32797 2001
2032 0 60 63 32792 2010
2033 0 8 9 32791 2021
2033 0 32 18 32799 1969
2033 0 10 36 32794 1993
2033 0 0 45 32784 1957
2033 0 37 54 32797 2002
2033 0 48 63 32791 1985
2034 0 22 9 32794 1996
2034 0 3 18 32797 2000
2034 0 25 36 32795 2000
2034 0 0 45 32784 1958
2034 1 36 53 32788 2005
2034 0 37 54 32797 2003
2034 0 60 63 32792 2011
2035 0 8 9 32791 2022
2035 0 32 18 32799 1970
2035 0 25 36 32795 2001
2035 0 37 54 32797 2004
2035 0 48 63 32791 1986
2036 1 21 4 32798 2014
2036 0 22 9 32794 1997
2036 0 3 18 32797 2001
2036 0 43 36 32799 2019
2036 0 37 54 32797 2005
2036 1 49 62 32791 1999
2036 0 60 63 32792 2012
2037 0 8 9 32791 2023
2037 1 30 16 32791 1995
2037 0 32 18 32799 1971
2037 0 25 36 32795 2002
2037 0 37 54 32797 2006
2037 0 48 63 32791 1987
2038 1 2 7 32793 2006
2038 0 45 9 32790 1988
2038 0 3 18 32797 2002
2038 0 43 36 32799 2020
2038 0 44 54 32793 2016
2038 0 60 63 32792 2013
2039 0 8 9 32791 2024
2039 0 32 18 32799 1972
2039 0 32 27 32802 2012
2039 0 25 36 32795 2003
2039 0 37 54 32797 2007
2039 0 48 63 32791 1988
2040 0 45 9 32790 1989
2040 0 3 18 32797 2003
2040 0 32 27 32802 2013
2040 0 43 36 32799 2021
2040 0 44 54 32793 2017
2040 0 60 63 32792 2014
2041 0 8 9 32791 2025
2041 0 32 18 32799 1973
2041 0 32 27 32802 2014
2041 0 25 36 32795 2004
2041 1 28 51 32781 2014
2041 0 37 54 32797 2008
2041 0 48 63 32791 1989
2042 0 45 9 32790 1990
2042 0 3 18 32797 2004
2042 0 32 27 32802 2015
2042 0 43 36 32799 2022
2042 1 32 46 32801 1979
2042 0 44 54 32793 2018
2042 0 60 63 32792 2015
2043 0 8 9 32791 2026
2043 0 32 18 32799 1974
2043 0 32 27 32802 2016
2043 0 11 36 32801 1993
2043 1 45 43 32792 2026
2043 0 37 54 32797 2009
2043 0 48 63 32791 1990
2044 0 45 9 32790 1991
2044 0 48 18 32792 1995
2044 0 32 27 32802 2017
2044 0 43 36 32799 2023
2044 0 44 54 32793 2019
2044 0 60 63 32792 2016
2045 0 8 9 32791 2027
2045 0 32 18 32799 1975
2045 0 32 27 32802 2018
2045 0 11 36 32801 1994
2045 1 57 49 32796 2033
2045 0 44 54 32793 2020
2045 0 48 63 32791 1991
2046 0 36 0 32787 1999
2046 0 45 9 32790 1992
2046 0 48 18 32792 1996
2046 0 32 27 32802 2019
2046 0 43 36 32799 2024
2046 0 44 54 32793 2021
2046 0 60 63 32792 2017
2047 0 36 0 32787 2000
2047 0 8 9 32791 2028
2047 0 32 18 32799 1976
2047 0 32 27 32802 2020
2047 0 11 36 32801 1995
2047 0 44 54 32793 2022
2047 0 48 63 32791 1992
2048 0 36 0 32787 2001
2048 0 45 9 32790 1993
2048 0 48 18 32792 1997
2048 0 32 27 32802 2021
2048 1 59 30 32795 2005
2048 0 43 36 32799 2025
2048 0 44 54 32793 2023
2048 0 60 63 32792 2018
2049 0 36 0 32787 2002
2049 0 8 9 32791 2029
2049 0 32 18 32799 1977
2049 0 11 36 32801 1996
2049 0 44 54 32793 2024
2049 0 48 63 32791 1993
2050 0 36 0 32787 2003
2050 0 45 9 32790 1994
2050 0 48 18 32792 1998
2050 0 43 36 32799 2026
2050 0 44 54 32793 2025
2050 0 60 63 32792 2019
2051 0 36 0 32787 2004
2051 0 8 9 32791 2030
2051 0 48 18 32792 1999
2051 0 45 27 32791 2024
2051 0 11 36 32801 1997
2051 0 48 63 32791 1994
2052 0 36 0 32787 2006
2052 0 45 9 32790 1995
2052 0 48 18 32792 2000
2052 0 45 27 32791 2025
2052 0 43 36 32799 2027
2052 0 23 63 32797 2003
2053 0 36 0 32787 2007
2053 0 51 9 32789 1994
2053 0 48 18 32792 2001
2053 0 45 27 32791 2027
2053 0 11 36 32801 1998
2053 0 63 63 32787 2025
2054 0 36 0 32787 2008
2054 0 45 9 32790 1996
2054 0 48 18 32792 2002
2054 0 45 27 32791 2028
2054 0 43 36 32799 2028
2054 0 23 63 32797 2004
2055 0 36 0 32787 2009
2055 0 51 9 32789 1995
2055 0 48 18 32792 2003
2055 0 45 27 32791 2029
2055 0 11 36 32801 1999
2055 0 63 63 32787 2026
2056 0 45 9 32790 1997
2056 0 48 18 32792 2004
2056 0 45 27 32791 2030
2056 0 11 36 32801 2000
2056 0 23 63 32797 2005
2057 0 51 9 32789 1996
2057 0 45 27 32791 2031
2057 0 60 36 32793 2030
2057 0 63 63 32787 2027
2058 0 51 9 32789 1997
2058 0 45 27 32791 2032
2058 0 11 36 32801 2001
2058 0 56 45 32800 2014
2058 0 23 63 32797 2006
2059 0 51 9 32789 1998
2059 0 45 27 32791 2033
2059 0 60 36 32793 2031
2059 0 13 45 32790 2031
2059 0 63 63 32787 2028
2060 0 51 9 32789 1999
2060 0 45 27 32791 2034
2060 0 11 36 32801 2002
2060 1 43 44 32800 2048
2060 0 56 45 32800 2015
2060 1 38 48 32798 2013
2060 0 23 63 32797 2007
2061 0 51 9 32789 2000
2061 0 60 36 32793 2032
2061 0 13 45 32790 2032
2061 0 63 63 32787 2029
2062 0 51 9 32789 2001
2062 1 51 21 32790 2025
2062 1 14 36 32797 2028
2062 0 56 45 32800 2016
2062 0 23 63 32797 2008
2063 0 1 0 32790 2051
2063 0 51 9 32789 2002
2063 0 35 18 32792 2041
2063 0 60 36 32793 2033
2063 0 13 45 32790 2033
2063 1 39 46 32793 2046
2063 0 63 63 32787 2030
2064 0 1 0 32790 2052
2064 0 51 9 32789 2003
2064 0 35 18 32792 2042
2064 1 12 19 32792 2047
2064 0 60 36 32793 2034
2064 0 56 45 32800 2017
2064 0 23 63 32797 2009
2065 0 1 0 32790 2053
2065 0 42 9 32789 2029
2065 0 12 18 32791 2043
2065 0 60 36 32793 2035
2065 0 13 45 32790 2034
2065 0 63 63 32787 2031
2066 0 1 0 32790 2054
2066 0 42 9 32789 2030
2066 0 35 18 32792 2043
2066 0 60 36 32793 2036
2066 0 56 45 32800 2018
2066 0 23 63 32797 2010
2067 0 27 0 32793 2030
2067 0 27 9 32794 2040
2067 0 12 18 32791 2044
2067 0 4 36 32802 2040
2067 0 13 45 32790 2035
2067 1 18 54 32788 2020
2067 0 63 63 32787 2032
2068 0 1 0 32790 2055
2068 0 42 9 32789 2031
2068 0 35 18 32792 2044
2068 0 60 36 32793 2037
2068 0 56 45 32800 2019
2068 0 23 63 32797 2011
2069 0 27 0 32793 2031
2069 0 27 9 32794 2041
2069 0 12 18 32791 2045
2069 0 4 36 32802 2041
2069 0 13 45 32790 2036
2069 0 63 63 32787 2052
2070 0 1 0 32790 2056
2070 0 42 9 32789 2032
2070 0 35 18 32792 2045
2070 1 36 31 32789 2043
2070 1 0 34 32785 2033
2070 0 60 36 32793 2038
2070 0 56 45 32800 2020
2070 0 23 63 32797 2012
2071 0 27 0 32793 2032
2071 0 27 9 32794 2042
2071 0 12 18 32791 2046
2071 0 4 36 32802 2042
2071 0 13 45 32790 2037
2071 0 63 63 32787 2054
2072 0 1 0 32790 2057
2072 0 42 9 32789 2033
2072 0 35 18 32792 2046
2072 0 60 36 32793 2039
2072 0 56 45 32800 2021
2072 1 16 63 32792 1974
2073 0 27 0 32793 2033
2073 0 27 9 32794 2043
2073 0 12 18 32791 2048
2073 0 4 36 32802 2043
2073 0 13 45 32790 2038
2073 1 63 63 32788 2059
2074 0 1 0 32790 2058
2074 0 42 9 32789 2034
2074 0 35 18 32792 2047
2074 0 4 36 32802 2044
2074 0 56 45 32800 2022
2074 0 57 63 32795 2000
2075 0 27 0 32793 2034
2075 0 27 9 32794 2044
2075 0 12 18 32791 2049
2075 0 4 36 32802 2045
2075 0 13 45 32790 2039
2075 0 58 63 32797 2015
2076 0 1 0 32790 2059
2076 0 42 9 32789 2035
2076 1 4 15 32803 2049
2076 0 35 18 32792 2048
2076 0 4 36 32802 2046
2076 0 56 45 32800 2023
2076 0 6 54 32794 2039
2076 0 57 63 32795 2001
2077 0 27 0 32793 2035
2077 0 27 9 32794 2045
2077 0 12 18 32791 2050
2077 0 4 36 32802 2047
2077 0 13 45 32790 2040
2077 0 6 54 32794 2040
2077 0 58 63 32797 2016
2078 0 1 0 32790 2060
2078 0 42 9 32789 2036
2078 0 35 18 32792 2049
2078 0 4 36 32802 2048
2078 0 55 45 32790 2040
2078 0 6 54 32794 2041
2078 0 57 63 32795 2002
2079 0 27 0 32793 2036
2079 0 27 9 32794 2046
2079 0 12 18 32791 2051
2079 0 4 36 32802 2050
2079 0 55 45 32790 2041
2079 0 6 54 32794 2042
2079 0 58 63 32797 2017
2080 0 27 0 32793 2037
2080 0 42 9 32789 2037
2080 0 35 18 32792 2050
2080 0 55 45 32790 2042
2080 0 6 54 32794 2043
2080 0 57 63 32795 2003
2081 0 27 0 32793 2038
2081 0 27 9 32794 2047
2081 1 6 11 32795 2054
2081 0 12 18 32791 2052
2081 0 55 45 32790 2043
2081 0 6 54 32794 2044
2081 0 58 63 32797 2018
2082 0 27 0 32793 2039
2082 0 42 9 32789 2038
2082 0 12 18 32791 2053
2082 0 55 45 32790 2044
2082 0 6 54 32794 2045
2082 0 57 63 32795 2004
2083 0 27 9 32794 2048
2083 0 55 45 32790 2045
2083 0 6 54 32794 2046
2083 0 58 63 32797 2019
2084 0 27 9 32794 2049
2084 0 55 45 32790 2046
2084 0 6 54 32794 2047
2084 0 57 63 32795 2005
2085 0 25 9 32796 2064
2085 0 24 36 32800 2053
2085 0 55 45 32790 2047
2085 0 6 54 32794 2048
2085 1 17 59 32792 2043
2085 0 58 63 32797 2020
2086 0 25 9 32796 2065
2086 0 24 36 32800 2054
2086 0 55 45 32790 2048
2086 0 56 54 32801 2042
2086 0 57 63 32795 2006
2087 0 23 9 32798 2045
2087 0 24 36 32800 2055
2087 1 60 43 32794 2065
2087 0 55 45 32790 2049
2087 0 56 54 32801 2043
2087 0 58 63 32797 2021
2088 0 25 9 32796 2066
2088 0 24 36 32800 2056
2088 1 20 40 32794 2046
2088 0 56 54 32801 2044
2088 0 57 63 32795 2007
2089 0 23 9 32798 2046
2089 0 24 36 32800 2057
2089 0 44 45 32795 2077
2089 0 56 54 32801 2045
2089 0 58 63 32797 2022
2090 0 25 9 32796 2067
2090 0 24 36 32800 2058
2090 0 44 45 32795 2078
2090 0 56 54 32801 2046
2090 0 57 63 32795 2008
2091 0 23 9 32798 2047
2091 0 30 36 32792 2069
2091 0 44 45 32795 2079
2091 0 56 54 32801 2047
2091 0 58 63 32797 2023
2092 0 25 9 32796 2068
2092 0 24 36 32800 2059
2092 0 44 45 32795 2080
2092 0 56 54 32801 2048
2092 0 57 63 32795 2009
2093 0 23 9 32798 2048
2093 0 30 36 32792 2070
2093 0 44 45 32795 2081
2093 0 56 54 32801 2049
2093 0 58 63 32797 2024
2094 0 25 9 32796 2069
2094 0 24 36 32800 2060
2094 0 44 45 32795 2082
2094 0 56 54 32801 2050
2094 0 28 63 32782 2031
2095 0 23 9 32798 2049
2095 0 30 36 32792 2071
2095 0 44 45 32795 2083
2095 0 56 54 32801 2051
2095 0 26 63 32790 2002
2096 0 25 9 32796 2070
2096 0 24 36 32800 2061
2096 0 44 45 32795 2084
2096 0 28 63 32782 2032
2097 0 23 9 32798 2050
2097 0 30 36 32792 2072
2097 0 44 45 32795 2085
2097 0 26 63 32790 2003
2098 0 25 9 32796 2071
2098 0 24 36 32800 2062
2098 0 44 45 32795 2086
2098 0 28 63 32782 2033
2099 0 61 0 32790 2032
2099 0 23 9 32798 2051
2099 0 30 36 32792 2073
2099 0 26 63 32790 2004
2100 0 61 0 32790 2033
2100 0 25 9 32796 2072
2100 0 46 36 32789 2072
2100 0 28 63 32782 2034
2101 0 61 0 32790 2034
2101 0 23 9 32798 2052
2101 0 30 36 32792 2074
2101 0 61 54 32791 2084
2101 0 26 63 32790 2005
2102 0 61 0 32790 2035
2102 0 25 9 32796 2073
2102 0 46 36 32789 2073
2102 1 45 38 32793 2085
2102 0 61 54 32791 2085
2102 0 28 63 32782 2035
2103 0 61 0 32790 2036
2103 0 23 9 32798 2053
2103 0 30 36 32792 2075
2103 0 61 54 32791 2086
2103 0 26 63 32790 2006
2104 0 61 0 32790 2037
2104 1 55 28 32791 2063
2104 0 46 36 32789 2074
2104 0 61 54 32791 2087
2104 0 28 63 32782 2036
2105 0 61 0 32790 2038
2105 1 13 5 32791 2093
2105 0 23 9 32798 2054
2105 0 30 36 32792 2076
2105 0 61 54 32791 2088
2105 0 26 63 32790 2007
2106 0 61 0 32790 2039
2106 0 56 9 32802 2064
2106 0 46 36 32789 2075
2106 0 22 54 32796 2079
2106 0 28 63 32782 2037
2107 0 61 0 32790 2040
2107 0 56 9 32802 2065
2107 1 55 29 32792 2075
2107 0 30 36 32792 2077
2107 0 21 45 32799 2085
2107 0 61 54 32791 2089
2107 0 26 63 32790 2008
2108 0 61 0 32790 2041
2108 0 56 9 32802 2066
2108 0 46 36 32789 2076
2108 0 0 45 32786 2050
2108 0 22 54 32796 2080
2108 0 28 63 32782 2038
2109 0 56 9 32802 2067
2109 0 30 36 32792 2078
2109 0 21 45 32799 2086
2109 0 61 54 32791 2090
2109 0 26 63 32790 2009
2110 0 56 9 32802 2068
2110 1 23 16 32799 2067
2110 0 46 36 32789 2077
2110 0 0 45 32786 2051
2110 0 22 54 32796 2081
2110 0 28 63 32782 2039
2111 0 22 0 32795 2064
2111 0 56 9 32802 2069
2111 0 42 36 32790 2080
2111 0 21 45 32799 2087
2111 0 61 54 32791 2091
2111 0 26 63 32790 2010
2112 0 22 0 32795 2065
2112 0 56 9 32802 2070
2112 0 25 27 32797 2094
2112 0 46 36 32789 2078
2112 0 0 45 32786 2052
2112 0 22 54 32796 2082
2112 0 28 63 32782 2040
2113 0 22 0 32795 2066
2113 0 56 9 32802 2071
2113 0 25 27 32797 2095
2113 1 32 33 32803 2101
2113 0 42 36 32790 2081
2113 0 21 45 32799 2088
2113 0 61 54 32791 2092
2113 0 26 63 32790 2011
2114 0 22 0 32795 2067
2114 0 56 9 32802 2072
2114 0 25 27 32797 2096
2114 0 46 36 32789 2079
2114 0 0 45 32786 2053
2114 0 22 54 32796 2083
2115 0 44 0 32794 2063
2115 0 56 9 32802 2073
2115 0 25 27 32797 2097
2115 0 42 36 32790 2082
2115 0 21 45 32799 2089
2115 0 61 54 32791 2093
2116 0 22 0 32795 2068
2116 0 25 27 32797 2098
2116 0 46 36 32789 2080
2116 0 0 45 32786 2054
2116 0 22 54 32796 2084
2116 0 7 63 32793 2048
2117 0 44 0 32794 2064
2117 0 3 9 32798 2095
2117 0 25 27 32797 2099
2117 0 42 36 32790 2083
2117 0 21 45 32799 2090
2117 1 41 54 32795 2073
2117 0 7 63 32793 2049
2118 0 22 0 32795 2069
2118 0 3 9 32798 2096
2118 0 25 27 32797 2100
2118 0 46 36 32789 2081
2118 0 0 45 32786 2055
2118 0 22 54 32796 2085
2118 0 7 63 32793 2050
2119 0 44 0 32794 2065
2119 0 34 9 32796 2090
2119 0 25 27 32797 2101
2119 0 42 36 32790 2084
2119 0 21 45 32799 2091
2119 0 22 54 32796 2086
2119 0 7 63 32793 2051
2120 0 22 0 32795 2070
2120 0 3 9 32798 2097
2120 0 25 27 32797 2102
2120 0 6 36 32796 2061
2120 0 0 45 32786 2056
2120 0 46 54 32791 2100
2120 0 7 63 32793 2052
2121 0 44 0 32794 2066
2121 0 34 9 32796 2091
2121 0 18 18 32789 2114
2121 0 25 27 32797 2103
2121 0 42 36 32790 2085
2121 0 21 45 32799 2092
2121 0 22 54 32796 2087
2121 0 7 63 32793 2053
2122 0 22 0 32795 2071
2122 0 3 9 32798 2098
2122 0 6 36 32796 2062
2122 0 0 45 32786 2057
2122 0 46 54 32791 2101
2122 0 7 63 32793 2054
2123 0 44 0 32794 2067
2123 0 34 9 32796 2092
2123 0 51 18 32791 2091
2123 0 42 36 32790 2086
2123 0 21 45 32799 2093
2123 0 22 54 32796 2088
2123 0 16 63 32793 2056
2124 0 22 0 32795 2072
2124 0 3 9 32798 2099
2124 0 18 18 32789 2116
2124 0 6 36 32796 2063
2124 0 0 45 32786 2058
2124 0 46 54 32791 2102
2124 1 7 55 32795 2081
2124 0 7 63 32793 2055
2125 0 44 0 32794 2068
2125 0 34 9 32796 2093
2125 0 51 18 32791 2092
2125 0 42 36 32790 2087
2125 0 21 45 32799 2094
2125 0 46 54 32791 2103
2125 0 16 63 32793 2057
2126 0 22 0 32795 2073
2126 0 3 9 32798 2100
2126 0 18 18 32789 2117
2126 0 6 36 32796 2064
2126 0 0 45 32786 2059
2126 0 40 54 32800 2078
2126 0 7 63 32793 2056
2127 0 44 0 32794 2069
2127 0 34 9 32796 2094
2127 1 50 10 32788 2095
2127 0 51 18 32791 2093
2127 0 42 36 32790 2088
2127 1 54 40 32794 2085
2127 0 60 45 32795 2097
2127 0 46 54 32791 2104
2127 0 16 63 32793 2058
2128 0 44 0 32794 2070
2128 0 3 9 32798 2101
2128 0 18 18 32789 2118
2128 0 6 36 32796 2065
2128 0 61 45 32792 2109
2128 0 40 54 32800 2079
2128 0 7 63 32793 2057
2129 0 44 0 32794 2071
2129 0 34 9 32796 2095
2129 0 51 18 32791 2094
2129 0 6 27 32797 2092
2129 0 42 36 32790 2089
2129 0 60 45 32795 2098
2129 0 46 54 32791 2105
2129 0 16 63 32793 2059
2130 0 44 0 32794 2072
2130 0 3 9 32798 2102
2130 0 18 18 32789 2119
2130 0 6 27 32797 2093
2130 0 6 36 32796 2066
2130 0 61 45 32792 2110
2130 0 40 54 32800 2080
2130 0 16 63 32793 2060
2131 0 34 9 32796 2096
2131 0 51 18 32791 2095
2131 0 6 27 32797 2094
2131 0 7 36 32794 2067
2131 0 60 45 32795 2099
2131 0 46 54 32791 2106
2131 0 16 63 32793 2061
2132 0 3 9 32798 2103
2132 0 6 27 32797 2095
2132 0 6 36 32796 2067
2132 0 61 45 32792 2111
2132 0 40 54 32800 2081
2132 0 16 63 32793 2062
2133 0 34 9 32796 2097
2133 0 18 18 32789 2120
2133 0 6 27 32797 2096
2133 0 7 36 32794 2068
2133 0 60 45 32795 2100
2133 0 46 54 32791 2107
2133 0 16 63 32793 2063
2134 0 3 9 32798 2104
2134 0 51 18 32791 2096
2134 1 4 24 32805 2092
2134 0 6 27 32797 2097
2134 0 6 36 32796 2068
2134 1 24 39 32801 2087
2134 0 61 45 32792 2112
2134 0 40 54 32800 2082
2134 0 16 63 32793 2064
2135 0 34 9 32796 2098
2135 0 18 18 32789 2121
2135 0 6 27 32797 2098
2135 0 7 36 32794 2069
2135 0 60 45 32795 2101
2135 0 46 54 32791 2108
2135 0 16 63 32793 2065
2136 0 16 9 32794 2111
2136 0 51 18 32791 2097
2136 0 6 27 32797 2099
2136 0 6 36 32796 2069
2136 0 61 45 32792 2113
2136 1 37 51 32798 2109
2136 0 40 54 32800 2083
2137 0 34 9 32796 2099
2137 0 18 18 32789 2122
2137 0 6 27 32797 2100
2137 0 7 36 32794 2070
2137 0 60 45 32795 2102
2137 0 46 54 32791 2109
2138 0 16 9 32794 2112
2138 0 51 18 32791 2098
2138 0 6 27 32797 2101
2138 0 6 36 32796 2070
2138 0 61 45 32792 2114
2138 0 40 54 32800 2084
2139 0 16 9 32794 2113
2139 0 18 18 32789 2123
2139 0 7 36 32794 2071
2139 0 60 45 32795 2103
2139 0 40 54 32800 2085
2140 1 18 9 32790 2115
2140 0 51 18 32791 2099
2140 0 58 36 32798 2073
2140 0 61 45 32792 2115
2140 0 36 54 32790 2092
2141 0 16 9 32794 2114
2141 0 18 18 32789 2124
2141 1 7 29 32796 2109
2141 0 60 45 32795 2104
2141 0 40 54 32800 2086
2142 0 16 9 32794 2115
2142 0 51 18 32791 2100
2142 0 7 36 32794 2072
2142 0 61 45 32792 2116
2142 0 36 54 32790 2093
2143 0 16 9 32794 2116
2143 0 15 18 32791 2103
2143 0 58 36 32798 2074
2143 0 60 45 32795 2105
2143 0 40 54 32800 2087
2143 0 4 63 32804 2086
2144 0 16 9 32794 2117
2144 0 15 18 32791 2104
2144 0 7 36 32794 2073
2144 0 61 45 32792 2117
2144 0 36 54 32790 2094
2144 0 4 63 32804 2087
2145 0 16 9 32794 2118
2145 0 15 18 32791 2105
2145 0 58 36 32798 2075
2145 0 60 45 32795 2106
2145 0 36 54 32790 2095
2145 0 61 63 32793 2128
2146 0 16 9 32794 2119
2146 0 15 18 32791 2106
2146 0 7 36 32794 2074
2146 1 24 44 32802 2102
2146 0 61 45 32792 2118
2146 0 36 54 32790 2096
2146 0 4 63 32804 2088
2147 0 56 9 32803 2105
2147 0 15 18 32791 2107
2147 0 58 36 32798 2076
2147 0 36 45 32791 2121
2147 0 36 54 32790 2097
2147 0 61 63 32793 2129
2148 0 16 9 32794 2120
2148 0 15 18 32791 2108
2148 0 7 36 32794 2075
2148 0 44 45 32797 2128
2148 0 36 54 32790 2098
2148 0 4 63 32804 2089
2149 0 56 9 32803 2106
2149 0 15 18 32791 2109
2149 0 58 36 32798 2077
2149 0 36 45 32791 2122
2149 0 36 54 32790 2099
2149 0 61 63 32793 2130
2150 0 56 9 32803 2107
2150 0 15 18 32791 2110
2150 0 7 36 32794 2076
2150 0 44 45 32797 2129
2150 0 36 54 32790 2100
2150 0 4 63 32804 2090
2151 0 56 9 32803 2108
2151 0 15 18 32791 2111
2151 1 44 26 32796 2123
2151 0 54 27 32795 2114
2151 0 58 36 32798 2078
2151 0 36 45 32791 2123
2151 0 36 54 32790 2101
2151 0 61 63 32793 2131
2152 0 46 0 32790 2086
2152 0 56 9 32803 2109
2152 0 15 18 32791 2112
2152 0 54 27 32795 2115
2152 0 52 36 32802 2122
2152 0 44 45 32797 2130
2152 0 4 63 32804 2091
2153 0 46 0 32790 2087
2153 0 56 9 32803 2110
2153 0 9 27 32791 2126
2153 0 58 36 32798 2079
2153 0 36 45 32791 2124
2153 0 61 63 32793 2132
2154 0 46 0 32790 2088
2154 0 56 9 32803 2111
2154 0 54 27 32795 2116
2154 0 52 36 32802 2123
2154 0 44 45 32797 2131
2154 0 4 63 32804 2093
2155 0 46 0 32790 2089
2155 0 56 9 32803 2112
2155 0 46 18 32792 2113
2155 0 9 27 32791 2127
2155 0 58 36 32798 2080
2155 0 36 45 32791 2125
2155 0 61 63 32793 2133
2156 0 46 0 32790 2090
2156 0 56 9 32803 2113
2156 0 5 18 32790 2123
2156 0 54 27 32795 2117
2156 0 52 36 32802 2124
2156 0 44 45 32797 2133
2156 0 4 63 32804 2094
2157 0 46 0 32790 2091
2157 0 56 9 32803 2114
2157 0 46 18 32792 2114
2157 0 9 27 32791 2128
2157 0 58 36 32798 2081
2157 0 36 45 32791 2126
2157 0 61 63 32793 2134
2158 0 46 0 32790 2092
2158 0 5 18 32790 2124
2158 0 54 27 32795 2118
2158 0 52 36 32802 2125
2158 0 44 45 32797 2134
2158 0 4 63 32804 2095
2159 0 46 0 32790 2093
2159 1 25 13 32798 2122
2159 0 46 18 32792 2115
2159 0 9 27 32791 2129
2159 0 58 36 32798 2082
2159 0 36 45 32791 2127
2159 0 61 63 32793 2135
2160 0 46 0 32790 2094
2160 0 5 18 32790 2125
2160 0 54 27 32795 2119
2160 0 52 36 32802 2126
2160 0 44 45 32797 2135
2160 0 4 63 32804 2096
2161 0 46 0 32790 2095
2161 0 46 18 32792 2116
2161 0 9 27 32791 2130
2161 0 18 36 32791 2125
2161 0 36 45 32791 2128
2161 0 61 63 32793 2136
2162 0 5 18 32790 2126
2162 0 54 27 32795 2120
2162 0 52 36 32802 2127
2162 0 44 45 32797 2136
2162 0 30 63 32793 2121
2163 0 46 18 32792 2117
2163 0 9 27 32791 2131
2163 0 18 36 32791 2126
2163 0 36 45 32791 2129
2163 0 61 63 32793 2137
2164 0 13 0 32792 2127
2164 0 5 18 32790 2127
2164 0 54 27 32795 2121
2164 0 52 36 32802 2128
2164 0 44 45 32797 2137
2164 0 30 63 32793 2123
2165 0 13 0 32792 2128
2165 0 46 18 32792 2118
2165 0 9 27 32791 2132
2165 0 18 36 32791 2127
2165 0 36 45 32791 2130
2165 0 28 54 32783 2133
2165 0 9 63 32790 2088
2166 0 13 0 32792 2129
2166 0 5 18 32790 2128
2166 0 54 27 32795 2122
2166 0 52 36 32802 2129
2166 0 44 45 32797 2138
2166 0 45 54 32794 2149
2166 0 30 63 32793 2124
2167 0 19 0 32791 2135
2167 1 37 7 32799 2130
2167 0 46 18 32792 2119
2167 0 9 27 32791 2133
2167 0 18 36 32791 2128
2167 0 19 45 32790 2120
2167 0 28 54 32783 2134
2167 0 9 63 32790 2089
2168 0 13 0 32792 2130
2168 0 5 18 32790 2129
2168 0 54 27 32795 2123
2168 0 52 36 32802 2130
2168 1 6 45 32798 2117
2168 0 45 54 32794 2150
2168 0 30 63 32793 2125
2169 0 19 0 32791 2136
2169 0 46 18 32792 2120
2169 0 9 27 32791 2134
2169 0 18 36 32791 2129
2169 0 19 45 32790 2121
2169 0 28 54 32783 2135
2169 0 9 63 32790 2090
2170 0 13 0 32792 2131
2170 0 5 18 32790 2130
2170 0 13 27 32793 2143
2170 0 52 36 32802 2131
2170 0 19 45 32790 2122
2170 0 45 54 32794 2151
2170 0 30 63 32793 2126
2171 0 19 0 32791 2137
2171 0 46 18 32792 2121
2171 0 9 27 32791 2135
2171 0 18 36 32791 2130
2171 0 36 45 32792 2136
2171 0 28 54 32783 2136
2171 0 9 63 32790 2091
2172 0 13 0 32792 2132
2172 1 24 3 32803 2135
2172 0 5 18 32790 2131
2172 0 13 27 32793 2144
2172 0 21 36 32800 2122
2172 0 19 45 32790 2123
2172 0 45 54 32794 2152
2172 0 30 63 32793 2127
2173 0 19 0 32791 2138
2173 0 46 18 32792 2122
2173 0 27 27 32795 2152
2173 0 18 36 32791 2131
2173 0 36 45 32792 2137
2173 0 28 54 32783 2137
2173 0 9 63 32790 2092
2174 0 13 0 32792 2133
2174 1 44 2 32798 2132
2174 0 5 18 32790 2132
2174 0 13 27 32793 2145
2174 0 21 36 32800 2123
2174 0 19 45 32790 2124
2174 0 45 54 32794 2153
2174 1 41 58 32796 2152
2174 0 30 63 32793 2128
2175 0 19 0 32791 2139
2175 0 15 18 32792 2129
2175 0 27 27 32795 2153
2175 0 18 36 32791 2132
2175 0 36 45 32792 2138
2175 0 28 54 32783 2138
2175 0 9 63 32790 2093
2176 0 13 0 32792 2134
2176 0 39 18 32794 2123
2176 0 13 27 32793 2146
2176 0 21 36 32800 2124
2176 0 19 45 32790 2125
2176 0 45 54 32794 2154
2176 0 30 63 32793 2129
2177 0 19 0 32791 2140
2177 0 15 18 32792 2130
2177 0 27 27 32795 2154
2177 0 18 36 32791 2133
2177 1 24 40 32804 2160
2177 0 36 45 32792 2139
2177 0 28 54 32783 2139
2177 0 9 63 32790 2094
2178 0 13 0 32792 2135
2178 0 39 18 32794 2124
2178 0 13 27 32793 2147
2178 0 21 36 32800 2125
2178 0 19 45 32790 2126
2178 0 45 54 32794 2155
2178 0 30 63 32793 2130
2179 0 19 0 32791 2141
2179 0 15 18 32792 2131
2179 0 27 27 32795 2155
2179 0 18 36 32791 2134
2179 0 36 45 32792 2140
2179 0 28 54 32783 2140
2179 0 9 63 32790 2095
2180 0 13 0 32792 2136
2180 0 39 18 32794 2125
2180 0 13 27 32793 2148
2180 0 21 36 32800 2126
2180 0 19 45 32790 2127
2180 0 45 54 32794 2156
2180 0 30 63 32793 2131
2181 0 19 0 32791 2142
2181 0 15 18 32792 2132
2181 0 27 27 32795 2156
2181 0 36 36 32793 2163
2181 0 36 45 32792 2141
2181 0 28 54 32783 2141
2181 0 9 63 32790 2096
2182 0 19 0 32791 2143
2182 0 39 18 32794 2126
2182 0 13 27 32793 2149
2182 0 21 36 32800 2127
2182 0 19 45 32790 2128
2182 0 45 54 32794 2157
2182 0 56 63 32804 2115
2183 0 19 0 32791 2144
2183 0 15 18 32792 2133
2183 0 27 27 32795 2157
2183 0 36 36 32793 2164
2183 0 36 45 32792 2142
2183 0 28 54 32783 2142
2183 0 9 63 32790 2097
2184 0 39 18 32794 2127
2184 0 13 27 32793 2150
2184 0 21 36 32800 2128
2184 1 63 40 32790 2132
2184 0 19 45 32790 2129
2184 0 45 54 32794 2158
2184 0 56 63 32804 2116
2185 0 15 18 32792 2134
2185 0 27 27 32795 2158
2185 0 36 36 32793 2165
2185 0 36 45 32792 2143
2185 1 30 63 32794 2122
2186 0 44 9 32799 2144
2186 0 39 18 32794 2128
2186 0 13 27 32793 2151
2186 0 21 36 32800 2129
2186 0 36 45 32792 2144
2186 0 39 54 32795 2148
2186 0 56 63 32804 2117
2187 0 18 0 32792 2160
2187 0 44 9 32799 2145
2187 0 15 18 32792 2135
2187 0 27 27 32795 2159
2187 0 36 36 32793 2166
2187 0 36 45 32792 2145
2187 0 39 54 32795 2149
2187 0 10 63 32795 2111
2188 0 18 0 32792 2161
2188 0 44 9 32799 2146
2188 0 39 18 32794 2129
2188 0 13 27 32793 2152
2188 0 21 36 32800 2130
2188 0 39 54 32795 2150
2188 0 56 63 32804 2118
2189 0 18 0 32792 2162
2189 0 44 9 32799 2147
2189 0 15 18 32792 2136
2189 0 27 27 32795 2172
2189 0 36 36 32793 2167
2189 1 42 38 32791 2157
2189 0 39 54 32795 2151
2189 0 10 63 32795 2112
2190 0 18 0 32792 2163
2190 0 44 9 32799 2148
2190 0 39 18 32794 2130
2190 0 63 27 32789 2129
2190 0 21 36 32800 2131
2190 0 23 45 32800 2158
2190 0 39 54 32795 2152
2190 0 56 63 32804 2119
2191 0 18 0 32792 2164
2191 0 44 9 32799 2149
2191 0 15 18 32792 2137
2191 0 27 27 32795 2174
2191 0 36 36 32793 2168
2191 0 23 45 32800 2159
2191 0 39 54 32795 2153
2191 0 10 63 32795 2113
2192 0 18 0 32792 2165
2192 0 44 9 32799 2150
2192 0 39 18 32794 2131
2192 0 63 27 32789 2130
2192 0 8 36 32792 2144
2192 0 23 45 32800 2160
2192 0 39 54 32795 2154
2192 0 56 63 32804 2120
2193 0 18 0 32792 2167
2193 0 44 9 32799 2151
2193 0 15 18 32792 2138
2193 1 38 27 32799 2165
2193 0 36 36 32793 2169
2193 0 23 45 32800 2161
2193 0 39 54 32795 2155
2193 0 10 63 32795 2114
2194 0 18 0 32792 2168
2194 0 44 9 32799 2152
2194 0 39 18 32794 2132
2194 0 63 27 32789 2131
2194 1 35 35 32794 2187
2194 0 8 36 32792 2145
2194 1 35 39 32793 2167
2194 0 23 45 32800 2162
2194 0 39 54 32795 2156
2194 0 56 63 32804 2121
2195 0 18 0 32792 2169
2195 0 44 9 32799 2153
2195 0 18 18 32794 2183
2195 0 63 27 32789 2133
2195 0 36 36 32793 2170
2195 0 23 45 32800 2163
2195 0 39 54 32795 2157
2195 0 10 63 32795 2115
2196 0 18 0 32792 2170
2196 0 18 18 32794 2184
2196 0 63 27 32789 2134
2196 0 8 36 32792 2146
2196 0 23 45 32800 2164
2196 0 56 63 32804 2122
2197 0 18 18 32794 2185
2197 0 63 27 32789 2135
2197 0 23 45 32800 2165
2197 0 10 63 32795 2116
2198 0 18 18 32794 2186
2198 0 63 27 32789 2136
2198 1 28 32 32784 2166
2198 0 36 36 32793 2180
2198 1 4 44 32806 2159
2198 0 23 45 32800 2166
2198 1 51 60 32793 2179
2198 0 56 63 32804 2123
2199 0 18 18 32794 2187
2199 0 63 27 32789 2137
2199 0 8 36 32792 2147
2199 0 23 45 32800 2167
2199 0 10 63 32795 2117
2200 0 18 18 32794 2188
2200 0 63 27 32789 2138
2200 1 63 32 32791 2143
2200 0 36 36 32793 2182
2200 0 56 63 32804 2124
2201 0 54 9 32796 2144
2201 0 18 18 32794 2189
2201 0 63 27 32789 2139
2201 0 8 36 32792 2148
2201 0 10 63 32795 2118
2202 0 54 9 32796 2145
2202 0 18 18 32794 2190
2202 0 8 36 32792 2149
2202 0 21 63 32801 2148
2203 0 54 9 32796 2146
2203 0 18 18 32794 2194
2203 0 8 36 32792 2150
2203 0 10 63 32795 2119
2204 0 54 9 32796 2147
2204 0 18 18 32794 2195
2204 0 8 36 32792 2151
2204 0 21 63 32801 2149
2205 1 39 7 32796 2178
2205 0 54 9 32796 2148
2205 0 8 36 32792 2152
2205 0 10 63 32795 2120
2206 0 54 9 32796 2149
2206 0 8 36 32792 2153
2206 1 31 51 32785 2163
2206 0 21 63 32801 2150
2207 0 54 9 32796 2150
2207 1 3 54 32799 2155
2207 0 21 63 32801 2151
2208 0 54 9 32796 2151
2208 1 20 15 32795 2180
2208 0 38 27 32800 2180
2208 0 43 63 32801 2156
2209 0 54 9 32796 2152
2209 0 38 27 32800 2181
2209 0 21 63 32801 2152
2210 0 54 9 32796 2153
2210 1 5 11 32791 2188
2210 0 38 27 32800 2182
2210 1 34 59 32797 2183
2210 0 43 63 32801 2157
2211 0 3 0 32800 2189
2211 0 38 27 32800 2183
2211 0 21 63 32801 2153
2212 0 3 0 32800 2190
2212 0 38 27 32800 2184
2212 0 43 63 32801 2158
2213 0 3 0 32800 2191
2213 0 38 27 32800 2185
2213 1 18 61 32793 2166
2213 0 21 63 32801 2154
2214 0 3 0 32800 2192
2214 0 26 18 32791 2202
2214 0 38 27 32800 2186
2214 1 14 57 32798 2146
2214 0 43 63 32801 2159
2215 0 3 0 32800 2193
2215 0 26 18 32791 2203
2215 0 38 27 32800 2187
2215 1 52 56 32803 2183
2215 0 21 63 32801 2155
2216 0 3 0 32800 2194
2216 0 26 18 32791 2204
2216 0 38 27 32800 2188
2216 1 22 54 32797 2189
2216 0 43 63 32801 2160
2217 0 3 0 32800 2195
2217 0 26 18 32791 2205
2217 0 49 27 32792 2185
2217 0 19 54 32792 2173
2217 0 21 63 32801 2156
2218 0 3 0 32800 2196
2218 1 15 7 32793 2206
2218 0 26 18 32791 2206
2218 0 38 27 32800 2189
2218 0 19 54 32792 2174
2218 0 43 63 32801 2161
2219 0 3 0 32800 2197
2219 0 26 18 32791 2207
2219 0 49 27 32792 2186
2219 0 19 54 32792 2175
2219 0 21 63 32801 2157
2220 0 3 0 32800 2198
2220 0 26 18 32791 2208
2220 0 49 27 32792 2187
2220 0 19 54 32792 2176
2220 0 43 63 32801 2162
2221 0 26 18 32791 2209
2221 0 37 27 32800 2196
2221 0 19 54 32792 2177
2221 0 43 63 32801 2163
2222 0 26 18 32791 2210
2222 0 49 27 32792 2188
2222 0 19 54 32792 2178
2222 0 43 63 32801 2164
2223 0 54 9 32797 2166
2223 0 26 18 32791 2211
2223 1 63 22 32792 2186
2223 0 37 27 32800 2197
2223 0 19 54 32792 2179
2223 0 43 63 32801 2165
2224 0 54 9 32797 2167
2224 0 49 27 32792 2189
2224 0 19 54 32792 2180
2225 1 51 1 32792 2178
2225 0 54 9 32797 2168
2225 0 37 27 32800 2198
2225 0 19 54 32792 2181
2226 1 40 8 32801 2199
2226 0 54 9 32797 2169
2226 0 49 27 32792 2190
2226 0 31 54 32786 2199
2227 0 54 9 32797 2170
2227 1 36 16 32794 2190
2227 0 37 27 32800 2199
2227 0 19 54 32792 2182
2228 0 54 9 32797 2171
2228 0 49 27 32792 2191
2228 0 31 54 32786 2200
2229 0 54 9 32797 2172
2229 0 37 27 32800 2200
2229 0 31 54 32786 2201
2230 0 54 9 32797 2173
2230 0 49 27 32792 2192
2230 0 29 54 32790 2200
2231 0 54 9 32797 2174
2231 0 37 27 32800 2201
2231 0 31 54 32786 2202
2232 0 54 9 32797 2175
2232 0 49 27 32792 2193
2232 0 29 54 32790 2201
2233 0 17 9 32793 2221
2233 1 24 14 32805 2186
2233 0 37 27 32800 2202
2233 0 31 54 32786 2203
2234 0 17 9 32793 2222
2234 0 49 27 32792 2194
2234 0 29 54 32790 2202
2234 1 5 61 32792 2192
2235 0 17 9 32793 2223
2235 0 37 27 32800 2203
2235 0 23 45 32801 2203
2235 0 31 54 32786 2204
2236 0 17 9 32793 2224
2236 0 37 27 32800 2204
2236 0 23 45 32801 2204
2236 0 29 54 32790 2203
2237 0 17 9 32793 2225
2237 0 22 27 32798 2210
2237 0 23 45 32801 2205
2237 0 31 54 32786 2205
2238 0 17 9 32793 2226
2238 1 38 12 32801 2203
2238 0 42 18 32792 2216
2238 0 37 27 32800 2205
2238 0 23 45 32801 2206
2238 1 54 50 32799 2211
2238 0 29 54 32790 2204
2239 0 17 9 32793 2227
2239 0 42 18 32792 2217
2239 0 22 27 32798 2211
2239 0 23 45 32801 2207
2239 0 31 54 32786 2206
2240 0 59 0 32796 2183
2240 0 17 9 32793 2228
2240 0 42 18 32792 2218
2240 0 22 27 32798 2212
2240 0 23 45 32801 2208
2240 0 29 54 32790 2205
2241 0 59 0 32796 2184
2241 0 17 9 32793 2229
2241 0 42 18 32792 2219
2241 0 22 27 32798 2214
2241 0 23 45 32801 2209
2241 0 31 54 32786 2207
2242 0 59 0 32796 2185
2242 0 17 9 32793 2230
2242 0 42 18 32792 2220
2242 0 22 27 32798 2215
2242 0 23 45 32801 2210
2242 0 29 54 32790 2206
2243 0 51 0 32794 2190
2243 0 42 18 32792 2221
2243 0 22 27 32798 2216
2243 0 31 54 32786 2208
2244 0 59 0 32796 2186
2244 0 42 18 32792 2222
2244 0 22 27 32798 2217
2244 0 23 45 32801 2211
2244 0 29 54 32790 2207
2245 0 51 0 32794 2191
2245 0 42 18 32792 2223
2245 0 22 27 32798 2219
2245 0 29 54 32790 2208
2246 0 59 0 32796 2187
2246 0 42 18 32792 2224
2246 0 23 45 32801 2212
2246 0 1 54 32791 2164
2247 0 51 0 32794 2192
2247 0 41 18 32798 2220
2247 0 22 27 32798 2220
2247 0 29 54 32790 2209
2248 0 59 0 32796 2188
2248 0 42 18 32792 2225
2248 0 22 27 32798 2221
2248 1 35 29 32795 2226
2248 0 1 54 32791 2165
2249 0 51 0 32794 2193
2249 0 41 18 32798 2222
2249 0 1 54 32791 2166
2250 0 59 0 32796 2189
2250 0 41 18 32798 2223
2250 0 38 27 32802 2223
2250 0 41 54 32797 2210
2251 0 51 0 32794 2194
2251 1 6 11 32799 2224
2251 0 41 18 32798 2224
2251 0 38 27 32802 2224
2251 0 1 54 32791 2167
2252 0 59 0 32796 2190
2252 1 17 16 32794 2240
2252 0 38 27 32802 2225
2252 1 34 32 32798 2235
2252 0 41 54 32797 2211
2253 0 51 0 32794 2195
2253 0 41 18 32798 2225
2253 0 30 27 32796 2230
2253 0 1 54 32791 2168
2254 0 59 0 32796 2191
2254 0 41 18 32798 2226
2254 0 38 27 32802 2226
2254 0 41 54 32797 2212
2255 0 51 0 32794 2196
2255 0 62 18 32806 2200
2255 0 30 27 32796 2231
2255 0 1 54 32791 2169
2256 0 59 0 32796 2192
2256 0 41 18 32798 2227
2256 0 38 27 32802 2227
2256 0 41 54 32797 2213
2256 0 18 63 32795 2199
2257 0 51 0 32794 2197
2257 0 62 18 32806 2201
2257 0 30 27 32796 2232
2257 0 1 54 32791 2170
2257 0 20 63 32796 2210
2258 0 51 0 32794 2198
2258 0 41 18 32798 2228
2258 0 38 27 32802 2228
2258 0 41 54 32797 2214
2258 0 18 63 32795 2200
2259 0 39 0 32797 2193
2259 0 62 18 32806 2202
2259 0 30 27 32796 2233
2259 0 1 54 32791 2171
2259 0 20 63 32796 2211
2260 0 51 0 32794 2199
2260 0 41 18 32798 2229
2260 0 38 27 32802 2229
2260 1 8 32 32793 2237
2260 1 59 39 32797 2218
2260 0 41 54 32797 2215
2260 0 18 63 32795 2201
2261 0 39 0 32797 2194
2261 0 62 18 32806 2203
2261 0 30 27 32796 2234
2261 0 1 54 32791 2172
2261 0 20 63 32796 2212
2262 0 3 0 32801 2240
2262 1 54 2 32798 2205
2262 0 41 18 32798 2230
2262 0 38 27 32802 2230
2262 0 41 54 32797 2216
2262 0 18 63 32795 2202
2263 0 39 0 32797 2195
2263 0 62 18 32806 2204
2263 0 30 27 32796 2235
2263 0 1 54 32791 2173
2263 0 20 63 32796 2213
2264 0 3 0 32801 2241
2264 0 62 18 32806 2205
2264 0 38 27 32802 2231
2264 0 41 54 32797 2217
2264 0 18 63 32795 2203
2265 0 39 0 32797 2196
2265 1 22 2 32799 2213
2265 0 62 18 32806 2206
2265 0 30 27 32796 2236
2265 0 41 54 32797 2218
2265 0 20 63 32796 2214
2266 0 3 0 32801 2242
2266 0 62 18 32806 2207
2266 0 38 27 32802 2232
2266 0 41 54 32797 2219
2266 0 18 63 32795 2204
2267 0 39 0 32797 2197
2267 0 13 18 32794 2240
2267 0 30 27 32796 2237
2267 0 42 54 32793 2226
2267 0 20 63 32796 2215
2268 0 3 0 32801 2243
2268 0 62 18 32806 2208
2268 0 48 27 32793 2231
2268 0 42 54 32793 2227
2268 0 18 63 32795 2205
2269 0 39 0 32797 2198
2269 0 13 18 32794 2241
2269 0 30 27 32796 2238
2269 0 20 63 32796 2216
2270 0 3 0 32801 2244
2270 0 62 18 32806 2209
2270 0 48 27 32793 2232
2270 0 35 54 32796 2228
2270 0 18 63 32795 2206
2271 0 39 0 32797 2199
2271 1 30 16 32795 2228
2271 0 13 18 32794 2242
2271 0 30 27 32796 2239
2271 0 42 54 32793 2228
2271 0 20 63 32796 2217
2272 0 3 0 32801 2245
2272 0 13 18 32794 2243
2272 0 48 27 32793 2233
2272 1 60 37 32796 2245
2272 0 35 54 32796 2229
2272 1 45 55 32795 2233
2272 1 18 56 32797 2230
2272 0 18 63 32795 2207
2273 0 39 0 32797 2200
2273 1 42 8 32794 2236
2273 0 13 18 32794 2244
2273 0 48 27 32793 2234
2273 0 42 54 32793 2229
2273 0 20 63 32796 2218
2274 0 3 0 32801 2246
2274 0 13 18 32794 2245
2274 1 22 25 32801 2237
2274 0 48 27 32793 2235
2274 0 35 54 32796 2230
2274 0 18 63 32795 2208
2275 0 39 0 32797 2201
2275 0 13 18 32794 2246
2275 0 48 27 32793 2236
2275 1 41 43 32800 2258
2275 0 42 54 32793 2230
2275 0 20 63 32796 2219
2276 0 3 0 32801 2247
2276 0 13 18 32794 2247
2276 0 48 27 32793 2237
2276 0 35 54 32796 2231
2277 0 39 0 32797 2202
2277 0 13 18 32794 2248
2277 0 42 54 32793 2231
2278 0 3 0 32801 2248
2278 0 13 18 32794 2249
2278 0 48 27 32793 2238
2278 1 22 32 32800 2218
2278 0 35 54 32796 2232
2279 0 39 0 32799 2214
2279 1 36 10 32795 2233
2279 0 48 27 32793 2239
2279 0 42 54 32793 2232
2280 0 3 0 32801 2249
2280 0 48 27 32793 2240
2280 0 35 54 32796 2233
2281 0 39 0 32799 2215
2281 1 46 12 32793 2244
2281 0 21 18 32802 2259
2281 0 42 54 32793 2233
2282 1 39 0 32798 2203
2282 0 21 18 32802 2260
2282 0 35 54 32796 2234
2283 0 39 0 32799 2216
2283 0 21 18 32802 2261
2283 0 42 54 32793 2234
2284 0 39 0 32799 2217
2284 1 41 7 32799 2221
2284 0 21 18 32802 2262
2284 0 35 54 32796 2235
2285 0 39 0 32799 2218
2285 0 61 9 32794 2228
2285 0 21 18 32802 2263
2285 0 42 54 32793 2235
2286 0 39 0 32799 2219
2286 0 61 9 32794 2229
2286 0 21 18 32802 2264
2286 1 55 22 32793 2254
2286 0 35 54 32796 2236
2287 0 39 0 32799 2220
2287 0 61 9 32794 2230
2287 0 21 18 32802 2265
2287 0 35 54 32796 2237
2288 0 39 0 32799 2221
2288 0 61 9 32794 2231
2288 0 21 18 32802 2266
2288 0 12 54 32793 2223
2288 0 14 63 32799 2246
2289 0 39 0 32799 2222
2289 0 61 9 32794 2232
2289 0 21 18 32802 2267
2289 0 33 36 32793 2267
2289 0 12 54 32793 2224
2289 0 40 63 32803 2237
2290 0 39 0 32799 2223
2290 0 61 9 32794 2233
2290 0 21 18 32802 2268
2290 0 48 36 32794 2252
2290 1 28 37 32786 2273
2290 0 12 54 32793 2225
2290 0 14 63 32799 2247
2291 0 61 9 32794 2234
2291 0 33 36 32793 2268
2291 0 12 54 32793 2226
2291 0 40 63 32803 2238
2292 0 30 0 32797 2240
2292 1 43 3 32802 2260
2292 0 61 9 32794 2235
2292 0 48 36 32794 2253
2292 0 18 54 32796 2209
2292 0 14 63 32799 2248
2293 0 30 0 32797 2241
2293 0 61 9 32794 2236
2293 0 19 27 32793 2281
2293 1 28 34 32785 2271
2293 0 33 36 32793 2269
2293 0 12 54 32793 2227
2293 0 40 63 32803 2239
2294 0 30 0 32797 2242
2294 0 61 9 32794 2237
2294 0 19 27 32793 2282
2294 0 48 36 32794 2254
2294 1 6 38 32800 2255
2294 0 18 54 32796 2210
2294 0 14 63 32799 2249
2295 0 30 0 32797 2243
2295 0 19 27 32793 2283
2295 0 33 36 32793 2270
2295 0 12 54 32793 2228
2295 0 40 63 32803 2240
2296 0 30 0 32797 2244
2296 1 40 7 32802 2220
2296 0 19 27 32793 2284
2296 0 48 36 32794 2255
2296 0 18 54 32796 2211
2296 0 14 63 32799 2250
2297 0 30 0 32797 2245
2297 0 19 27 32793 2285
2297 0 33 36 32793 2271
2297 0 12 54 32793 2229
2297 0 40 63 32803 2241
2298 0 30 0 32797 2246
2298 1 52 11 32804 2261
2298 0 19 27 32793 2286
2298 0 48 36 32794 2256
2298 0 18 54 32796 2212
2298 0 14 63 32799 2251
2299 0 30 0 32797 2247
2299 0 19 27 32793 2287
2299 0 33 36 32793 2272
2299 0 12 54 32793 2230
2299 0 40 63 32803 2242
2300 0 30 0 32797 2248
2300 0 19 27 32793 2288
2300 0 48 36 32794 2257
2300 0 18 54 32796 2213
2300 0 14 63 32799 2252
2301 0 30 0 32797 2249
2301 0 19 27 32793 2289
2301 0 33 36 32793 2273
2301 0 12 54 32793 2231
2301 0 40 63 32803 2243
2302 0 19 27 32793 2290
2302 0 48 36 32794 2258
2302 0 18 54 32796 2214
2302 0 14 63 32799 2253
2303 0 33 36 32793 2274
2303 0 12 54 32793 2232
2303 0 40 63 32803 2244
2304 0 48 36 32794 2259
2304 0 18 54 32796 2215
2304 1 31 57 32787 2245
2304 0 14 63 32799 2254
2305 0 33 36 32793 2275
2305 0 18 54 32796 2216
2305 0 40 63 32803 2245
2306 0 48 36 32794 2260
2306 1 15 50 32794 2248
2306 0 18 54 32796 2217
2306 0 14 63 32799 2255
2307 0 33 36 32793 2276
2307 0 18 54 32796 2218
2307 0 40 63 32803 2246
2308 0 48 36 32794 2261
2308 0 20 54 32797 2222
2309 1 39 18 32800 2267
2309 0 20 54 32797 2223
2309 1 47 55 32801 2297
2310 0 20 54 32797 2224
2310 0 30 63 32798 2263
2311 1 45 36 32796 2293
2311 0 20 54 32797 2225
2311 0 30 63 32798 2264
2312 0 12 45 32794 2280
2312 0 18 54 32798 2233
2312 0 30 63 32798 2265
2313 0 12 45 32794 2281
2313 0 20 54 32797 2226
2313 0 30 63 32798 2266
2314 0 38 36 32803 2297
2314 0 12 45 32794 2282
2314 0 18 54 32798 2234
2314 0 30 63 32798 2267
2315 0 38 36 32803 2298
2315 0 12 45 32794 2283
2315 0 20 54 32797 2227
2315 0 30 63 32798 2268
2316 0 9 36 32793 2279
2316 0 12 45 32794 2284
2316 0 18 54 32798 2235
2316 0 30 63 32798 2269
2317 1 28 14 32787 2290
2317 0 38 36 32803 2299
2317 0 12 45 32794 2285
2317 0 20 54 32797 2228
2317 0 30 63 32798 2270
2318 0 22 9 32802 2281
2318 0 9 36 32793 2280
2318 0 12 45 32794 2286
2318 0 18 54 32798 2236
2318 0 30 63 32798 2271
2319 0 22 9 32802 2282
2319 0 38 36 32803 2300
2319 0 12 45 32794 2287
2319 0 20 54 32797 2229
2319 0 30 63 32798 2272
2320 0 22 9 32802 2283
2320 0 9 36 32793 2281
2320 0 12 45 32794 2288
2320 0 18 54 32798 2237
2321 0 38 36 32803 2301
2321 0 12 45 32794 2289
2321 0 20 54 32797 2236
2322 0 22 9 32802 2284
2322 0 9 36 32793 2282
2322 0 18 54 32798 2238
2323 0 19 0 32794 2291
2323 0 38 36 32803 2302
2323 0 20 54 32797 2238
2324 0 19 0 32794 2292
2324 0 22 9 32802 2285
2324 0 27 18 32797 2307
2324 0 9 36 32793 2283
2324 0 27 45 32796 2297
2324 0 18 54 32798 2239
2324 0 39 63 32801 2302
2325 0 19 0 32794 2293
2325 0 27 18 32797 2308
2325 0 38 36 32803 2303
2325 0 27 45 32796 2298
2325 0 18 54 32798 2240
2325 0 39 63 32801 2303
2326 0 19 0 32794 2294
2326 0 22 9 32802 2286
2326 0 27 18 32797 2309
2326 0 9 36 32793 2284
2326 0 27 45 32796 2299
2326 0 18 54 32798 2241
2326 0 39 63 32801 2304
2327 0 0 0 32787 2320
2327 0 22 9 32802 2287
2327 0 27 18 32797 2310
2327 0 38 36 32803 2304
2327 0 27 45 32796 2300
2327 0 18 54 32798 2242
2327 0 39 63 32801 2305
2328 0 19 0 32794 2295
2328 0 22 9 32802 2288
2328 0 27 18 32797 2311
2328 0 9 36 32793 2285
2328 0 27 45 32796 2301
2328 0 9 54 32792 2269
2328 0 39 63 32801 2306
2329 0 0 0 32787 2321
2329 0 22 9 32802 2289
2329 0 27 18 32797 2312
2329 0 38 36 32803 2305
2329 0 27 45 32796 2302
2329 0 9 54 32792 2270
2329 1 10 59 32796 2287
2329 0 39 63 32801 2307
2330 0 19 0 32794 2296
2330 0 22 9 32802 2290
2330 0 27 18 32797 2313
2330 0 9 36 32793 2286
2330 0 27 45 32796 2303
2330 0 9 54 32792 2271
2330 0 39 63 32801 2308
2331 0 0 0 32787 2322
2331 0 38 36 32803 2306
2331 0 27 45 32796 2304
2331 0 43 54 32803 2302
2331 0 39 63 32801 2309
2332 0 19 0 32794 2297
2332 0 27 18 32797 2314
2332 0 9 36 32793 2287
2332 0 27 45 32796 2305
2332 0 9 54 32792 2272
2332 0 39 63 32801 2310
2333 0 0 0 32787 2323
2333 0 19 36 32795 2306
2333 0 27 45 32796 2306
2333 0 43 54 32803 2303
2333 0 39 63 32801 2311
2334 0 19 0 32794 2298
2334 1 19 9 32796 2311
2334 0 9 36 32793 2288
2334 0 9 54 32792 2273
2335 0 0 0 32787 2324
2335 0 27 18 32797 2315
2335 0 19 36 32795 2307
2335 0 43 54 32803 2304
2336 0 19 0 32794 2299
2336 0 63 18 32793 2279
2336 0 19 36 32795 2308
2336 0 9 54 32792 2274
2337 0 0 0 32787 2325
2337 0 27 18 32797 2316
2337 0 25 36 32799 2309
2337 0 43 54 32803 2305
2337 1 53 57 32791 2305
2338 0 19 0 32794 2300
2338 1 35 1 32797 2301
2338 0 63 18 32793 2280
2338 0 19 36 32795 2309
2338 0 9 54 32792 2275
2339 0 0 0 32787 2326
2339 0 28 9 32788 2307
2339 0 63 18 32793 2281
2339 0 25 36 32799 2310
2339 0 1 45 32792 2287
2339 0 43 54 32803 2306
2340 0 0 0 32787 2327
2340 0 28 9 32788 2308
2340 0 63 18 32793 2282
2340 0 19 36 32795 2310
2340 0 1 45 32792 2288
2340 0 9 54 32792 2276
2341 0 0 0 32787 2328
2341 1 47 9 32800 2284
2341 0 63 18 32793 2283
2341 0 25 36 32799 2311
2341 0 1 45 32792 2289
2341 0 43 54 32803 2307
2342 0 0 0 32787 2329
2342 0 28 9 32788 2309
2342 0 63 18 32793 2284
2342 0 19 36 32795 2312
2342 0 1 45 32792 2290
2342 0 9 54 32792 2277
2342 1 42 59 32795 2320
2343 0 28 9 32788 2310
2343 0 63 18 32793 2285
2343 1 6 32 32801 2286
2343 0 25 36 32799 2312
2343 0 1 45 32792 2291
2343 0 43 54 32803 2308
2344 0 28 9 32788 2311
2344 1 15 17 32795 2302
2344 0 63 18 32793 2286
2344 0 19 36 32795 2313
2344 0 1 45 32792 2292
2344 0 9 54 32792 2278
2345 0 28 9 32788 2312
2345 0 63 18 32793 2287
2345 0 25 36 32799 2313
2345 0 1 45 32792 2293
2345 0 43 54 32803 2309
2346 0 35 0 32798 2303
2346 0 28 9 32788 2313
2346 0 63 18 32793 2288
2346 0 19 36 32795 2314
2346 0 1 45 32792 2294
2346 0 61 54 32795 2320
2347 0 35 0 32798 2304
2347 0 28 9 32788 2314
2347 1 1 13 32793 2315
2347 0 25 36 32799 2314
2347 0 1 45 32792 2295
2347 0 43 54 32803 2310
2347 0 46 63 32794 2325
2348 0 35 0 32798 2305
2348 0 28 9 32788 2315
2348 0 19 36 32795 2315
2348 0 1 45 32792 2296
2348 0 61 54 32795 2321
2348 0 46 63 32794 2326
2349 0 7 0 32797 2307
2349 0 28 9 32788 2316
2349 0 25 36 32799 2315
2349 0 43 54 32803 2311
2349 0 46 63 32794 2327
2350 0 35 0 32798 2306
2350 0 19 36 32795 2316
2350 0 61 54 32795 2322
2350 0 15 63 32796 2313
2351 0 7 0 32797 2308
2351 0 13 27 32795 2324
2351 0 25 36 32799 2316
2351 0 2 54 32794 2288
2351 0 46 63 32794 2328
2352 0 35 0 32798 2307
2352 0 13 27 32795 2325
2352 0 25 36 32799 2317
2352 0 61 54 32795 2323
2352 0 15 63 32796 2314
2353 0 7 0 32797 2309
2353 0 13 27 32795 2326
2353 0 25 36 32799 2318
2353 0 2 54 32794 2289
2353 0 46 63 32794 2329
2354 0 35 0 32798 2308
2354 0 13 27 32795 2327
2354 0 61 54 32795 2324
2354 0 15 63 32796 2315
2355 0 7 0 32797 2310
2355 0 13 27 32795 2328
2355 0 2 54 32794 2290
2355 0 46 63 32794 2330
2356 0 35 0 32798 2309
2356 0 13 27 32795 2329
2356 0 41 45 32801 2329
2356 0 61 54 32795 2325
2356 0 15 63 32796 2316
2357 0 7 0 32797 2311
2357 1 28 18 32789 2335
2357 0 13 27 32795 2330
2357 0 41 45 32801 2330
2357 0 2 54 32794 2291
2357 0 46 63 32794 2331
2358 0 35 0 32798 2310
2358 0 13 27 32795 2331
2358 0 41 45 32801 2331
2358 0 61 54 32795 2326
2358 0 15 63 32796 2317
2359 0 7 0 32797 2312
2359 0 13 27 32795 2332
2359 0 41 45 32801 2332
2359 0 2 54 32794 2292
2359 0 46 63 32794 2332
2360 0 35 0 32798 2311
2360 0 13 27 32795 2333
2360 0 41 45 32801 2333
2360 0 61 54 32795 2327
2360 0 15 63 32796 2318
2361 0 7 0 32797 2313
2361 1 27 6 32798 2324
2361 0 41 45 32801 2334
2361 0 2 54 32794 2293
2361 0 46 63 32794 2333
2362 0 35 0 32798 2312
2362 0 41 45 32801 2335
2362 0 61 54 32795 2328
2362 0 15 63 32796 2319
2363 0 7 0 32797 2314
2363 0 24 36 32806 2331
2363 0 41 45 32801 2336
2363 0 2 54 32794 2294
2363 0 46 63 32794 2334
2364 0 44 0 32800 2299
2364 0 24 36 32806 2332
2364 0 41 45 32801 2337
2364 0 61 54 32795 2329
2364 1 12 61 32795 2322
2364 0 15 63 32796 2320
2365 0 7 0 32797 2315
2365 1 28 27 32790 2353
2365 0 24 36 32806 2333
2365 0 41 45 32801 2338
2365 0 2 54 32794 2295
2365 0 15 63 32796 2321
2366 0 44 0 32800 2300
2366 0 27 36 32799 2349
2366 0 63 54 32795 2335
2366 0 15 63 32796 2322
2367 0 7 0 32797 2316
2367 0 29 18 32791 2340
2367 0 24 36 32806 2334
2367 0 2 54 32794 2296
2368 0 44 0 32800 2301
2368 0 29 18 32791 2341
2368 0 27 36 32799 2350
2368 0 63 54 32795 2336
2369 0 45 0 32797 2297
2369 0 29 18 32791 2342
2369 0 24 36 32806 2335
2369 0 2 54 32794 2297
2370 0 44 0 32800 2302
2370 0 8 18 32794 2348
2370 0 27 36 32799 2351
2370 0 63 54 32795 2337
2371 0 45 0 32797 2298
2371 0 29 18 32791 2343
2371 1 25 25 32800 2364
2371 0 24 36 32806 2336
2371 0 34 54 32799 2312
2372 0 44 0 32800 2303
2372 0 8 18 32794 2349
2372 0 27 36 32799 2352
2372 0 63 54 32795 2338
2373 0 45 0 32797 2299
2373 0 29 18 32791 2344
2373 1 17 19 32797 2356
2373 0 24 36 32806 2337
2373 1 55 41 32795 2331
2373 0 49 45 32793 2341
2373 0 34 54 32799 2313
2374 0 44 0 32800 2304
2374 0 8 18 32794 2350
2374 0 27 36 32799 2353
2374 0 49 45 32793 2342
2374 1 37 53 32801 2357
2374 0 63 54 32795 2339
2375 0 45 0 32797 2300
2375 0 17 9 32798 2363
2375 0 29 18 32791 2345
2375 0 24 36 32806 2338
2375 0 49 45 32793 2343
2375 0 34 54 32799 2314
2376 0 44 0 32800 2305
2376 0 17 9 32798 2364
2376 0 8 18 32794 2351
2376 0 27 36 32799 2354
2376 0 49 45 32793 2344
2376 0 63 54 32795 2340
2377 0 45 0 32797 2301
2377 0 58 9 32799 2335
2377 0 29 18 32791 2346
2377 0 24 36 32806 2339
2377 0 49 45 32793 2345
2377 0 34 54 32799 2315
2378 0 44 0 32800 2306
2378 0 17 9 32798 2365
2378 0 8 18 32794 2352
2378 0 27 36 32799 2355
2378 0 49 45 32793 2346
2378 0 63 54 32795 2341
2379 0 45 0 32797 2302
2379 0 58 9 32799 2336
2379 0 29 18 32791 2347
2379 0 24 36 32806 2340
2379 0 49 45 32793 2347
2379 0 34 54 32799 2316
2380 0 44 0 32800 2307
2380 0 17 9 32798 2366
2380 0 8 18 32794 2353
2380 0 27 27 32801 2373
2380 0 27 36 32799 2356
2380 0 49 45 32793 2348
2380 0 63 54 32795 2342
2381 0 45 0 32797 2303
2381 0 58 9 32799 2337
2381 0 29 18 32791 2348
2381 1 38 20 32804 2354
2381 0 52 27 32805 2354
2381 1 42 32 32796 2359
2381 0 27 36 32799 2357
2381 0 49 45 32793 2349
2381 0 34 54 32799 2317
2382 0 44 0 32800 2308
2382 0 17 9 32798 2367
2382 0 8 18 32794 2354
2382 0 27 27 32801 2374
2382 1 59 33 32798 2340
2382 0 11 36 32802 2347
2382 0 49 45 32793 2350
2382 0 63 54 32795 2343
2383 0 45 0 32797 2304
2383 0 58 9 32799 2338
2383 0 29 18 32791 2349
2383 0 52 27 32805 2355
2383 0 27 36 32799 2358
2383 0 34 54 32799 2318
2384 0 45 0 32797 2305
2384 0 17 9 32798 2368
2384 0 8 18 32794 2355
2384 0 27 27 32801 2375
2384 0 11 36 32802 2348
2384 0 63 54 32795 2344
2384 0 10 63 32797 2322
2385 1 57 0 32797 2332
2385 0 58 9 32799 2339
2385 0 22 18 32803 2353
2385 0 52 27 32805 2356
2385 0 11 36 32802 2349
2385 0 34 54 32799 2319
2385 1 4 61 32807 2338
2385 0 10 63 32797 2323
2386 0 45 0 32797 2306
2386 0 17 9 32798 2369
2386 0 8 18 32794 2356
2386 1 29 23 32792 2364
2386 0 27 27 32801 2376
2386 0 11 36 32802 2350
2386 1 53 38 32792 2364
2386 0 7 54 32798 2317
2386 0 10 63 32797 2324
2387 0 58 9 32799 2340
2387 0 22 18 32803 2354
2387 0 52 27 32805 2357
2387 0 17 36 32796 2351
2387 0 34 54 32799 2320
2387 0 10 63 32797 2325
2388 0 55 0 32794 2311
2388 0 17 9 32798 2370
2388 0 8 18 32794 2357
2388 0 27 27 32801 2377
2388 0 11 36 32802 2351
2388 0 7 54 32798 2318
2388 0 10 63 32797 2326
2389 0 63 0 32794 2312
2389 0 58 9 32799 2341
2389 0 22 18 32803 2355
2389 0 52 27 32805 2358
2389 0 17 36 32796 2352
2389 0 34 54 32799 2321
2389 1 63 61 32796 2372
2389 0 10 63 32797 2327
2390 0 55 0 32794 2312
2390 0 17 9 32798 2371
2390 0 20 18 32798 2369
2390 0 27 27 32801 2378
2390 0 11 36 32802 2352
2390 0 7 54 32798 2319
2390 0 10 63 32797 2328
2391 0 63 0 32794 2313
2391 0 58 9 32799 2342
2391 0 22 18 32803 2356
2391 0 52 27 32805 2359
2391 0 17 36 32796 2353
2391 1 59 54 32799 2357
2391 0 10 63 32797 2329
2392 0 55 0 32794 2313
2392 0 17 9 32798 2372
2392 0 20 18 32798 2370
2392 0 27 27 32801 2379
2392 0 11 36 32802 2353
2392 0 27 45 32800 2359
2392 0 7 54 32798 2320
2392 0 10 63 32797 2330
2393 0 63 0 32794 2314
2393 0 58 9 32799 2343
2393 0 22 18 32803 2357
2393 0 52 27 32805 2360
2393 0 17 36 32796 2354
2393 0 27 45 32800 2360
2393 0 7 54 32798 2321
2393 0 10 63 32797 2331
2394 0 55 0 32794 2314
2394 0 3 9 32802 2367
2394 0 20 18 32798 2371
2394 0 27 27 32801 2380
2394 0 11 36 32802 2354
2394 0 27 45 32800 2361
2394 0 17 54 32795 2341
2395 0 63 0 32794 2315
2395 1 54 7 32801 2353
2395 0 58 9 32799 2344
2395 0 22 18 32803 2358
2395 0 52 27 32805 2361
2395 0 17 36 32796 2355
2395 0 27 45 32800 2362
2395 0 7 54 32798 2322
2396 0 55 0 32794 2315
2396 0 3 9 32802 2368
2396 0 20 18 32798 2372
2396 0 27 27 32801 2381
2396 0 11 36 32802 2355
2396 0 27 45 32800 2363
2396 0 17 54 32795 2342
2397 0 63 0 32794 2316
2397 0 3 9 32802 2369
2397 1 16 14 32796 2355
2397 0 22 18 32803 2359
2397 0 52 27 32805 2362
2397 0 17 36 32796 2357
2397 0 27 45 32800 2364
2397 0 7 54 32798 2323
2398 0 55 0 32794 2316
2398 0 3 9 32802 2370
2398 0 20 18 32798 2373
2398 0 27 27 32801 2382
2398 0 11 36 32802 2356
2398 0 27 45 32800 2365
2398 0 17 54 32795 2343
2399 0 63 0 32794 2317
2399 0 3 9 32802 2371
2399 0 22 18 32803 2360
2399 0 52 27 32805 2363
2399 0 17 36 32796 2358
2399 0 27 45 32800 2366
2399 0 7 54 32798 2324
2400 0 55 0 32794 2317
2400 1 7 8 32799 2353
2400 0 3 9 32802 2372
2400 0 20 18 32798 2374
2400 0 54 27 32800 2346
2400 0 17 36 32796 2359
2400 0 17 54 32795 2344
2401 0 63 0 32794 2318
2401 0 3 9 32802 2373
2401 0 22 18 32803 2361
2401 0 19 27 32797 2383
2401 1 16 35 32797 2369
2401 0 17 36 32796 2360
2401 1 54 44 32802 2379
2401 0 27 45 32800 2370
2401 0 7 54 32798 2325
2402 0 55 0 32794 2318
2402 0 3 9 32802 2374
2402 0 20 18 32798 2375
2402 0 54 27 32800 2347
2402 0 17 36 32796 2361
2402 0 17 54 32795 2345
2403 0 63 0 32794 2319
2403 0 3 9 32802 2375
2403 0 22 18 32803 2362
2403 0 19 27 32797 2384
2403 0 27 45 32800 2372
2403 0 7 54 32798 2326
2403 1 35 63 32799 2361
2404 0 55 0 32794 2319
2404 0 3 9 32802 2376
2404 0 20 18 32798 2376
2404 0 54 27 32800 2348
2404 0 17 54 32795 2346
2405 0 63 0 32794 2320
2405 0 20 18 32798 2377
2405 0 19 27 32797 2385
2405 0 17 54 32795 2347
2406 0 55 0 32794 2320
2406 0 54 27 32800 2349
2406 1 16 54 32795 2334
2407 0 63 0 32794 2321
2407 1 11 6 32804 2380
2407 0 20 18 32798 2378
2407 0 19 27 32797 2386
2407 1 51 47 32795 2375
2407 0 17 54 32795 2348
2408 0 54 27 32800 2350
2408 0 17 54 32795 2349
2409 0 6 0 32802 2372
2409 1 6 7 32803 2397
2409 0 15 9 32797 2372
2409 0 19 27 32797 2387
2409 1 58 33 32800 2382
2409 0 17 54 32795 2350
2410 0 11 0 32803 2368
2410 0 15 9 32797 2373
2410 0 54 27 32800 2351
2411 0 6 0 32802 2373
2411 0 4 9 32809 2384
2411 0 19 27 32797 2388
2411 1 57 30 32798 2359
2412 0 11 0 32803 2369
2412 0 15 9 32797 2374
2412 0 54 27 32800 2352
2413 0 6 0 32802 2374
2413 0 4 9 32809 2385
2413 0 19 27 32797 2389
2414 0 11 0 32803 2370
2414 0 15 9 32797 2375
2414 0 54 27 32800 2354
2415 0 6 0 32802 2375
2415 0 4 9 32809 2386
2415 0 19 27 32797 2390
2416 0 11 0 32803 2371
2416 0 15 9 32797 2376
2416 0 54 27 32800 2355
2417 0 6 0 32802 2376
2417 0 4 9 32809 2387
2417 0 19 27 32797 2391
2418 0 11 0 32803 2372
2418 0 15 9 32797 2377
2418 0 54 27 32800 2356
2418 0 26 63 32792 2350
2419 0 6 0 32802 2377
2419 0 4 9 32809 2389
2419 0 19 27 32797 2392
2419 0 43 36 32804 2402
2419 1 54 55 32803 2407
2419 0 26 63 32792 2351
2420 0 11 0 32803 2373
2420 0 15 9 32797 2378
2420 0 19 27 32798 2398
2420 0 43 36 32804 2403
2420 0 40 45 32804 2387
2420 0 26 63 32792 2352
2421 0 6 0 32802 2378
2421 0 4 9 32809 2390
2421 0 46 27 32795 2376
2421 0 43 36 32804 2404
2421 0 40 45 32804 2388
2421 0 26 63 32792 2353
2422 0 11 0 32803 2374
2422 0 15 9 32797 2379
2422 0 19 27 32798 2399
2422 0 40 45 32804 2389
2422 0 26 63 32792 2354
2423 0 6 0 32802 2379
2423 0 4 9 32809 2391
2423 0 46 27 32795 2377
2423 0 43 36 32804 2405
2423 0 26 63 32792 2355
2424 0 11 0 32803 2375
2424 0 15 9 32797 2380
2424 0 19 27 32798 2400
2424 0 40 45 32804 2390
2424 0 26 63 32792 2356
2425 0 6 0 32802 2380
2425 0 4 9 32809 2392
2425 0 46 27 32795 2378
2425 0 43 36 32804 2406
2425 1 56 46 32805 2378
2425 0 26 63 32792 2357
2426 0 11 0 32803 2376
2426 0 15 9 32797 2381
2426 0 19 27 32798 2401
2426 0 40 45 32804 2391
2426 0 26 63 32792 2358
2427 0 6 0 32802 2381
2427 0 4 9 32809 2393
2427 0 46 27 32795 2379
2427 0 43 36 32804 2407
2427 0 29 45 32793 2410
2427 0 26 63 32792 2359
2428 0 11 0 32803 2377
2428 0 23 9 32802 2368
2428 0 19 27 32798 2402
2428 0 40 45 32804 2392
2428 0 4 63 32808 2371
2429 0 47 0 32802 2347
2429 0 4 9 32809 2394
2429 0 7 18 32800 2371
2429 0 46 27 32795 2380
2429 0 43 36 32804 2408
2429 0 29 45 32793 2411
2429 1 44 49 32801 2402
2429 0 4 63 32808 2372
2430 0 47 0 32802 2348
2430 0 23 9 32802 2369
2430 0 7 18 32800 2372
2430 0 19 27 32798 2403
2430 0 40 45 32804 2393
2430 0 4 63 32808 2373
2431 0 8 0 32795 2413
2431 0 23 9 32802 2370
2431 0 7 18 32800 2373
2431 0 46 27 32795 2381
2431 0 43 36 32804 2409
2431 0 29 45 32793 2412
2431 0 21 54 32803 2399
2431 0 4 63 32808 2374
2432 0 47 0 32802 2349
2432 1 21 7 32804 2405
2432 0 23 9 32802 2371
2432 0 7 18 32800 2374
2432 0 19 27 32798 2404
2432 0 40 45 32804 2394
2432 0 21 54 32803 2400
2432 0 4 63 32808 2375
2433 0 8 0 32795 2414
2433 0 23 9 32802 2372
2433 0 7 18 32800 2375
2433 0 46 27 32795 2382
2433 0 43 36 32804 2410
2433 0 29 45 32793 2413
2433 0 21 54 32803 2401
2433 0 4 63 32808 2376
2434 0 47 0 32802 2350
2434 0 23 9 32802 2373
2434 0 7 18 32800 2376
2434 0 19 27 32798 2405
2434 0 40 45 32804 2395
2434 0 21 54 32803 2402
2434 0 4 63 32808 2377
2435 0 8 0 32795 2415
2435 0 23 9 32802 2374
2435 0 7 18 32800 2377
2435 1 58 25 32801 2403
2435 0 46 27 32795 2383
2435 0 43 36 32804 2411
2435 0 29 45 32793 2414
2435 0 4 63 32808 2378
2436 0 47 0 32802 2351
2436 0 23 9 32802 2375
2436 0 19 27 32798 2406
2436 1 14 40 32800 2379
2436 0 40 45 32804 2396
2436 0 21 54 32803 2403
2436 0 4 63 32808 2379
2437 0 8 0 32795 2416
2437 0 23 9 32802 2376
2437 0 7 18 32800 2378
2437 0 46 27 32795 2384
2437 0 29 45 32793 2415
2437 0 21 54 32803 2404
2437 0 4 63 32808 2380
2438 0 47 0 32802 2352
2438 0 23 9 32802 2377
2438 0 19 27 32798 2407
2438 0 29 45 32793 2416
2438 0 21 54 32803 2406
2439 0 8 0 32795 2417
2439 0 7 18 32800 2379
2439 0 46 27 32795 2385
2439 0 29 45 32793 2417
2439 0 21 54 32803 2407
2440 0 47 0 32802 2353
2440 0 16 27 32798 2413
2440 0 47 45 32803 2423
2440 0 21 54 32803 2408
2440 1 4 62 32810 2388
2441 0 8 0 32795 2418
2441 1 0 13 32788 2404
2441 0 7 18 32800 2380
2441 0 16 27 32798 2414
2441 0 29 45 32793 2418
2441 0 21 54 32803 2409
2442 0 47 0 32802 2354
2442 0 16 27 32798 2415
2442 0 47 45 32803 2424
2442 0 51 54 32796 2420
2442 0 59 63 32800 2415
2443 0 8 0 32795 2419
2443 0 16 27 32798 2416
2443 0 29 45 32793 2419
2443 0 51 54 32796 2421
2443 0 59 63 32800 2416
2444 0 47 0 32802 2355
2444 0 16 27 32798 2417
2444 0 47 45 32803 2425
2444 0 51 54 32796 2423
2444 0 59 63 32800 2417
2445 0 8 0 32795 2420
2445 0 16 27 32798 2418
2445 0 47 45 32803 2426
2445 1 39 49 32802 2398
2445 0 59 63 32800 2418
2446 0 47 0 32802 2356
2446 0 38 18 32805 2409
2446 1 17 24 32799 2426
2446 0 16 27 32798 2419
2446 0 47 45 32803 2427
2446 0 51 54 32796 2424
2446 0 59 63 32800 2419
2447 0 8 0 32795 2421
2447 0 38 18 32805 2410
2447 0 16 27 32798 2420
2447 1 20 45 32799 2420
2447 0 51 54 32796 2425
2447 0 59 63 32800 2420
2448 0 4 0 32811 2395
2448 0 38 18 32805 2411
2448 0 46 27 32797 2416
2448 0 47 45 32803 2428
2448 0 51 54 32796 2426
2448 0 59 63 32800 2421
2449 0 8 0 32795 2422
2449 0 38 18 32805 2412
2449 0 16 27 32798 2421
2449 0 47 45 32803 2429
2449 0 51 54 32796 2427
2449 0 59 63 32800 2422
2450 0 4 0 32811 2396
2450 0 38 18 32805 2413
2450 0 46 27 32797 2417
2450 0 47 45 32803 2430
2450 0 51 54 32796 2428
2450 1 50 62 32789 2418
2450 0 59 63 32800 2423
2451 0 22 0 32804 2364
2451 0 7 18 32801 2403
2451 0 16 27 32798 2422
2451 0 47 45 32803 2431
2451 0 51 54 32796 2429
2451 0 59 63 32800 2424
2452 0 4 0 32811 2397
2452 1 46 11 32796 2406
2452 0 38 18 32805 2414
2452 0 46 27 32797 2418
2452 0 51 54 32796 2430
2453 0 22 0 32804 2365
2453 0 7 18 32801 2404
2453 0 29 27 32794 2431
2453 0 61 36 32797 2426
2453 0 47 45 32803 2432
2454 0 4 0 32811 2398
2454 0 46 27 32797 2420
2455 0 22 0 32804 2366
2455 0 7 9 32802 2413
2455 0 38 18 32805 2415
2455 0 29 27 32794 2432
2455 0 61 36 32797 2428
2456 0 4 0 32811 2399
2456 0 7 9 32802 2414
2456 0 7 18 32801 2405
2456 1 46 26 32798 2419
2456 0 46 27 32797 2421
2456 0 61 36 32797 2429
2457 0 22 0 32804 2367
2457 0 61 9 32796 2400
2457 1 17 16 32800 2445
2457 0 38 18 32805 2416
2457 0 29 27 32794 2433
2457 0 61 36 32797 2430
2458 0 4 0 32811 2400
2458 0 7 9 32802 2415
2458 0 7 18 32801 2406
2458 0 46 27 32797 2422
2458 0 61 36 32797 2431
2459 0 22 0 32804 2368
2459 0 61 9 32796 2401
2459 0 38 18 32805 2417
2459 0 29 27 32794 2434
2459 0 61 36 32797 2432
2459 0 15 45 32798 2422
2460 0 4 0 32811 2401
2460 1 1 6 32794 2428
2460 0 7 9 32802 2416
2460 0 7 18 32801 2407
2460 0 46 27 32797 2423
2460 0 61 36 32797 2433
2460 0 52 45 32807 2443
2461 0 22 0 32804 2369
2461 0 61 9 32796 2402
2461 0 38 18 32805 2418
2461 0 29 27 32794 2435
2461 0 61 36 32797 2434
2461 0 15 45 32798 2423
2462 0 4 0 32811 2402
2462 0 7 9 32802 2417
2462 0 7 18 32801 2408
2462 0 46 27 32797 2424
2462 0 16 36 32799 2424
2462 0 52 45 32807 2444
2463 0 22 0 32804 2370
2463 0 61 9 32796 2403
2463 0 7 18 32801 2409
2463 0 29 27 32794 2436
2463 0 61 36 32797 2435
2463 0 15 45 32798 2424
2464 0 4 0 32811 2411
2464 1 43 2 32805 2427
2464 0 7 9 32802 2418
2464 0 7 18 32801 2410
2464 0 46 27 32797 2425
2464 0 16 36 32799 2425
2464 0 52 45 32807 2445
2465 0 22 0 32804 2371
2465 0 61 9 32796 2404
2465 1 51 16 32797 2422
2465 0 7 18 32801 2411
2465 0 29 27 32794 2437
2465 0 61 36 32797 2436
2465 0 15 45 32798 2425
2466 0 4 0 32811 2413
2466 0 7 9 32802 2419
2466 0 7 18 32801 2412
2466 0 46 27 32797 2426
2466 0 16 36 32799 2426
2466 0 52 45 32807 2446
2466 0 27 54 32802 2429
2467 0 22 0 32804 2372
2467 0 61 9 32796 2405
2467 0 29 27 32794 2438
2467 0 41 36 32802 2438
2467 0 15 45 32798 2426
2467 0 27 54 32802 2430
2468 0 10 0 32798 2417
2468 0 7 9 32802 2420
2468 0 5 27 32793 2431
2468 0 16 36 32799 2427
2468 0 52 45 32807 2447
2468 0 27 54 32802 2431
2469 0 22 0 32804 2373
2469 0 61 9 32796 2406
2469 1 61 12 32798 2427
2469 1 12 22 32796 2447
2469 0 29 27 32794 2439
2469 0 41 36 32802 2439
2469 0 15 45 32798 2427
2469 0 27 54 32802 2432
2470 0 10 0 32798 2418
2470 1 22 2 32805 2433
2470 1 6 3 32804 2448
2470 0 7 9 32802 2421
2470 0 5 27 32793 2432
2470 0 16 36 32799 2428
2470 0 52 45 32807 2448
2470 0 27 54 32802 2433
2471 0 10 0 32798 2419
2471 0 61 9 32796 2407
2471 0 29 27 32794 2440
2471 0 41 36 32802 2440
2471 0 15 45 32798 2428
2471 0 27 54 32802 2434
2472 0 48 0 32795 2397
2472 0 7 9 32802 2422
2472 0 5 27 32793 2433
2472 0 16 36 32799 2429
2472 0 52 45 32807 2449
2472 0 27 54 32802 2435
2472 1 47 59 32804 2433
2473 0 10 0 32798 2420
2473 0 61 9 32796 2408
2473 0 38 27 32806 2433
2473 0 41 36 32802 2441
2473 0 15 45 32798 2429
2473 0 27 54 32802 2436
2474 0 48 0 32795 2398
2474 0 61 9 32796 2409
2474 0 5 27 32793 2434
2474 0 16 36 32799 2430
2474 0 52 45 32807 2450
2474 0 27 54 32802 2437
2475 0 10 0 32798 2421
2475 0 38 27 32806 2434
2475 0 41 36 32802 2442
2475 0 27 54 32802 2438
2476 0 48 0 32795 2399
2476 0 5 27 32793 2436
2476 0 16 36 32799 2431
2476 0 15 45 32798 2430
2477 0 10 0 32798 2422
2477 1 22 9 32806 2438
2477 0 38 27 32806 2435
2477 0 41 36 32802 2443
2477 0 52 45 32807 2451
2478 0 48 0 32795 2400
2478 0 5 27 32793 2437
2478 0 16 36 32799 2432
2478 0 15 45 32798 2431
2479 0 10 0 32798 2423
2479 0 38 27 32806 2436
2479 0 41 36 32802 2444
2479 0 52 45 32807 2452
2480 0 48 0 32795 2401
2480 0 5 27 32793 2438
2480 1 22 35 32807 2448
2480 0 16 36 32799 2433
2481 0 10 0 32798 2424
2481 0 38 27 32806 2437
2481 0 41 36 32802 2445
2482 0 48 0 32795 2402
2482 0 5 27 32793 2439
2482 0 57 36 32801 2439
2482 0 53 45 32793 2466
2483 0 10 0 32798 2425
2483 0 14 9 32801 2451
2483 0 38 27 32806 2438
2483 0 41 36 32802 2446
2483 0 53 45 32793 2467
2484 0 48 0 32795 2403
2484 0 14 9 32801 2452
2484 0 5 27 32793 2440
2484 0 57 36 32801 2440
2484 0 45 45 32798 2477
2485 0 10 0 32798 2426
2485 0 44 9 32803 2443
2485 0 38 27 32806 2439
2485 0 41 36 32802 2447
2485 0 53 45 32793 2468
2485 1 38 61 32807 2458
2486 0 48 0 32795 2404
2486 0 14 9 32801 2453
2486 0 5 27 32793 2441
2486 0 57 36 32801 2441
2486 0 45 45 32798 2478
2487 0 48 0 32795 2405
2487 1 44 8 32802 2440
2487 0 44 9 32803 2444
2487 0 38 27 32806 2440
2487 0 57 36 32801 2442
2487 0 53 45 32793 2469
2488 0 57 0 32799 2416
2488 1 27 3 32803 2466
2488 0 14 9 32801 2454
2488 0 52 27 32806 2433
2488 0 45 45 32798 2479
2489 0 48 0 32795 2406
2489 0 44 9 32803 2445
2489 0 38 27 32806 2441
2489 0 57 36 32801 2443
2489 0 53 45 32793 2470
2490 0 57 0 32799 2417
2490 0 14 9 32801 2455
2490 0 52 27 32806 2434
2490 0 57 36 32801 2444
2490 1 44 43 32805 2478
2490 0 45 45 32798 2480
2491 0 57 0 32799 2418
2491 0 44 9 32803 2446
2491 0 38 27 32806 2442
2491 0 57 36 32801 2445
2491 0 53 45 32793 2471
2492 0 57 0 32799 2419
2492 0 14 9 32801 2456
2492 0 52 27 32806 2435
2492 0 57 36 32801 2446
2492 0 45 45 32798 2481
2493 0 57 0 32799 2420
2493 0 44 9 32803 2447
2493 1 29 27 32795 2474
2493 0 57 36 32801 2447
2493 0 53 45 32793 2472
2494 0 57 0 32799 2421
2494 0 14 9 32801 2457
2494 0 52 27 32806 2436
2494 0 57 36 32801 2448
2494 0 45 45 32798 2482
2495 0 57 0 32799 2422
2495 0 44 9 32803 2448
2495 0 31 18 32788 2458
2495 0 57 27 32800 2429
2495 0 53 45 32793 2473
2496 0 57 0 32799 2423
2496 0 14 9 32801 2458
2496 0 31 18 32788 2459
2496 0 52 27 32806 2437
2496 0 45 45 32798 2483
2496 1 51 49 32799 2479
2497 0 57 0 32799 2424
2497 0 44 9 32803 2449
2497 0 31 18 32788 2460
2497 0 57 27 32800 2430
2497 0 53 45 32793 2474
2498 0 57 0 32799 2425
2498 0 14 9 32801 2459
2498 0 31 18 32788 2461
2498 0 52 27 32806 2438
2498 0 45 45 32798 2484
2498 0 44 54 32804 2476
2499 0 44 9 32803 2450
2499 0 31 18 32788 2462
2499 0 57 27 32800 2431
2499 0 53 45 32793 2475
2499 0 44 54 32804 2477
2500 0 14 9 32801 2460
2500 0 31 18 32788 2463
2500 0 52 27 32806 2439
2500 1 5 40 32794 2435
2500 0 45 45 32798 2485
2500 0 44 54 32804 2479
2500 0 51 63 32798 2468
2501 0 44 9 32803 2451
2501 0 31 18 32788 2464
2501 0 57 27 32800 2432
2501 0 45 45 32798 2486
2501 0 44 54 32804 2480
2501 0 51 63 32798 2469
2502 0 44 9 32803 2452
2502 0 31 18 32788 2465
2502 0 52 27 32806 2440
2502 0 44 54 32804 2481
2502 0 51 63 32798 2470
2503 1 41 12 32803 2454
2503 0 31 18 32788 2466
2503 0 57 27 32800 2433
2503 0 44 54 32804 2482
2503 0 51 63 32798 2471
2504 0 52 27 32806 2441
2504 0 44 54 32804 2483
2504 1 51 57 32800 2482
2504 0 51 63 32798 2472
2505 0 31 18 32788 2467
2505 0 57 27 32800 2434
2505 0 44 54 32804 2484
2505 0 51 63 32798 2473
2506 0 13 9 32796 2479
2506 0 52 27 32806 2442
2506 0 44 54 32804 2485
2506 0 51 63 32798 2474
2507 0 13 9 32796 2480
2507 0 57 27 32800 2435
2507 1 62 40 32807 2460
2507 1 19 42 32799 2480
2507 0 44 54 32804 2486
2507 0 51 63 32798 2475
2508 0 35 9 32800 2476
2508 0 57 18 32802 2471
2508 0 6 27 32805 2465
2508 0 51 63 32798 2476
2509 0 13 9 32796 2481
2509 1 36 10 32796 2477
2509 0 57 18 32802 2472
2509 0 57 27 32800 2436
2509 0 51 63 32798 2477
2510 0 35 9 32800 2477
2510 0 57 18 32802 2473
2510 0 6 27 32805 2466
2511 0 13 9 32796 2482
2511 0 57 18 32802 2474
2511 0 57 27 32800 2437
2511 0 2 63 32795 2444
2512 0 58 0 32802 2460
2512 1 47 7 32805 2480
2512 0 35 9 32800 2478
2512 0 57 18 32802 2475
2512 0 6 27 32805 2467
2512 1 26 37 32793 2485
2512 0 2 63 32795 2445
2513 0 58 0 32802 2461
2513 0 13 9 32796 2483
2513 0 57 18 32802 2476
2513 0 57 27 32800 2438
2513 0 4 36 32812 2486
2513 0 2 63 32795 2446
2514 0 58 0 32802 2462
2514 0 35 9 32800 2479
2514 0 57 18 32802 2477
2514 0 6 27 32805 2468
2514 0 4 36 32812 2487
2514 0 2 63 32795 2447
2515 0 58 0 32802 2463
2515 0 13 9 32796 2484
2515 0 57 18 32802 2478
2515 0 6 27 32805 2469
2515 0 48 36 32796 2478
2515 0 2 63 32795 2448
2516 0 58 0 32802 2464
2516 0 35 9 32800 2480
2516 0 57 18 32802 2479
2516 0 6 27 32805 2470
2516 0 4 36 32812 2488
2516 0 2 63 32795 2449
2517 0 58 0 32802 2465
2517 0 13 9 32796 2485
2517 0 57 18 32802 2480
2517 0 6 27 32805 2471
2517 0 48 36 32796 2479
2517 1 23 41 32803 2465
2517 0 2 63 32795 2450
2518 0 58 0 32802 2466
2518 0 35 9 32800 2481
2518 0 6 27 32805 2472
2518 0 4 36 32812 2489
2518 0 2 63 32795 2451
2519 0 58 0 32802 2467
2519 0 13 9 32796 2486
2519 0 6 27 32805 2473
2519 0 48 36 32796 2480
2519 0 2 63 32795 2452
2520 0 58 0 32802 2468
2520 0 35 9 32800 2482
2520 0 6 27 32805 2474
2520 0 4 36 32812 2490
2520 1 57 62 32803 2486
2520 0 2 63 32795 2453
2521 0 58 0 32802 2469
2521 0 13 9 32796 2487
2521 0 48 36 32796 2481
2522 0 35 9 32800 2483
2522 0 4 36 32812 2491
2523 0 13 9 32796 2488
2523 0 4 18 32813 2496
2523 0 48 36 32796 2482
2523 0 37 45 32803 2511
2523 1 37 50 32802 2491
2524 0 35 9 32800 2484
2524 0 56 18 32806 2481
2524 0 4 36 32812 2492
2524 0 37 45 32803 2512
2524 0 58 63 32803 2492
2525 0 35 9 32800 2485
2525 0 4 18 32813 2497
2525 0 48 36 32796 2483
2525 0 37 45 32803 2513
2525 0 58 63 32803 2493
2526 1 56 16 32807 2494
2526 0 56 18 32806 2482
2526 0 4 36 32812 2493
2526 0 37 45 32803 2514
2526 0 58 63 32803 2494
2527 0 4 18 32813 2498
2527 0 48 36 32796 2484
2527 0 37 45 32803 2515
2527 0 58 63 32803 2495
2528 0 56 18 32806 2483
2528 0 4 36 32812 2494
2528 0 37 45 32803 2516
2528 0 58 63 32803 2496
2529 1 23 11 32804 2497
2529 0 4 18 32813 2499
2529 0 48 36 32796 2485
2529 0 37 45 32803 2517
2529 1 62 58 32808 2502
2529 0 58 63 32803 2497
2530 0 56 18 32806 2484
2530 0 4 36 32812 2495
2530 0 37 45 32803 2518
2530 0 58 63 32803 2498
2531 0 4 18 32813 2500
2531 0 48 36 32796 2486
2531 0 37 45 32803 2519
2531 0 58 63 32803 2499
2532 0 56 18 32806 2485
2532 0 48 36 32797 2488
2532 0 37 45 32803 2520
2532 0 58 63 32803 2500
2533 0 4 18 32813 2501
2533 0 48 36 32796 2487
2533 1 29 45 32796 2516
2533 1 39 51 32803 2496
2533 0 58 63 32803 2501
2534 0 56 18 32806 2486
2534 0 48 36 32797 2489
2535 0 4 18 32813 2502
2535 0 48 36 32797 2490
2536 0 46 9 32799 2484
2536 0 56 18 32806 2487
2536 0 48 36 32797 2491
2536 1 49 51 32795 2519
2537 0 46 9 32799 2485
2537 0 4 18 32813 2503
2537 0 48 36 32797 2492
2538 0 46 9 32799 2486
2538 0 56 18 32806 2488
2538 0 48 36 32797 2493
2539 0 46 9 32799 2487
2539 0 4 18 32813 2504
2539 0 48 36 32797 2494
2540 0 46 9 32799 2488
2540 0 56 18 32806 2489
2540 0 48 36 32797 2495
2540 1 6 46 32807 2508
2540 0 58 63 32804 2508
2541 0 46 9 32799 2489
2541 0 4 18 32813 2505
2541 1 18 20 32799 2524
2541 0 48 36 32797 2496
2541 1 21 41 32805 2499
2541 1 53 59 32794 2519
2541 0 58 63 32804 2509
2542 0 56 9 32808 2500
2542 0 56 18 32806 2490
2542 0 48 36 32797 2497
2542 1 43 45 32806 2525
2542 0 6 63 32806 2495
2543 0 46 9 32799 2490
2543 0 11 18 32805 2509
2543 0 58 63 32804 2510
2544 0 56 9 32808 2501
2544 0 11 18 32805 2510
2544 0 37 45 32804 2532
2544 0 6 63 32806 2496
2545 0 40 0 32805 2513
2545 0 46 9 32799 2491
2545 0 11 18 32805 2511
2545 1 22 41 32808 2498
2545 0 0 45 32789 2488
2545 0 58 63 32804 2511
2546 0 40 0 32805 2514
2546 0 56 9 32808 2502
2546 0 11 18 32805 2512
2546 0 37 45 32804 2533
2546 0 6 63 32806 2497
2547 0 40 0 32805 2515
2547 0 46 9 32799 2492
2547 0 11 18 32805 2513
2547 0 36 27 32797 2530
2547 0 0 45 32789 2489
2547 0 58 63 32804 2512
2548 0 40 0 32805 2516
2548 0 56 9 32808 2503
2548 0 11 18 32805 2514
2548 1 61 22 32799 2510
2548 0 36 27 32797 2531
2548 1 38 39 32808 2536
2548 0 37 45 32804 2534
2548 0 6 63 32806 2498
2549 0 40 0 32805 2517
2549 0 46 9 32799 2493
2549 0 11 18 32805 2515
2549 0 36 27 32797 2532
2549 0 0 45 32789 2490
2549 0 58 63 32804 2513
2550 0 40 0 32805 2518
2550 0 56 9 32808 2504
2550 0 11 18 32805 2516
2550 0 36 27 32797 2533
2550 0 37 45 32804 2535
2550 0 6 63 32806 2499
2551 0 40 0 32805 2519
2551 0 56 9 32808 2505
2551 1 24 12 32807 2514
2551 0 11 18 32805 2517
2551 0 36 27 32797 2534
2551 0 0 45 32789 2491
2551 0 58 63 32804 2514
2552 0 40 0 32805 2520
2552 0 56 9 32808 2506
2552 0 11 18 32805 2518
2552 0 36 27 32797 2535
2552 0 37 45 32804 2536
2552 0 54 54 32805 2545
2552 0 6 63 32806 2500
2553 0 40 0 32805 2521
2553 0 56 9 32808 2507
2553 0 36 27 32797 2536
2553 0 0 45 32789 2492
2553 0 54 54 32805 2546
2553 0 58 63 32804 2515
2554 0 40 0 32805 2522
2554 0 56 9 32808 2508
2554 0 36 27 32797 2537
2554 0 37 45 32804 2537
2554 0 54 54 32805 2547
2554 1 41 58 32804 2532
2554 0 6 63 32806 2501
2555 0 56 9 32808 2509
2555 0 36 27 32797 2538
2555 0 0 45 32789 2493
2555 0 54 54 32805 2548
2555 0 58 63 32804 2516
2556 0 36 27 32797 2539
2556 0 37 45 32804 2538
2556 0 54 54 32805 2549
2556 0 6 63 32806 2502
2557 1 49 6 32794 2493
2557 0 0 45 32789 2494
2557 0 54 54 32805 2550
2557 0 58 63 32804 2517
2558 0 12 9 32797 2536
2558 0 37 45 32804 2539
2558 0 54 54 32805 2551
2558 0 6 63 32806 2503
2559 0 12 9 32797 2537
2559 1 11 16 32806 2532
2559 0 0 45 32789 2495
2559 0 54 54 32805 2552
2559 0 21 63 32806 2500
2560 1 20 7 32800 2528
2560 0 12 9 32797 2538
2560 0 37 45 32804 2540
2560 0 54 54 32805 2553
2560 0 6 63 32806 2504
2561 0 12 9 32797 2539
2561 0 0 45 32789 2496
2561 0 54 54 32805 2554
2561 0 21 63 32806 2501
2562 0 12 9 32797 2540
2562 0 37 45 32804 2541
2562 0 21 63 32806 2502
2563 0 12 9 32797 2541
2563 0 0 45 32789 2497
2563 0 21 63 32806 2503
2564 0 12 9 32797 2542
2564 1 61 45 32800 2546
2564 0 21 63 32806 2504
2565 0 12 9 32797 2543
2565 0 5 45 32795 2518
2565 0 21 63 32806 2505
2566 0 12 9 32797 2544
2566 0 5 45 32795 2519
2566 0 57 54 32804 2529
2566 0 21 63 32806 2506
2567 0 12 9 32797 2545
2567 0 5 45 32795 2520
2567 0 57 54 32804 2530
2567 0 21 63 32806 2507
2568 1 4 28 32814 2546
2568 0 5 45 32795 2521
2568 0 57 54 32804 2531
2568 0 21 63 32806 2508
2569 0 5 45 32795 2522
2569 0 57 54 32804 2532
2569 1 39 63 32804 2547
2570 0 5 45 32795 2523
2570 0 57 54 32804 2533
2570 0 21 63 32806 2509
2571 0 5 45 32795 2524
2571 0 57 54 32804 2534
2572 0 5 45 32795 2525
2572 0 57 54 32804 2535
2573 1 8 20 32796 2541
2573 0 5 45 32795 2526
2573 0 57 54 32804 2536
2574 0 5 45 32795 2527
2574 0 57 54 32804 2537
2575 0 57 54 32804 2538
2577 0 13 45 32797 2548
2577 1 36 48 32798 2540
2577 0 23 54 32805 2545
2578 0 34 0 32800 2541
2578 1 32 42 32804 2556
2578 0 13 45 32797 2549
2578 0 23 54 32805 2546
2579 0 34 0 32800 2542
2579 0 13 45 32797 2550
2579 0 23 54 32805 2547
2580 0 34 0 32800 2543
2580 0 13 45 32797 2551
2580 0 23 54 32805 2548
2581 0 34 0 32800 2544
2581 0 13 45 32797 2552
2581 0 23 54 32805 2549
2581 0 49 63 32796 2539
2582 0 34 0 32800 2545
2582 0 13 45 32797 2553
2582 0 23 54 32805 2550
2582 0 49 63 32796 2540
2583 0 34 0 32800 2546
2583 0 13 45 32797 2554
2583 0 23 54 32805 2551
2583 0 49 63 32796 2541
2584 0 34 0 32800 2547
2584 0 13 45 32797 2555
2584 0 23 54 32805 2552
2584 0 49 63 32796 2542
2585 0 34 0 32800 2548
2585 0 13 18 32798 2558
2585 0 13 45 32797 2556
2585 0 23 54 32805 2553
2585 0 49 63 32796 2543
2586 0 54 0 32804 2519
2586 0 13 18 32798 2559
2586 0 13 45 32797 2557
2586 0 23 54 32805 2554
2586 0 49 63 32796 2544
2587 0 34 0 32800 2549
2587 0 59 18 32801 2550
2587 1 3 45 32803 2545
2587 0 49 63 32796 2545
2588 0 54 0 32804 2520
2588 0 13 18 32798 2560
2588 0 49 63 32796 2546
2589 0 34 0 32800 2550
2589 0 59 18 32801 2551
2589 0 48 45 32798 2552
2589 0 34 54 32801 2551
2589 0 49 63 32796 2547
2590 0 54 0 32804 2521
2590 0 13 18 32798 2561
2590 0 48 45 32798 2553
2590 0 34 54 32801 2552
2590 0 49 63 32796 2548
2591 0 54 0 32804 2522
2591 0 59 18 32801 2552
2591 0 48 45 32798 2554
2591 0 34 54 32801 2553
2592 0 54 0 32804 2523
2592 0 13 18 32798 2562
2592 0 48 45 32798 2555
2592 0 34 54 32801 2554
2593 0 54 0 32804 2524
2593 0 59 18 32801 2553
2593 0 48 45 32798 2556
2593 0 34 54 32801 2555
2594 0 16 0 32801 2577
2594 1 47 16 32806 2532
2594 0 13 18 32798 2563
2594 0 48 45 32798 2557
2594 0 49 54 32797 2562
2595 0 54 0 32804 2525
2595 0 59 18 32801 2554
2595 0 48 45 32798 2558
2595 0 34 54 32801 2556
2596 0 16 0 32801 2578
2596 0 13 18 32798 2564
2596 0 49 54 32797 2563
2597 0 54 0 32804 2526
2597 0 59 18 32801 2555
2597 0 48 45 32798 2559
2597 0 34 54 32801 2557
2598 0 16 0 32801 2579
2598 0 13 18 32798 2565
2598 0 49 54 32797 2564
2599 0 54 0 32804 2527
2599 0 59 18 32801 2556
2599 1 1 34 32796 2567
2599 0 48 45 32798 2560
2599 0 34 54 32801 2558
2600 0 16 0 32801 2580
2600 1 17 2 32802 2578
2600 1 13 10 32799 2570
2600 0 13 18 32798 2566
2600 0 38 45 32809 2583
2600 0 49 54 32797 2565
2601 0 54 0 32804 2528
2601 0 59 18 32801 2557
2601 0 48 45 32798 2561
2601 0 34 54 32801 2559
2602 0 16 0 32801 2581
2602 0 13 18 32798 2567
2602 0 38 45 32809 2584
2602 0 49 54 32797 2566
2603 0 16 0 32801 2582
2603 0 59 18 32801 2558
2603 0 38 45 32809 2585
2603 0 34 54 32801 2560
2604 0 14 0 32802 2556
2604 0 59 18 32801 2559
2604 0 8 27 32797 2572
2604 0 38 45 32809 2586
2604 0 49 54 32797 2567
2605 0 16 0 32801 2583
2605 0 8 27 32797 2573
2605 0 38 45 32809 2587
2605 0 49 54 32797 2568
2606 0 14 0 32802 2557
2606 0 57 18 32805 2569
2606 0 8 27 32797 2574
2606 0 38 45 32809 2588
2606 0 49 54 32797 2569
2607 0 16 0 32801 2584
2607 0 47 18 32807 2560
2607 0 8 27 32797 2575
2607 0 38 45 32809 2589
2607 0 49 54 32797 2570
2608 0 14 0 32802 2558
2608 0 57 18 32805 2570
2608 0 8 27 32797 2576
2608 0 38 45 32809 2590
2608 0 49 54 32797 2571
2609 0 16 0 32801 2585
2609 0 47 18 32807 2561
2609 0 8 27 32797 2577
2609 0 1 45 32795 2557
2610 0 14 0 32802 2559
2610 0 57 18 32805 2571
2610 0 8 27 32797 2578
2610 0 38 45 32809 2591
2611 0 16 0 32801 2586
2611 0 47 18 32807 2562
2611 0 8 27 32797 2579
2611 0 1 45 32795 2558
2612 0 14 0 32802 2560
2612 0 57 18 32805 2572
2612 0 8 27 32797 2580
2612 0 38 45 32809 2592
2613 0 14 0 32802 2561
2613 0 47 18 32807 2563
2613 0 8 27 32797 2581
2613 0 1 45 32795 2559
2614 0 48 0 32799 2562
2614 0 57 18 32805 2573
2614 0 1 45 32795 2560
2615 0 14 0 32802 2562
2615 0 47 18 32807 2564
2615 0 1 45 32795 2561
2616 0 48 0 32799 2563
2616 1 8 4 32798 2584
2616 0 57 18 32805 2574
2616 0 1 45 32795 2562
2617 0 14 0 32802 2563
2617 0 47 18 32807 2565
2617 0 49 45 32799 2585
2617 0 32 54 32805 2570
2618 0 48 0 32799 2564
2618 0 57 18 32805 2575
2618 0 1 45 32795 2563
2618 1 61 49 32801 2586
2618 1 25 52 32801 2580
2618 0 32 54 32805 2571
2619 0 14 0 32802 2564
2619 0 47 18 32807 2566
2619 0 49 45 32799 2586
2619 0 32 54 32805 2572
2620 0 48 0 32799 2565
2620 0 57 18 32805 2576
2620 0 1 45 32795 2564
2620 0 32 54 32805 2573
2620 1 0 60 32790 2558
2621 0 14 0 32802 2565
2621 0 52 9 32808 2574
2621 0 47 18 32807 2567
2621 0 49 45 32799 2587
2621 0 32 54 32805 2574
2622 0 48 0 32799 2566
2622 0 52 9 32808 2575
2622 0 57 18 32805 2577
2622 0 1 45 32795 2565
2622 1 43 49 32807 2600
2622 0 32 54 32805 2575
2623 0 48 0 32799 2567
2623 0 52 9 32808 2576
2623 0 47 18 32807 2568
2623 0 49 45 32799 2588
2623 0 32 54 32805 2576
2624 0 46 0 32800 2541
2624 0 52 9 32808 2577
2624 0 57 18 32805 2578
2624 0 1 45 32795 2566
2624 0 32 54 32805 2577
2625 0 48 0 32799 2568
2625 0 52 9 32808 2578
2625 0 47 18 32807 2569
2625 0 49 45 32799 2589
2625 1 55 48 32796 2583
2625 0 32 54 32805 2578
2626 0 46 0 32800 2542
2626 1 15 6 32799 2609
2626 0 52 9 32808 2579
2626 0 49 45 32799 2590
2626 0 32 54 32805 2579
2627 0 48 0 32799 2569
2627 0 52 9 32808 2580
2627 0 49 45 32799 2591
2628 0 46 0 32800 2543
2628 0 52 9 32808 2581
2628 0 49 45 32799 2592
2628 1 16 63 32800 2561
2629 0 48 0 32799 2570
2629 0 52 9 32808 2582
2629 0 49 45 32799 2593
2630 0 46 0 32800 2544
2630 0 52 9 32808 2583
2630 0 49 45 32799 2594
2631 0 48 0 32799 2571
2631 1 57 11 32806 2584
2631 0 18 63 32800 2574
2632 0 46 0 32800 2545
2632 0 5 36 32796 2600
2632 0 17 63 32801 2570
2633 0 46 0 32800 2546
2633 1 49 10 32798 2580
2633 0 5 36 32796 2601
2633 0 18 63 32800 2575
2634 0 46 0 32800 2547
2634 1 2 19 32796 2612
2634 0 5 36 32796 2602
2634 0 17 63 32801 2571
2635 0 46 0 32800 2548
2635 0 5 36 32796 2603
2635 0 18 63 32800 2576
2636 0 46 0 32800 2549
2636 1 14 20 32803 2614
2636 0 5 36 32796 2604
2636 0 17 63 32801 2572
2637 0 46 0 32800 2550
2637 0 5 36 32796 2605
2637 0 18 63 32800 2577
2638 0 5 36 32796 2606
2638 0 17 63 32801 2573
2639 0 5 36 32796 2607
2639 0 18 63 32800 2578
2640 0 53 36 32795 2618
2640 0 17 63 32801 2574
2641 0 5 36 32796 2608
2641 0 18 63 32800 2579
2642 0 5 9 32797 2610
2642 1 54 19 32806 2600
2642 0 53 36 32795 2619
2642 0 17 63 32801 2575
2643 0 5 9 32797 2611
2643 0 5 36 32796 2609
2643 0 44 45 32807 2631
2643 1 21 47 32807 2601
2643 0 54 54 32808 2636
2643 0 18 63 32800 2580
2644 0 5 9 32797 2612
2644 0 53 36 32795 2620
2644 0 44 45 32807 2632
2644 0 59 54 32802 2616
2644 0 17 63 32801 2576
2645 0 5 9 32797 2613
2645 0 53 36 32795 2621
2645 0 44 45 32807 2633
2645 0 54 54 32808 2637
2645 0 18 63 32800 2581
2646 0 5 9 32797 2614
2646 0 53 36 32795 2622
2646 0 44 45 32807 2634
2646 0 59 54 32802 2617
2646 0 17 63 32801 2577
2647 0 8 9 32799 2635
2647 0 39 27 32805 2615
2647 0 53 36 32795 2623
2647 0 44 45 32807 2635
2647 0 54 54 32808 2638
2647 0 18 63 32800 2582
2648 0 5 9 32797 2615
2648 0 39 27 32805 2616
2648 0 53 36 32795 2624
2648 0 44 45 32807 2636
2648 0 59 54 32802 2618
2648 0 17 63 32801 2579
2649 0 8 9 32799 2636
2649 0 39 27 32805 2617
2649 0 53 36 32795 2625
2649 0 54 54 32808 2639
2649 0 18 63 32800 2583
2650 0 5 9 32797 2616
2650 0 39 27 32805 2618
2650 0 53 36 32795 2626
2650 0 44 45 32807 2638
2650 0 59 54 32802 2619
2650 0 17 63 32801 2580
2651 0 8 9 32799 2637
2651 0 39 27 32805 2619
2651 0 53 36 32795 2627
2651 0 44 45 32807 2639
2651 0 54 54 32808 2640
2652 0 5 9 32797 2617
2652 0 5 27 32798 2620
2652 0 44 45 32807 2640
2652 0 59 54 32802 2620
2653 0 8 9 32799 2638
2653 0 44 45 32807 2641
2653 0 54 54 32808 2641
2653 1 1 59 32797 2601
2654 0 5 9 32797 2618
2654 0 39 27 32805 2620
2654 1 20 35 32801 2632
2654 0 59 54 32802 2621
2655 0 8 9 32799 2639
2655 0 5 27 32798 2621
2655 0 54 54 32808 2642
2656 0 61 0 32802 2589
2656 0 5 9 32797 2619
2656 0 39 27 32805 2621
2656 0 59 54 32802 2622
2657 0 61 0 32802 2590
2657 0 8 9 32799 2640
2657 0 5 27 32798 2622
2657 0 54 54 32808 2643
2658 0 61 0 32802 2591
2658 0 23 9 32806 2605
2658 0 9 18 32794 2641
2658 0 39 27 32805 2622
2658 0 59 54 32802 2623
2659 0 61 0 32802 2592
2659 0 8 9 32799 2641
2659 0 9 18 32794 2642
2659 0 5 27 32798 2623
2659 0 54 54 32808 2644
2660 0 61 0 32802 2593
2660 0 23 9 32806 2606
2660 0 9 18 32794 2643
2660 0 39 27 32805 2623
2660 0 59 54 32802 2624
2661 0 61 0 32802 2594
2661 1 28 7 32791 2624
2661 0 8 9 32799 2642
2661 0 9 18 32794 2644
2661 0 5 27 32798 2624
2661 0 54 54 32808 2645
2662 0 61 0 32802 2595
2662 0 23 9 32806 2607
2662 0 9 18 32794 2645
2662 0 39 27 32805 2624
2662 0 59 54 32802 2625
2663 0 61 0 32802 2596
2663 0 8 9 32799 2643
2663 0 9 18 32794 2646
2663 0 5 27 32798 2625
2663 0 63 54 32797 2636
2664 0 61 0 32802 2597
2664 0 23 9 32806 2608
2664 0 40 18 32806 2632
2664 0 5 27 32798 2626
2664 0 24 54 32808 2600
2665 0 61 0 32802 2598
2665 0 8 9 32799 2644
2665 0 9 18 32794 2647
2665 0 5 27 32798 2627
2665 0 63 54 32797 2637
2666 0 23 9 32806 2609
2666 0 40 18 32806 2633
2666 0 5 27 32798 2628
2666 0 24 54 32808 2601
2667 0 44 9 32806 2621
2667 0 9 18 32794 2648
2667 0 5 27 32798 2629
2667 0 63 54 32797 2638
2668 1 52 3 32809 2626
2668 0 23 9 32806 2610
2668 0 40 18 32806 2634
2668 1 37 44 32806 2651
2668 0 24 54 32808 2602
2669 0 44 9 32806 2622
2669 0 9 18 32794 2649
2669 0 63 54 32797 2639
2670 0 23 9 32806 2611
2670 0 40 18 32806 2635
2670 0 24 54 32808 2603
2670 0 28 63 32792 2628
2671 0 44 9 32806 2623
2671 0 9 18 32794 2650
2671 0 63 54 32797 2640
2671 0 28 63 32792 2629
2672 0 23 9 32806 2612
2672 0 40 18 32806 2636
2672 0 24 54 32808 2604
2672 0 28 63 32792 2630
2673 0 44 9 32806 2624
2673 0 54 18 32807 2623
2673 0 63 54 32797 2641
2673 0 28 63 32792 2631
2674 0 23 9 32806 2613
2674 0 40 18 32806 2637
2674 1 35 40 32801 2647
2674 0 24 54 32808 2605
2674 0 28 63 32792 2632
2675 0 44 9 32806 2625
2675 0 54 18 32807 2624
2675 1 27 32 32804 2648
2675 0 63 54 32797 2642
2675 0 28 63 32792 2633
2676 0 23 9 32806 2614
2676 0 40 18 32806 2638
2676 0 24 54 32808 2606
2676 0 28 63 32792 2634
2677 0 44 9 32806 2626
2677 0 54 18 32807 2625
2677 0 63 54 32797 2643
2677 0 28 63 32792 2635
2678 0 6 9 32808 2628
2678 0 40 18 32806 2639
2678 0 9 27 32795 2651
2678 0 24 54 32808 2607
2678 0 28 63 32792 2636
2679 0 44 9 32806 2627
2679 1 44 15 32808 2637
2679 0 54 18 32807 2626
2679 0 9 27 32795 2652
2679 0 63 54 32797 2644
2679 0 28 63 32792 2637
2680 0 6 9 32808 2629
2680 0 40 18 32806 2640
2680 0 9 27 32795 2653
2680 0 24 54 32808 2608
2681 0 44 9 32806 2628
2681 0 54 18 32807 2627
2681 0 9 27 32795 2654
2681 0 63 54 32797 2645
2682 0 6 9 32808 2630
2682 0 40 18 32806 2641
2682 0 9 27 32795 2655
2682 0 47 45 32808 2665
2682 0 24 54 32808 2609
2683 0 44 9 32806 2629
2683 0 54 18 32807 2628
2683 1 28 24 32793 2655
2683 0 47 45 32808 2666
2683 0 4 54 32815 2626
2684 0 12 0 32798 2652
2684 0 6 9 32808 2631
2684 0 54 18 32807 2629
2684 0 9 27 32795 2656
2684 0 47 45 32808 2667
2684 0 59 54 32803 2626
2685 0 8 0 32800 2673
2685 0 44 9 32806 2630
2685 0 27 18 32805 2660
2685 0 28 36 32794 2673
2685 0 47 45 32808 2668
2685 0 4 54 32815 2627
2686 0 12 0 32798 2653
2686 0 6 9 32808 2632
2686 0 54 18 32807 2630
2686 0 41 27 32805 2659
2686 0 28 36 32794 2674
2686 0 47 45 32808 2669
2686 1 21 52 32808 2654
2686 0 59 54 32803 2627
2686 0 46 63 32801 2664
2687 0 8 0 32800 2674
2687 0 37 9 32805 2636
2687 0 27 18 32805 2661
2687 0 9 27 32795 2657
2687 0 28 36 32794 2675
2687 0 47 45 32808 2670
2687 0 4 54 32815 2628
2687 0 46 63 32801 2665
2688 0 12 0 32798 2654
2688 1 62 7 32810 2641
2688 0 6 9 32808 2633
2688 0 54 18 32807 2631
2688 0 41 27 32805 2660
2688 0 28 36 32794 2676
2688 0 47 45 32808 2671
2688 0 59 54 32803 2628
2688 0 46 63 32801 2666
2689 0 8 0 32800 2675
2689 0 37 9 32805 2637
2689 0 27 18 32805 2662
2689 0 9 27 32795 2658
2689 0 0 36 32791 2642
2689 0 47 45 32808 2672
2689 0 4 54 32815 2629
2689 0 46 63 32801 2667
2690 0 12 0 32798 2655
2690 0 6 9 32808 2634
2690 0 54 18 32807 2632
2690 0 41 27 32805 2661
2690 1 42 31 32797 2648
2690 0 28 36 32794 2677
2690 0 47 45 32808 2673
2690 0 59 54 32803 2629
2690 1 23 58 32807 2633
2690 0 46 63 32801 2668
2691 0 8 0 32800 2676
2691 0 37 9 32805 2638
2691 0 27 18 32805 2663
2691 0 9 27 32795 2659
2691 0 0 36 32791 2643
2691 0 47 45 32808 2674
2691 0 4 54 32815 2630
2691 0 46 63 32801 2669
2692 0 12 0 32798 2656
2692 0 6 9 32808 2635
2692 0 27 18 32805 2664
2692 0 41 27 32805 2662
2692 0 28 36 32794 2678
2692 0 59 54 32803 2630
2692 0 46 63 32801 2670
2693 0 8 0 32800 2677
2693 1 62 1 32809 2626
2693 0 37 9 32805 2639
2693 0 58 18 32806 2660
2693 0 9 27 32795 2660
2693 0 0 36 32791 2644
2693 0 4 54 32815 2631
2693 0 46 63 32801 2671
2694 0 12 0 32798 2657
2694 0 6 9 32808 2636
2694 0 27 18 32805 2665
2694 0 41 27 32805 2663
2694 0 28 36 32794 2679
2694 0 59 54 32803 2631
2694 0 46 63 32801 2672
2695 0 8 0 32800 2678
2695 0 37 9 32805 2640
2695 0 58 18 32806 2661
2695 0 26 27 32795 2677
2695 0 0 36 32791 2645
2695 0 4 54 32815 2632
2695 1 58 61 32807 2673
2695 0 46 63 32801 2673
2696 0 12 0 32798 2658
2696 0 6 9 32808 2637
2696 0 27 18 32805 2666
2696 0 41 27 32805 2664
2696 0 28 36 32794 2680
2696 0 59 54 32803 2632
2697 0 8 0 32800 2679
2697 1 24 7 32809 2640
2697 0 37 9 32805 2641
2697 0 58 18 32806 2662
2697 1 55 25 32797 2645
2697 0 26 27 32795 2678
2697 0 0 36 32791 2646
2697 0 4 54 32815 2633
2698 0 12 0 32798 2659
2698 0 37 9 32805 2642
2698 0 27 18 32805 2667
2698 0 41 27 32805 2665
2698 0 28 36 32794 2681
2698 0 59 54 32803 2633
2699 0 8 0 32800 2680
2699 0 37 9 32805 2643
2699 0 58 18 32806 2663
2699 0 26 27 32795 2679
2699 0 0 36 32791 2647
2699 0 4 54 32815 2634
2700 0 12 0 32798 2660
2700 0 37 9 32805 2644
2700 0 27 18 32805 2668
2700 0 41 27 32805 2666
2700 0 28 36 32794 2682
2700 0 59 54 32803 2634
2701 0 8 0 32800 2681
2701 0 37 9 32805 2645
2701 0 58 18 32806 2664
2701 0 26 27 32795 2680
2701 0 0 36 32791 2648
2701 0 4 54 32815 2635
2702 0 12 0 32798 2661
2702 0 27 18 32805 2669
2702 0 41 27 32805 2667
2702 0 0 36 32791 2649
2702 0 59 54 32803 2635
2702 1 26 58 32794 2675
2703 0 8 0 32800 2682
2703 0 58 18 32806 2665
2703 0 26 27 32795 2681
2703 0 0 36 32791 2650
2703 0 15 54 32800 2640
2704 0 58 18 32806 2666
2704 0 41 27 32805 2668
2704 1 59 30 32804 2662
2704 0 0 36 32791 2651
2704 0 58 54 32805 2650
2705 0 53 0 32796 2637
2705 1 44 5 32810 2668
2705 0 4 9 32816 2678
2705 0 58 18 32806 2667
2705 0 26 27 32795 2682
2705 0 15 54 32800 2641
2706 0 9 0 32796 2680
2706 0 4 9 32816 2679
2706 0 58 18 32806 2668
2706 0 26 27 32795 2683
2706 0 58 54 32805 2651
2707 0 53 0 32796 2638
2707 0 4 9 32816 2680
2707 0 58 18 32806 2669
2707 0 26 27 32795 2684
2707 0 15 54 32800 2642
2708 0 9 0 32796 2681
2708 0 41 9 32806 2681
2708 0 26 27 32795 2685
2708 0 58 54 32805 2652
2708 1 47 63 32809 2691
2709 0 53 0 32796 2639
2709 0 4 9 32816 2681
2709 0 26 27 32795 2686
2709 0 0 45 32792 2652
2709 0 15 54 32800 2643
2710 0 9 0 32796 2682
2710 0 41 9 32806 2682
2710 0 0 45 32792 2653
2710 0 58 54 32805 2653
2711 0 53 0 32796 2640
2711 0 4 9 32816 2682
2711 0 0 45 32792 2654
2711 0 15 54 32800 2644
2712 0 9 0 32796 2683
2712 0 41 9 32806 2683
2712 0 0 45 32792 2655
2712 1 39 52 32806 2680
2712 0 58 54 32805 2654
2712 0 25 63 32802 2655
2713 0 53 0 32796 2641
2713 0 4 9 32816 2683
2713 0 0 45 32792 2656
2713 0 15 54 32800 2645
2713 0 25 63 32802 2656
2714 0 9 0 32796 2684
2714 0 41 9 32806 2684
2714 0 0 45 32792 2657
2714 0 58 54 32805 2655
2714 0 25 63 32802 2657
2715 0 53 0 32796 2642
2715 0 4 9 32816 2684
2715 0 51 45 32801 2693
2715 0 15 54 32800 2646
2715 0 7 63 32803 2673
2716 0 9 0 32796 2685
2716 0 41 9 32806 2685
2716 0 0 45 32792 2658
2716 0 58 54 32805 2656
2716 0 25 63 32802 2658
2717 0 53 0 32796 2643
2717 1 16 2 32802 2690
2717 0 4 9 32816 2685
2717 0 51 45 32801 2694
2717 0 15 54 32800 2647
2717 0 7 63 32803 2674
2718 0 9 0 32796 2686
2718 0 41 9 32806 2686
2718 0 61 36 32803 2691
2718 0 0 45 32792 2659
2718 0 58 54 32805 2657
2718 0 25 63 32802 2659
2719 0 53 0 32796 2644
2719 0 4 9 32816 2686
2719 0 61 36 32803 2692
2719 0 51 45 32801 2695
2719 0 15 54 32800 2648
2719 0 7 63 32803 2675
2720 0 9 0 32796 2687
2720 0 41 9 32806 2687
2720 0 61 36 32803 2693
2720 0 0 45 32792 2660
2720 0 58 54 32805 2658
2720 0 25 63 32802 2660
2721 0 53 0 32796 2645
2721 0 4 9 32816 2687
2721 0 4 18 32817 2694
2721 0 61 36 32803 2694
2721 0 51 45 32801 2696
2721 0 15 54 32800 2649
2721 0 7 63 32803 2676
2722 0 9 0 32796 2688
2722 0 41 9 32806 2688
2722 1 23 13 32808 2700
2722 0 4 18 32817 2695
2722 0 61 36 32803 2695
2722 0 0 45 32792 2661
2722 0 58 54 32805 2659
2722 0 25 63 32802 2661
2723 0 53 0 32796 2646
2723 0 16 9 32803 2695
2723 0 4 18 32817 2696
2723 1 43 26 32808 2701
2723 0 61 36 32803 2696
2723 0 51 45 32801 2697
2723 0 49 54 32800 2691
2723 0 7 63 32803 2677
2724 0 9 0 32796 2689
2724 0 41 9 32806 2689
2724 0 4 18 32817 2697
2724 0 61 36 32803 2697
2724 1 3 42 32804 2687
2724 0 51 45 32801 2698
2724 0 10 54 32799 2657
2724 0 25 63 32802 2662
2725 0 16 9 32803 2696
2725 0 4 18 32817 2698
2725 0 61 36 32803 2698
2725 0 51 45 32801 2699
2725 0 49 54 32800 2692
2725 0 7 63 32803 2678
2726 0 44 0 32809 2642
2726 0 41 9 32806 2690
2726 0 4 18 32817 2699
2726 0 61 36 32803 2699
2726 1 11 44 32807 2694
2726 0 51 45 32801 2700
2726 0 10 54 32799 2658
2726 0 25 63 32802 2663
2727 0 44 0 32809 2643
2727 0 16 9 32803 2697
2727 0 4 18 32817 2700
2727 0 61 36 32803 2700
2727 0 51 45 32801 2701
2727 0 49 54 32800 2693
2727 0 7 63 32803 2679
2728 0 44 0 32809 2644
2728 0 16 9 32803 2698
2728 0 4 18 32817 2701
2728 0 51 45 32801 2702
2728 0 10 54 32799 2659
2728 0 25 63 32802 2664
2729 0 44 0 32809 2645
2729 0 16 9 32803 2699
2729 0 4 18 32817 2702
2729 0 33 45 32794 2696
2729 0 49 54 32800 2694
2729 0 7 63 32803 2680
2730 0 44 0 32809 2646
2730 0 16 9 32803 2700
2730 0 4 18 32817 2703
2730 0 33 45 32794 2697
2730 0 10 54 32799 2660
2730 0 7 63 32803 2681
2731 0 44 0 32809 2647
2731 0 16 9 32803 2701
2731 0 5 27 32799 2699
2731 0 33 45 32794 2698
2731 0 49 54 32800 2695
2731 0 7 63 32803 2682
2732 0 44 0 32809 2648
2732 0 16 9 32803 2702
2732 0 5 27 32799 2700
2732 0 10 54 32799 2661
2733 0 44 0 32809 2649
2733 0 16 9 32803 2703
2733 0 5 27 32799 2701
2733 1 2 50 32797 2696
2733 0 49 54 32800 2696
2734 0 44 0 32809 2650
2734 0 16 9 32803 2704
2734 1 1 21 32798 2697
2734 0 5 27 32799 2702
2734 0 33 45 32794 2699
2734 0 10 54 32799 2662
2734 1 35 57 32802 2702
2735 0 44 0 32809 2651
2735 0 5 27 32799 2703
2735 0 29 45 32797 2718
2735 0 49 54 32800 2697
2736 0 5 27 32799 2705
2736 0 33 45 32794 2700
2736 0 10 54 32799 2663
2736 0 47 63 32810 2719
2737 0 62 9 32811 2672
2737 0 5 27 32799 2706
2737 0 29 45 32797 2719
2737 0 49 54 32800 2698
2737 0 47 63 32810 2720
2738 0 62 9 32811 2673
2738 0 5 27 32799 2707
2738 0 33 45 32794 2701
2738 0 10 54 32799 2664
2738 0 47 63 32810 2721
2739 0 62 9 32811 2674
2739 0 5 27 32799 2708
2739 0 29 45 32797 2720
2739 0 49 54 32800 2699
2739 0 47 63 32810 2722
2740 0 62 9 32811 2675
2740 1 41 25 32807 2723
2740 0 5 27 32799 2709
2740 1 24 34 32812 2718
2740 0 33 45 32794 2702
2740 0 10 54 32799 2665
2740 0 47 63 32810 2723
2741 0 62 9 32811 2676
2741 0 36 36 32799 2734
2741 0 29 45 32797 2721
2741 0 49 54 32800 2700
2741 0 59 63 32805 2714
2742 0 62 9 32811 2677
2742 0 36 36 32799 2735
2742 0 33 45 32794 2703
2742 0 10 54 32799 2666
2742 0 47 63 32810 2724
2743 0 62 9 32811 2678
2743 0 5 18 32801 2710
2743 0 36 36 32799 2736
2743 0 29 45 32797 2722
2743 0 37 54 32807 2674
2743 0 59 63 32805 2715
2744 0 62 9 32811 2679
2744 0 5 18 32801 2711
2744 0 36 36 32799 2737
2744 0 33 45 32794 2704
2744 1 55 54 32799 2724
2744 0 47 63 32810 2725
2745 0 62 9 32811 2680
2745 0 14 18 32804 2713
2745 0 36 36 32799 2738
2745 0 29 45 32797 2723
2745 0 37 54 32807 2675
2745 0 59 63 32805 2716
2746 0 62 9 32811 2681
2746 0 5 18 32801 2712
2746 0 16 27 32804 2719
2746 0 36 36 32799 2739
2746 0 33 45 32794 2705
2746 0 18 54 32801 2686
2746 0 47 63 32810 2726
2747 0 45 0 32799 2690
2747 0 14 18 32804 2714
2747 0 28 27 32795 2735
2747 0 24 36 32811 2715
2747 0 29 45 32797 2724
2747 1 15 48 32801 2680
2747 0 37 54 32807 2676
2747 0 59 63 32805 2717
2748 0 45 0 32799 2691
2748 1 40 5 32807 2691
2748 0 5 18 32801 2713
2748 0 16 27 32804 2720
2748 0 36 36 32799 2740
2748 0 29 45 32797 2725
2748 0 18 54 32801 2687
2748 0 47 63 32810 2727
2749 0 45 0 32799 2692
2749 0 14 18 32804 2715
2749 0 28 27 32795 2736
2749 0 24 36 32811 2716
2749 0 29 45 32797 2726
2749 0 37 54 32807 2677
2749 0 59 63 32805 2718
2750 0 45 0 32799 2693
2750 0 5 18 32801 2714
2750 0 16 27 32804 2721
2750 0 36 36 32799 2741
2750 1 63 40 32798 2698
2750 1 8 46 32801 2684
2750 0 18 54 32801 2688
2750 0 47 63 32810 2728
2751 0 45 0 32799 2694
2751 0 14 18 32804 2716
2751 0 28 27 32795 2737
2751 0 24 36 32811 2717
2751 0 29 45 32797 2727
2751 0 37 54 32807 2678
2751 0 59 63 32805 2719
2752 0 45 0 32799 2695
2752 0 5 18 32801 2715
2752 0 16 27 32804 2722
2752 0 36 36 32799 2742
2752 0 18 54 32801 2689
2752 0 48 63 32801 2701
2753 0 45 0 32799 2696
2753 0 14 18 32804 2717
2753 0 28 27 32795 2738
2753 0 24 36 32811 2719
2753 0 18 45 32802 2702
2753 0 37 54 32807 2679
2753 0 59 63 32805 2720
2754 0 45 0 32799 2697
2754 1 23 5 32809 2727
2754 0 5 18 32801 2716
2754 0 16 27 32804 2723
2754 0 36 36 32799 2743
2754 0 18 45 32802 2703
2754 0 18 54 32801 2690
2754 0 48 63 32801 2702
2755 0 45 0 32799 2698
2755 1 48 14 32800 2693
2755 0 14 18 32804 2718
2755 0 28 27 32795 2739
2755 0 24 36 32811 2720
2755 0 37 54 32807 2680
2755 0 59 63 32805 2721
2756 0 45 0 32799 2699
2756 0 5 18 32801 2717
2756 0 16 27 32804 2724
2756 0 24 36 32811 2721
2756 0 56 45 32809 2714
2756 0 18 54 32801 2691
2756 0 48 63 32801 2703
2757 0 14 18 32804 2719
2757 0 28 27 32795 2740
2757 0 24 36 32811 2722
2757 0 18 45 32802 2704
2757 0 37 54 32807 2681
2757 0 59 63 32805 2722
2758 0 5 18 32801 2718
2758 0 16 27 32804 2725
2758 0 24 36 32811 2723
2758 0 56 45 32809 2715
2758 0 18 54 32801 2692
2758 0 48 63 32801 2704
2759 0 14 18 32804 2720
2759 0 28 27 32795 2741
2759 0 24 36 32811 2724
2759 0 18 45 32802 2705
2759 0 37 54 32807 2682
2759 0 59 63 32805 2723
2760 0 5 18 32801 2719
2760 1 27 19 32807 2748
2760 0 16 27 32804 2726
2760 0 24 36 32811 2725
2760 0 56 45 32809 2716
2760 0 18 54 32801 2693
2760 1 5 61 32800 2704
2760 0 48 63 32801 2705
2761 0 14 18 32804 2721
2761 0 28 27 32795 2742
2761 0 18 45 32802 2706
2761 0 37 54 32807 2683
2761 0 35 63 32803 2706
2762 0 14 18 32804 2722
2762 0 16 27 32804 2727
2762 0 56 45 32809 2717
2762 0 18 54 32801 2694
2762 0 48 63 32801 2706
2763 1 39 5 32807 2726
2763 0 28 27 32795 2743
2763 0 18 45 32802 2707
2763 0 18 54 32801 2695
2763 0 35 63 32803 2707
2764 1 9 1 32798 2752
2764 0 16 27 32804 2728
2764 0 56 45 32809 2718
2764 0 24 54 32810 2705
2764 0 48 63 32801 2707
2765 0 28 27 32795 2744
2765 0 18 45 32802 2708
2765 0 24 54 32810 2706
2765 1 31 61 32789 2717
2765 0 35 63 32803 2708
2766 0 57 27 32807 2716
2766 0 56 45 32809 2719
2766 0 24 54 32810 2707
2766 0 48 63 32801 2708
2767 0 57 27 32807 2717
2767 0 18 45 32802 2709
2767 0 38 54 32810 2750
2767 0 35 63 32803 2709
2768 0 57 27 32807 2718
2768 0 56 45 32809 2720
2768 0 24 54 32810 2708
2768 1 44 61 32811 2746
2768 0 48 63 32801 2709
2769 0 57 27 32807 2719
2769 0 18 45 32802 2710
2769 0 38 54 32810 2751
2769 0 35 63 32803 2710
2770 1 26 12 32796 2743
2770 0 53 27 32797 2737
2770 0 56 45 32809 2721
2770 0 24 54 32810 2709
2770 0 48 63 32801 2710
2771 0 57 27 32807 2720
2771 0 18 45 32802 2711
2771 0 38 54 32810 2752
2771 0 35 63 32803 2711
2772 0 42 18 32798 2750
2772 1 42 26 32799 2755
2772 0 53 27 32797 2738
2772 0 56 45 32809 2722
2772 0 24 54 32810 2710
2772 0 35 63 32803 2712
2773 0 42 18 32798 2751
2773 0 57 27 32807 2721
2773 0 34 45 32802 2734
2773 0 38 54 32810 2753
2773 0 35 63 32803 2713
2774 0 11 0 32808 2747
2774 0 42 18 32798 2752
2774 0 53 27 32797 2739
2774 0 56 45 32809 2723
2774 0 24 54 32810 2711
2774 0 35 63 32803 2714
2775 0 11 0 32808 2748
2775 0 42 18 32798 2753
2775 0 57 27 32807 2722
2775 0 34 45 32802 2735
2775 0 38 54 32810 2754
2775 0 35 63 32803 2715
2776 0 11 0 32808 2749
2776 1 56 16 32810 2744
2776 0 42 18 32798 2754
2776 0 53 27 32797 2740
2776 0 34 45 32802 2736
2776 0 24 54 32810 2712
2777 0 11 0 32808 2750
2777 0 42 18 32798 2756
2777 0 57 27 32807 2723
2777 0 5 45 32802 2739
2777 0 38 54 32810 2755
2778 0 11 0 32808 2751
2778 0 55 9 32798 2716
2778 1 58 15 32808 2716
2778 0 42 18 32798 2757
2778 0 53 27 32797 2741
2778 0 34 45 32802 2737
2778 0 24 54 32810 2713
2779 0 11 0 32808 2752
2779 0 55 9 32798 2717
2779 0 42 18 32798 2758
2779 0 57 27 32807 2724
2779 0 5 45 32802 2740
2779 1 56 52 32811 2747
2779 1 8 53 32802 2717
2779 0 38 54 32810 2756
2780 0 8 0 32804 2768
2780 0 55 9 32798 2718
2780 0 42 18 32798 2759
2780 0 53 27 32797 2742
2780 0 34 45 32802 2738
2780 0 24 54 32810 2714
2781 0 11 0 32808 2753
2781 0 55 9 32798 2719
2781 0 42 18 32798 2760
2781 0 57 27 32807 2725
2781 0 5 45 32802 2741
2781 1 27 46 32806 2734
2781 0 38 54 32810 2757
2782 0 8 0 32804 2769
2782 0 55 9 32798 2720
2782 0 53 27 32797 2743
2782 0 34 45 32802 2739
2782 1 12 51 32799 2741
2782 0 38 54 32810 2758
2783 0 11 0 32808 2754
2783 0 55 9 32798 2721
2783 0 53 27 32797 2744
2783 0 5 45 32802 2742
2783 0 36 54 32800 2744
2784 0 8 0 32804 2770
2784 0 55 9 32798 2722
2784 0 53 27 32797 2745
2784 0 34 45 32802 2740
2784 0 38 54 32810 2759
2785 0 11 0 32808 2755
2785 0 55 9 32798 2723
2785 0 53 27 32797 2746
2785 0 5 45 32802 2743
2785 0 36 54 32800 2745
2786 0 8 0 32804 2771
2786 0 55 9 32798 2725
2786 0 34 45 32802 2741
2786 0 48 54 32802 2749
2787 0 11 0 32808 2756
2787 0 10 9 32800 2775
2787 1 58 39 32809 2737
2787 1 29 43 32798 2760
2787 0 5 45 32802 2744
2787 0 36 54 32800 2746
2788 0 8 0 32804 2772
2788 0 55 9 32798 2726
2788 1 45 21 32800 2766
2788 0 34 45 32802 2742
2788 0 48 54 32802 2750
2789 0 8 0 32804 2773
2789 0 10 9 32800 2776
2789 0 5 45 32802 2745
2789 1 52 48 32810 2762
2789 0 36 54 32800 2747
2789 0 41 63 32808 2742
2790 0 11 0 32809 2758
2790 0 58 9 32810 2748
2790 0 34 45 32802 2743
2790 0 48 54 32802 2751
2790 1 0 55 32793 2718
2790 0 41 63 32808 2743
2791 0 8 0 32804 2774
2791 0 10 9 32800 2777
2791 0 5 45 32802 2746
2791 0 36 54 32800 2748
2791 0 41 63 32808 2744
2792 0 11 0 32809 2759
2792 0 58 9 32810 2749
2792 0 43 27 32809 2775
2792 0 5 45 32802 2747
2792 0 48 54 32802 2752
2792 0 41 63 32808 2745
2793 0 8 0 32804 2775
2793 0 10 9 32800 2778
2793 0 1 18 32799 2771
2793 0 43 27 32809 2776
2793 0 26 45 32797 2748
2793 0 36 54 32800 2749
2793 0 41 63 32808 2746
2794 0 11 0 32809 2760
2794 0 58 9 32810 2750
2794 1 53 10 32798 2747
2794 0 1 18 32799 2772
2794 0 43 27 32809 2777
2794 0 5 45 32802 2748
2794 0 48 54 32802 2753
2794 0 41 63 32808 2747
2795 0 8 0 32804 2776
2795 0 10 9 32800 2779
2795 0 1 18 32799 2773
2795 0 43 27 32809 2778
2795 1 8 30 32803 2747
2795 0 26 45 32797 2749
2795 0 36 54 32800 2750
2795 0 58 63 32811 2763
2796 0 11 0 32809 2761
2796 0 58 9 32810 2751
2796 0 1 18 32799 2774
2796 0 43 27 32809 2779
2796 0 26 45 32797 2750
2796 0 48 54 32802 2754
2796 0 41 63 32808 2748
2797 0 8 0 32804 2777
2797 0 10 9 32800 2780
2797 0 1 18 32799 2775
2797 0 43 27 32809 2780
2797 0 39 36 32808 2775
2797 0 26 45 32797 2751
2797 0 36 54 32800 2751
2797 0 58 63 32811 2764
2798 0 11 0 32809 2762
2798 0 58 9 32810 2752
2798 0 1 18 32799 2776
2798 0 43 27 32809 2781
2798 0 39 36 32808 2776
2798 0 26 45 32797 2752
2798 0 48 54 32802 2755
2798 0 41 63 32808 2749
2799 0 11 0 32809 2763
2799 0 10 9 32800 2781
2799 0 1 18 32799 2777
2799 0 43 27 32809 2782
2799 0 39 36 32808 2777
2799 0 26 45 32797 2753
2799 0 36 54 32800 2752
2799 0 58 63 32811 2765
2800 0 37 0 32808 2741
2800 0 58 9 32810 2753
2800 0 1 18 32799 2778
2800 1 57 23 32808 2729
2800 0 43 27 32809 2783
2800 0 39 36 32808 2778
2800 0 26 45 32797 2754
2800 0 48 54 32802 2756
2800 0 41 63 32808 2750
2801 0 11 0 32809 2764
2801 0 10 9 32800 2782
2801 0 1 18 32799 2779
2801 0 43 27 32809 2784
2801 0 39 36 32808 2779
2801 0 26 45 32797 2755
2801 0 36 54 32800 2753
2801 0 58 63 32811 2766
2802 0 37 0 32808 2742
2802 0 58 9 32810 2754
2802 0 1 18 32799 2780
2802 1 57 29 32809 2755
2802 0 39 36 32808 2780
2802 0 26 45 32797 2756
2802 0 48 54 32802 2757
2802 0 41 63 32808 2751
2803 0 11 0 32809 2765
2803 0 10 9 32800 2783
2803 0 35 18 32804 2781
2803 0 39 36 32808 2781
2803 0 26 45 32797 2757
2803 0 9 54 32797 2741
2803 0 58 63 32811 2767
2804 0 37 0 32808 2743
2804 0 58 9 32810 2755
2804 0 35 18 32804 2782
2804 0 18 27 32803 2787
2804 0 39 36 32808 2782
2804 0 48 54 32802 2758
2804 0 58 63 32811 2768
2805 0 11 0 32809 2766
2805 0 10 9 32800 2784
2805 0 35 18 32804 2783
2805 1 63 22 32799 2768
2805 0 9 27 32799 2777
2805 0 39 36 32808 2783
2805 0 9 54 32797 2742
2805 0 15 63 32802 2767
2806 0 37 0 32808 2744
2806 0 58 9 32810 2756
2806 0 35 18 32804 2784
2806 0 18 27 32803 2788
2806 0 39 36 32808 2784
2806 0 9 54 32797 2743
2806 0 58 63 32811 2769
2807 0 11 0 32809 2767
2807 0 56 9 32812 2758
2807 0 35 18 32804 2785
2807 0 9 27 32799 2778
2807 1 26 30 32799 2780
2807 0 9 54 32797 2744
2807 0 15 63 32802 2768
2808 0 37 0 32808 2745
2808 0 58 9 32810 2757
2808 0 21 18 32810 2786
2808 0 18 27 32803 2789
2808 0 9 54 32797 2745
2808 0 58 63 32811 2770
2809 0 37 0 32808 2746
2809 0 56 9 32812 2759
2809 0 35 18 32804 2786
2809 0 9 27 32799 2779
2809 0 9 54 32797 2746
2809 0 15 63 32802 2769
2810 0 62 0 32812 2721
2810 0 3 9 32805 2784
2810 0 21 18 32810 2787
2810 0 18 27 32803 2790
2810 0 56 54 32813 2768
2810 0 58 63 32811 2771
2811 0 37 0 32808 2747
2811 0 56 9 32812 2760
2811 0 35 18 32804 2787
2811 0 9 27 32799 2780
2811 0 9 54 32797 2747
2811 0 15 63 32802 2770
2812 0 62 0 32812 2722
2812 0 3 9 32805 2785
2812 0 21 18 32810 2788
2812 0 18 27 32803 2791
2812 1 54 52 32809 2795
2812 0 56 54 32813 2769
2812 0 58 63 32811 2772
2813 0 37 0 32808 2748
2813 0 56 9 32812 2761
2813 1 56 17 32814 2773
2813 0 35 18 32804 2788
2813 0 9 27 32799 2781
2813 0 9 54 32797 2748
2813 0 15 63 32802 2771
2814 0 62 0 32812 2723
2814 0 3 9 32805 2786
2814 0 21 18 32810 2789
2814 0 18 27 32803 2792
2814 0 56 54 32813 2770
2814 0 21 63 32809 2772
2815 0 37 0 32808 2749
2815 0 56 9 32812 2762
2815 0 35 18 32804 2789
2815 0 9 27 32799 2782
2815 0 9 54 32797 2749
2815 0 15 63 32802 2772
2816 0 62 0 32812 2724
2816 0 3 9 32805 2787
2816 1 34 17 32803 2794
2816 0 21 18 32810 2790
2816 0 18 27 32803 2793
2816 0 56 54 32813 2771
2816 0 21 63 32809 2773
2817 0 37 0 32808 2750
2817 0 56 9 32812 2763
2817 0 35 18 32804 2790
2817 0 9 27 32799 2783
2817 0 9 54 32797 2750
2817 0 15 63 32802 2773
2818 0 62 0 32812 2725
2818 0 3 9 32805 2788
2818 0 21 18 32810 2791
2818 0 18 27 32803 2794
2818 0 56 54 32813 2772
2818 0 21 63 32809 2774
2819 0 62 0 32812 2726
2819 0 56 9 32812 2764
2819 0 21 18 32810 2792
2819 0 9 27 32799 2784
2819 0 26 54 32798 2771
2819 0 15 63 32802 2774
2820 0 62 0 32812 2727
2820 0 3 9 32805 2789
2820 0 21 18 32810 2793
2820 0 18 27 32803 2795
2820 0 25 36 32803 2793
2820 0 56 54 32813 2774
2820 0 21 63 32809 2775
2821 0 62 0 32812 2728
2821 0 56 9 32812 2765
2821 0 21 18 32810 2794
2821 0 9 27 32799 2785
2821 0 25 36 32803 2794
2821 0 26 54 32798 2772
2821 0 15 63 32802 2775
2822 0 62 0 32812 2729
2822 0 3 9 32805 2790
2822 0 21 18 32810 2795
2822 0 18 27 32803 2796
2822 1 50 30 32790 2777
2822 0 25 36 32803 2795
2822 0 56 54 32813 2775
2822 0 21 63 32809 2776
2823 0 62 0 32812 2730
2823 0 56 9 32812 2766
2823 0 9 27 32799 2786
2823 0 25 36 32803 2796
2823 0 26 54 32798 2773
2823 0 15 63 32802 2776
2824 0 3 9 32805 2791
2824 0 25 36 32803 2797
2824 0 56 54 32813 2776
2824 0 21 63 32809 2777
2825 0 56 9 32812 2767
2825 1 50 12 32791 2783
2825 0 25 36 32803 2798
2825 0 26 54 32798 2774
2825 0 21 63 32809 2778
2826 0 3 9 32805 2792
2826 0 26 27 32800 2814
2826 0 25 36 32803 2799
2826 0 56 54 32813 2777
2826 0 23 63 32810 2783
2827 0 60 9 32797 2771
2827 0 26 27 32800 2815
2827 0 25 36 32803 2800
2827 0 26 54 32798 2775
2827 0 21 63 32809 2779
2828 0 3 9 32805 2793
2828 0 26 27 32800 2816
2828 0 25 36 32803 2801
2828 0 56 54 32813 2778
2828 0 23 63 32810 2784
2829 0 60 9 32797 2772
2829 0 26 27 32800 2817
2829 0 25 36 32803 2802
2829 0 26 54 32798 2776
2829 0 21 63 32809 2780
2830 0 60 9 32797 2773
2830 0 35 18 32805 2808
2830 0 26 27 32800 2818
2830 0 22 54 32809 2786
2830 0 23 63 32810 2785
2831 0 60 9 32797 2774
2831 0 35 18 32805 2809
2831 0 26 27 32800 2819
2831 0 35 36 32806 2819
2831 0 26 54 32798 2777
2831 0 21 63 32809 2781
2832 0 60 9 32797 2775
2832 0 35 18 32805 2810
2832 0 26 27 32800 2820
2832 0 35 36 32806 2820
2832 0 22 54 32809 2787
2832 0 23 63 32810 2786
2833 0 60 9 32797 2776
2833 0 35 18 32805 2811
2833 0 17 27 32803 2811
2833 0 35 36 32806 2821
2833 0 26 54 32798 2778
2833 0 23 63 32810 2787
2834 0 60 9 32797 2777
2834 0 35 18 32805 2812
2834 0 26 27 32800 2821
2834 0 35 36 32806 2822
2834 1 4 38 32818 2797
2834 0 22 54 32809 2788
2834 0 46 63 32802 2808
2835 0 60 9 32797 2778
2835 0 35 18 32805 2813
2835 0 17 27 32803 2812
2835 0 35 36 32806 2823
2835 0 26 54 32798 2779
2835 0 23 63 32810 2788
2836 0 60 9 32797 2779
2836 0 35 18 32805 2814
2836 0 26 27 32800 2822
2836 0 35 36 32806 2824
2836 0 22 54 32809 2789
2836 0 46 63 32802 2809
2837 0 60 9 32797 2780
2837 0 35 18 32805 2815
2837 0 17 27 32803 2813
2837 0 35 36 32806 2825
2837 0 26 54 32798 2781
2837 0 23 63 32810 2789
2838 0 35 18 32805 2816
2838 0 26 27 32800 2823
2838 0 35 36 32806 2826
2838 0 22 54 32809 2790
2838 0 46 63 32802 2810
2839 0 35 18 32805 2817
2839 0 17 27 32803 2814
2839 0 35 36 32806 2827
2839 0 22 54 32809 2791
2839 0 23 63 32810 2790
2840 0 17 27 32803 2815
2840 0 35 36 32806 2828
2840 0 22 54 32809 2792
2840 0 46 63 32802 2811
2841 1 44 27 32812 2819
2841 0 22 54 32809 2793
2841 1 63 62 32802 2829
2841 0 23 63 32810 2791
2842 0 17 27 32803 2816
2842 0 19 54 32800 2793
2842 0 46 63 32802 2812
2843 0 17 27 32803 2817
2843 0 22 54 32809 2794
2843 0 23 63 32810 2792
2844 1 55 26 32800 2797
2844 0 17 27 32803 2818
2844 0 19 54 32800 2794
2844 0 46 63 32802 2813
2845 0 17 27 32803 2819
2845 0 22 54 32809 2795
2845 0 46 63 32802 2814
2846 0 17 27 32803 2820
2846 0 19 54 32800 2795
2846 0 46 63 32802 2815
2847 0 19 54 32800 2796
2847 0 46 63 32802 2816
2848 0 46 54 32804 2832
2848 0 46 63 32802 2817
2849 0 19 54 32800 2797
2850 0 46 54 32804 2833
2850 1 46 60 32803 2819
2851 0 19 54 32800 2798
2852 0 25 9 32804 2835
2852 0 46 54 32804 2834
2853 0 25 9 32804 2836
2853 1 20 25 32802 2826
2853 0 40 36 32808 2821
2853 0 19 54 32800 2799
2854 0 25 9 32804 2837
2854 0 40 36 32808 2822
2854 1 16 42 32805 2822
2854 0 46 54 32804 2835
2855 0 37 9 32809 2813
2855 0 40 36 32808 2823
2855 0 19 54 32800 2800
2856 0 25 9 32804 2838
2856 0 40 36 32808 2824
2856 0 46 54 32804 2836
2857 0 37 9 32809 2814
2857 0 40 36 32808 2825
2857 0 19 54 32800 2801
2858 0 25 9 32804 2839
2858 0 40 36 32808 2826
2858 0 46 54 32804 2837
2859 0 37 9 32809 2815
2859 0 19 54 32800 2802
2860 0 25 9 32804 2840
2860 0 40 36 32808 2827
2860 0 46 54 32804 2838
2861 0 37 9 32809 2816
2861 0 40 36 32808 2828
2861 0 46 54 32804 2839
2862 0 58 0 32812 2810
2862 0 25 9 32804 2841
2862 0 40 36 32808 2829
2862 0 13 54 32800 2814
2862 1 54 59 32810 2835
2863 0 63 0 32800 2785
2863 0 37 9 32809 2817
2863 0 40 36 32808 2830
2863 0 46 54 32804 2840
2864 0 58 0 32812 2811
2864 0 25 9 32804 2842
2864 0 13 54 32800 2815
2865 0 63 0 32800 2786
2865 0 37 9 32809 2818
2865 0 31 27 32791 2838
2865 0 46 54 32804 2841
2866 0 58 0 32812 2812
2866 0 25 9 32804 2843
2866 0 31 27 32791 2839
2866 0 13 54 32800 2816
2867 0 63 0 32800 2787
2867 0 37 9 32809 2819
2867 1 31 11 32790 2830
2867 0 31 27 32791 2840
2867 0 13 54 32800 2817
2868 0 58 0 32812 2813
2868 0 25 9 32804 2844
2868 1 16 21 32806 2836
2868 0 31 27 32791 2841
2868 0 9 54 32800 2790
2869 0 63 0 32800 2788
2869 0 37 9 32809 2820
2869 1 61 20 32804 2832
2869 0 31 27 32791 2842
2869 0 13 54 32800 2818
2870 0 58 0 32812 2814
2870 0 37 9 32809 2821
2870 0 8 18 32805 2848
2870 0 31 27 32791 2843
2870 0 24 45 32813 2828
2870 0 9 54 32800 2791
2871 0 63 0 32800 2789
2871 0 57 9 32810 2819
2871 0 8 18 32805 2849
2871 0 31 27 32791 2844
2871 1 56 28 32815 2824
2871 0 24 45 32813 2829
2871 0 13 54 32800 2819
2872 0 58 0 32812 2815
2872 0 37 9 32809 2822
2872 0 8 18 32805 2850
2872 0 31 27 32791 2845
2872 0 24 45 32813 2830
2872 0 9 54 32800 2792
2873 0 63 0 32800 2790
2873 0 57 9 32810 2820
2873 0 8 18 32805 2851
2873 0 31 27 32791 2846
2873 0 24 45 32813 2831
2873 0 13 54 32800 2820
2874 0 58 0 32812 2816
2874 0 57 9 32810 2821
2874 0 8 18 32805 2852
2874 0 31 27 32791 2847
2874 0 24 45 32813 2832
2874 0 9 54 32800 2793
2875 0 63 0 32800 2791
2875 0 57 9 32810 2822
2875 0 8 18 32805 2853
2875 0 24 45 32813 2833
2875 1 24 49 32814 2848
2875 0 13 54 32800 2821
2876 0 58 0 32812 2817
2876 0 36 9 32801 2828
2876 0 8 18 32805 2854
2876 0 24 45 32813 2834
2876 0 9 54 32800 2794
2877 0 63 0 32800 2792
2877 0 57 9 32810 2823
2877 0 8 18 32805 2855
2877 0 24 45 32813 2835
2877 0 13 54 32800 2822
2878 0 58 0 32812 2818
2878 0 36 9 32801 2829
2878 0 8 18 32805 2856
2878 0 24 45 32813 2836
2878 0 9 54 32800 2795
2879 0 63 0 32800 2793
2879 0 57 9 32810 2824
2879 0 8 18 32805 2857
2879 0 24 45 32813 2837
2879 0 13 54 32800 2823
2880 0 58 0 32812 2819
2880 0 36 9 32801 2830
2880 0 9 54 32800 2796
2881 0 63 0 32800 2794
2881 0 57 9 32810 2825
2881 0 9 54 32800 2797
2882 0 36 9 32801 2831
2882 0 9 54 32800 2798
2883 1 10 0 32801 2843
2883 0 57 9 32810 2826
2883 1 35 37 32807 2866
2883 0 9 54 32800 2799
2884 1 18 0 32804 2836
2884 0 36 9 32801 2832
2884 0 14 54 32805 2843
2885 0 57 9 32810 2827
2885 0 55 36 32801 2853
2885 0 14 54 32805 2844
2886 0 13 0 32801 2841
2886 0 36 9 32801 2833
2886 0 55 36 32801 2854
2886 0 14 54 32805 2845
2886 1 27 55 32808 2844
2886 1 43 63 32810 2847
2887 0 15 0 32803 2828
2887 0 57 9 32810 2828
2887 0 55 36 32801 2855
2887 0 14 54 32805 2846
2888 0 13 0 32801 2842
2888 0 36 9 32801 2834
2888 0 55 36 32801 2856
2888 0 14 54 32805 2847
2889 0 15 0 32803 2829
2889 0 36 9 32801 2835
2889 1 40 13 32809 2836
2889 1 0 36 32794 2842
2889 0 14 54 32805 2848
2890 0 13 0 32801 2843
2890 0 36 9 32801 2836
2890 0 55 36 32801 2857
2890 0 14 54 32805 2849
2891 0 15 0 32803 2830
2891 0 36 9 32801 2837
2891 0 55 36 32801 2858
2891 0 14 54 32805 2850
2892 0 13 0 32801 2844
2892 1 42 11 32800 2860
2892 0 4 27 32819 2865
2892 0 55 36 32801 2859
2892 0 2 45 32798 2845
2892 0 14 54 32805 2851
2893 0 15 0 32803 2831
2893 0 4 27 32819 2866
2893 0 55 36 32801 2860
2893 0 2 45 32798 2846
2893 0 14 54 32805 2852
2894 0 13 0 32801 2845
2894 0 4 27 32819 2867
2894 0 55 36 32801 2861
2894 0 2 45 32798 2847
2895 0 15 0 32803 2832
2895 0 9 27 32801 2868
2895 0 55 36 32801 2862
2895 0 2 45 32798 2848
2896 0 13 0 32801 2846
2896 0 4 27 32819 2868
2896 0 2 45 32798 2849
2897 0 15 0 32803 2833
2897 0 9 27 32801 2869
2897 0 39 36 32809 2875
2897 0 2 45 32798 2850
2898 0 13 0 32801 2847
2898 0 4 27 32819 2869
2898 0 39 36 32809 2876
2898 0 2 45 32798 2851
2898 0 40 54 32810 2856
2899 0 15 0 32803 2834
2899 0 9 27 32801 2870
2899 0 39 36 32809 2877
2899 0 2 45 32798 2852
2899 0 40 54 32810 2857
2900 0 13 0 32801 2848
2900 1 7 10 32805 2863
2900 0 31 18 32792 2863
2900 0 4 27 32819 2870
2900 0 39 36 32809 2878
2900 0 2 45 32798 2853
2900 0 40 54 32810 2858
2901 0 15 0 32803 2835
2901 0 31 18 32792 2864
2901 0 9 27 32801 2871
2901 0 39 36 32809 2879
2901 0 2 45 32798 2854
2901 0 40 54 32810 2859
2902 0 13 0 32801 2849
2902 0 60 18 32798 2860
2902 0 4 27 32819 2871
2902 0 39 36 32809 2880
2902 0 40 54 32810 2860
2902 0 21 63 32811 2860
2903 0 15 0 32803 2836
2903 1 4 4 32820 2896
2903 0 31 18 32792 2865
2903 0 9 27 32801 2872
2903 0 39 36 32809 2881
2903 0 40 54 32810 2861
2903 0 21 63 32811 2861
2904 0 13 0 32801 2850
2904 0 60 18 32798 2861
2904 0 4 27 32819 2872
2904 0 39 36 32809 2882
2904 0 15 45 32804 2867
2904 0 40 54 32810 2862
2904 0 57 63 32811 2867
2905 0 15 0 32803 2837
2905 0 31 18 32792 2866
2905 0 9 27 32801 2873
2905 0 25 36 32805 2878
2905 0 15 45 32804 2868
2905 0 55 54 32802 2893
2905 0 21 63 32811 2862
2906 0 7 0 32804 2864
2906 0 60 18 32798 2862
2906 0 4 27 32819 2873
2906 0 39 36 32809 2883
2906 0 15 45 32804 2869
2906 0 40 54 32810 2863
2906 0 57 63 32811 2868
2907 0 63 0 32801 2795
2907 0 31 18 32792 2867
2907 0 9 27 32801 2874
2907 0 25 36 32805 2879
2907 0 15 45 32804 2870
2907 0 55 54 32802 2894
2907 0 21 63 32811 2863
2908 0 7 0 32804 2865
2908 1 45 1 32801 2856
2908 0 60 18 32798 2863
2908 0 4 27 32819 2874
2908 0 39 36 32809 2884
2908 0 15 45 32804 2871
2908 0 40 54 32810 2864
2908 0 57 63 32811 2869
2909 0 63 0 32801 2796
2909 0 31 18 32792 2868
2909 0 9 27 32801 2875
2909 0 25 36 32805 2880
2909 0 15 45 32804 2872
2909 0 55 54 32802 2895
2909 0 21 63 32811 2864
2910 0 7 0 32804 2866
2910 0 60 18 32798 2864
2910 0 9 27 32801 2876
2910 0 25 36 32805 2881
2910 0 15 45 32804 2873
2910 0 40 54 32810 2865
2910 0 57 63 32811 2870
2911 0 63 0 32801 2797
2911 0 31 18 32792 2869
2911 0 9 27 32801 2877
2911 0 25 36 32805 2882
2911 0 15 45 32804 2874
2911 0 55 54 32802 2896
2911 0 21 63 32811 2865
2912 0 7 0 32804 2867
2912 0 60 18 32798 2865
2912 0 25 36 32805 2883
2912 0 15 45 32804 2875
2912 0 55 54 32802 2897
2912 0 57 63 32811 2871
2913 0 63 0 32801 2798
2913 1 26 9 32801 2891
2913 0 31 18 32792 2870
2913 0 25 36 32805 2884
2913 0 15 45 32804 2876
2913 0 55 54 32802 2898
2913 1 51 56 32802 2886
2913 0 21 63 32811 2866
2914 0 7 0 32804 2868
2914 0 60 18 32798 2866
2914 0 12 27 32800 2892
2914 0 63 36 32803 2877
2914 0 55 54 32802 2899
2914 0 57 63 32811 2872
2915 0 63 0 32801 2799
2915 0 31 18 32792 2871
2915 0 12 27 32800 2893
2915 0 25 36 32805 2885
2915 0 55 54 32802 2900
2915 0 21 63 32811 2867
2916 0 7 0 32804 2869
2916 0 60 18 32798 2867
2916 0 12 27 32800 2894
2916 0 63 36 32803 2878
2916 0 55 54 32802 2901
2916 0 57 63 32811 2873
2917 0 63 0 32801 2800
2917 0 31 18 32792 2872
2917 0 12 27 32800 2895
2917 0 25 36 32805 2886
2917 0 55 54 32802 2902
2917 0 21 63 32811 2868
2918 0 7 0 32804 2870
2918 0 60 18 32798 2868
2918 0 12 27 32800 2896
2918 0 63 36 32803 2879
2918 0 24 54 32815 2866
2918 0 57 63 32811 2874
2919 0 63 0 32801 2801
2919 0 60 18 32798 2869
2919 0 12 27 32800 2897
2919 0 25 36 32805 2887
2919 0 43 54 32811 2892
2919 0 21 63 32811 2869
2920 0 7 0 32804 2871
2920 0 12 27 32800 2898
2920 0 63 36 32803 2880
2920 0 24 54 32815 2867
2920 0 57 63 32811 2875
2921 0 63 0 32801 2802
2921 0 12 27 32800 2899
2921 0 63 36 32803 2881
2921 0 43 54 32811 2893
2921 0 57 63 32811 2876
2922 0 7 0 32804 2872
2922 0 12 27 32800 2900
2922 0 63 36 32803 2882
2922 0 24 54 32815 2868
2923 0 63 0 32801 2803
2923 0 12 27 32800 2901
2923 0 63 36 32803 2883
2923 0 7 45 32806 2881
2923 0 43 54 32811 2894
2924 0 7 0 32804 2873
2924 0 63 36 32803 2884
2924 0 7 45 32806 2882
2924 0 24 54 32815 2869
2925 0 63 0 32801 2804
2925 0 63 36 32803 2885
2925 0 5 45 32803 2893
2925 0 43 54 32811 2895
2925 0 15 63 32805 2888
2926 0 63 36 32803 2886
2926 0 7 45 32806 2883
2926 1 36 51 32803 2904
2926 0 24 54 32815 2870
2926 0 15 63 32805 2889
2927 0 5 45 32803 2894
2927 0 43 54 32811 2896
2927 0 15 63 32805 2890
2928 0 7 45 32806 2884
2928 0 24 54 32815 2871
2928 0 15 63 32805 2891
2929 0 5 45 32803 2895
2929 0 43 54 32811 2897
2929 0 15 63 32805 2892
2930 0 7 45 32806 2885
2930 0 24 54 32815 2872
2930 0 15 63 32805 2893
2931 0 5 45 32803 2896
2931 0 43 54 32811 2898
2931 0 15 63 32805 2894
2932 0 7 45 32806 2886
2932 0 24 54 32815 2873
2932 0 31 63 32793 2905
2933 0 49 36 32801 2901
2933 0 5 45 32803 2897
2933 0 43 54 32811 2899
2933 0 15 63 32805 2895
2934 0 49 36 32801 2902
2934 0 7 45 32806 2887
2934 1 42 49 32801 2917
2934 0 24 54 32815 2874
2934 0 31 63 32793 2906
2935 1 13 15 32802 2918
2935 0 49 36 32801 2903
2935 0 5 45 32803 2898
2935 0 43 54 32811 2900
2935 0 15 63 32805 2896
2936 0 49 36 32801 2904
2936 0 7 45 32806 2888
2936 0 24 54 32815 2875
2936 0 31 63 32793 2907
2937 0 49 36 32801 2905
2937 0 5 45 32803 2899
2937 0 43 54 32811 2901
2937 0 15 63 32805 2897
2938 0 49 36 32801 2906
2938 0 7 45 32806 2889
2938 0 48 54 32804 2898
2938 0 31 63 32793 2908
2939 0 5 45 32803 2900
2939 0 36 54 32802 2897
2939 1 51 62 32803 2912
2939 0 31 63 32793 2909
2940 0 60 18 32799 2897
2940 0 49 36 32801 2907
2940 0 7 45 32806 2890
2940 0 48 54 32804 2899
2940 0 20 63 32803 2887
2941 0 60 18 32799 2898
2941 0 5 45 32803 2901
2941 0 36 54 32802 2898
2941 0 31 63 32793 2910
2942 0 60 18 32799 2899
2942 0 49 36 32801 2908
2942 0 5 45 32803 2902
2942 0 48 54 32804 2900
2942 0 20 63 32803 2888
2943 0 49 9 32802 2911
2943 0 60 18 32799 2900
2943 0 33 45 32795 2902
2943 0 36 54 32802 2899
2943 0 31 63 32793 2911
2944 0 49 9 32802 2912
2944 0 60 18 32799 2901
2944 0 49 36 32801 2909
2944 0 33 45 32795 2903
2944 0 48 54 32804 2901
2944 0 20 63 32803 2889
2945 0 49 9 32802 2913
2945 0 60 18 32799 2902
2945 0 18 45 32805 2902
2945 0 36 54 32802 2900
2945 0 31 63 32793 2912
2946 0 25 0 32806 2919
2946 0 49 9 32802 2915
2946 0 26 18 32802 2934
2946 1 23 24 32811 2899
2946 0 49 36 32801 2910
2946 0 33 45 32795 2904
2946 0 48 54 32804 2902
2946 0 20 63 32803 2890
2947 0 25 0 32806 2920
2947 0 49 9 32802 2916
2947 0 60 18 32799 2903
2947 0 29 27 32799 2930
2947 0 18 45 32805 2903
2947 0 36 54 32802 2901
2947 0 31 63 32793 2913
2948 0 25 0 32806 2921
2948 0 49 9 32802 2917
2948 0 26 18 32802 2935
2948 0 29 27 32799 2931
2948 0 33 45 32795 2905
2948 0 48 54 32804 2903
2948 0 20 63 32803 2891
2949 0 25 0 32806 2922
2949 0 62 9 32813 2887
2949 0 60 18 32799 2904
2949 0 29 27 32799 2932
2949 0 18 45 32805 2904
2949 0 36 54 32802 2902
2949 0 31 63 32793 2914
2950 0 25 0 32806 2923
2950 0 49 9 32802 2918
2950 0 26 18 32802 2936
2950 0 29 27 32799 2933
2950 0 33 45 32795 2906
2950 0 48 54 32804 2904
2950 0 20 63 32803 2892
2951 0 25 0 32806 2924
2951 1 48 7 32803 2879
2951 0 62 9 32813 2888
2951 0 60 18 32799 2905
2951 0 29 27 32799 2934
2951 0 18 45 32805 2905
2951 0 36 54 32802 2903
2951 0 20 63 32803 2893
2952 0 25 0 32806 2925
2952 0 49 9 32802 2919
2952 0 26 18 32802 2937
2952 0 29 27 32799 2935
2952 0 33 45 32795 2907
2952 0 48 54 32804 2905
2952 0 20 63 32803 2894
2953 0 25 0 32806 2926
2953 0 62 9 32813 2889
2953 0 60 18 32799 2906
2953 0 29 27 32799 2936
2953 0 18 45 32805 2906
2953 0 36 54 32802 2905
2953 0 20 63 32803 2895
2954 0 21 0 32812 2912
2954 0 49 9 32802 2920
2954 0 26 18 32802 2938
2954 0 29 27 32799 2937
2954 0 33 45 32795 2908
2954 0 48 54 32804 2906
2954 0 20 63 32803 2896
2955 0 25 0 32806 2927
2955 0 62 9 32813 2890
2955 0 26 18 32802 2939
2955 0 29 27 32799 2938
2955 0 18 45 32805 2907
2955 0 36 54 32802 2906
2955 0 19 63 32801 2903
2956 0 21 0 32812 2913
2956 0 49 9 32802 2921
2956 0 26 18 32802 2940
2956 0 29 27 32799 2939
2956 0 33 45 32795 2909
2956 0 48 54 32804 2907
2956 0 19 63 32801 2904
2957 0 25 0 32806 2928
2957 0 62 9 32813 2891
2957 0 26 18 32802 2941
2957 0 18 45 32805 2908
2957 0 36 54 32802 2907
2957 0 19 63 32801 2905
2958 0 21 0 32812 2914
2958 0 62 9 32813 2892
2958 0 26 18 32802 2942
2958 0 11 27 32810 2941
2958 0 33 45 32795 2910
2958 0 53 54 32800 2931
2958 0 19 63 32801 2906
2959 0 21 0 32812 2915
2959 0 62 9 32813 2893
2959 0 26 18 32802 2943
2959 0 11 27 32810 2942
2959 0 18 45 32805 2909
2959 0 22 54 32810 2906
2959 0 19 63 32801 2907
2960 0 21 0 32812 2916
2960 0 62 9 32813 2894
2960 0 11 27 32810 2943
2960 0 33 45 32795 2911
2960 0 53 54 32800 2932
2960 0 19 63 32801 2908
2961 0 21 0 32812 2917
2961 0 62 9 32813 2895
2961 1 49 19 32803 2914
2961 1 53 20 32799 2929
2961 0 11 27 32810 2944
2961 0 18 45 32805 2910
2961 0 22 54 32810 2907
2961 0 19 63 32801 2909
2962 0 21 0 32812 2918
2962 0 62 9 32813 2896
2962 0 11 27 32810 2945
2962 0 31 36 32794 2935
2962 0 18 45 32805 2911
2962 0 53 54 32800 2933
2962 0 19 63 32801 2910
2963 0 21 0 32812 2919
2963 0 15 18 32806 2926
2963 0 11 27 32810 2946
2963 0 19 36 32804 2938
2963 0 22 54 32810 2908
2963 0 19 63 32801 2911
2964 0 21 0 32812 2920
2964 0 15 18 32806 2927
2964 1 27 26 32809 2952
2964 0 11 27 32810 2947
2964 0 31 36 32794 2936
2964 0 53 54 32800 2934
2964 0 19 63 32801 2912
2965 0 21 0 32812 2921
2965 0 15 18 32806 2928
2965 0 11 27 32810 2948
2965 0 19 36 32804 2939
2965 0 60 45 32800 2943
2965 0 22 54 32810 2909
2966 0 15 18 32806 2929
2966 0 11 27 32810 2949
2966 0 31 36 32794 2937
2966 0 60 45 32800 2944
2966 0 53 54 32800 2935
2967 0 15 18 32806 2930
2967 0 11 27 32810 2950
2967 0 19 36 32804 2940
2967 0 60 45 32800 2945
2967 0 22 54 32810 2910
2968 0 15 18 32806 2931
2968 0 31 36 32794 2938
2968 0 60 45 32800 2946
2968 0 53 54 32800 2936
2969 0 15 18 32806 2932
2969 0 19 36 32804 2941
2969 0 60 45 32800 2947
2969 0 22 54 32810 2911
2970 0 15 18 32806 2933
2970 0 31 36 32794 2939
2970 0 60 45 32800 2948
2970 0 53 54 32800 2937
2971 0 39 9 32810 2919
2971 0 15 18 32806 2934
2971 0 19 36 32804 2942
2971 0 60 45 32800 2949
2971 0 22 54 32810 2912
2972 1 31 7 32795 2950
2972 0 39 9 32810 2920
2972 0 15 18 32806 2935
2972 0 31 36 32794 2940
2972 0 14 45 32806 2940
2972 0 53 54 32800 2938
2973 0 39 9 32810 2921
2973 0 19 36 32804 2943
2973 0 60 45 32800 2950
2973 0 22 54 32810 2913
2974 0 39 9 32810 2922
2974 0 31 36 32794 2941
2974 0 14 45 32806 2941
2974 0 53 54 32800 2939
2975 0 39 9 32810 2923
2975 0 19 36 32804 2944
2975 0 60 45 32800 2951
2975 0 22 54 32810 2914
2975 0 24 63 32816 2913
2976 0 39 9 32810 2924
2976 0 31 36 32794 2942
2976 0 14 45 32806 2942
2976 0 53 54 32800 2940
2976 0 24 63 32816 2914
2977 0 29 9 32800 2940
2977 1 16 16 32807 2970
2977 1 19 29 32803 2937
2977 1 63 34 32804 2930
2977 0 19 36 32804 2945
2977 0 60 45 32800 2952
2977 0 22 54 32810 2915
2977 0 24 63 32816 2915
2978 0 58 0 32813 2926
2978 1 41 2 32810 2941
2978 0 39 9 32810 2925
2978 0 31 36 32794 2943
2978 0 14 45 32806 2943
2978 0 19 54 32802 2913
2978 0 24 63 32816 2916
2979 0 58 0 32813 2927
2979 0 29 9 32800 2941
2979 0 19 36 32804 2946
2979 0 5 45 32805 2947
2979 0 19 54 32802 2914
2979 0 24 63 32816 2917
2980 0 58 0 32813 2928
2980 1 1 8 32800 2963
2980 0 39 9 32810 2926
2980 0 31 36 32794 2944
2980 0 14 45 32806 2944
2980 1 32 54 32806 2911
2980 0 24 63 32816 2918
2981 0 58 0 32813 2929
2981 0 29 9 32800 2942
2981 0 34 27 32804 2964
2981 0 19 36 32804 2948
2981 1 8 38 32806 2929
2981 0 5 45 32805 2948
2981 0 19 54 32802 2915
2981 0 24 63 32816 2919
2982 0 58 0 32813 2930
2982 0 39 9 32810 2927
2982 0 21 18 32813 2960
2982 0 34 27 32804 2965
2982 0 38 36 32811 2951
2982 0 14 45 32806 2945
2982 0 19 54 32802 2916
2982 0 24 63 32816 2920
2983 0 58 0 32813 2931
2983 0 29 9 32800 2943
2983 0 21 18 32813 2961
2983 0 34 27 32804 2966
2983 0 63 36 32805 2944
2983 0 5 45 32805 2949
2983 1 41 54 32809 2936
2983 0 24 63 32816 2921
2984 0 58 0 32813 2932
2984 0 39 9 32810 2928
2984 0 21 18 32813 2962
2984 0 38 36 32811 2952
2984 0 14 45 32806 2946
2984 0 19 54 32802 2917
2984 0 24 63 32816 2922
2985 0 58 0 32813 2933
2985 0 29 9 32800 2944
2985 0 9 18 32804 2968
2985 0 34 27 32804 2967
2985 0 63 36 32805 2945
2985 0 5 45 32805 2950
2985 0 19 54 32802 2918
2986 0 58 0 32813 2934
2986 0 29 9 32800 2945
2986 0 21 18 32813 2963
2986 1 36 34 32805 2969
2986 0 38 36 32811 2953
2986 0 14 45 32806 2947
2986 0 18 54 32806 2917
2987 0 58 0 32813 2935
2987 1 59 7 32806 2925
2987 0 17 9 32804 2973
2987 0 9 18 32804 2969
2987 0 34 27 32804 2968
2987 0 63 36 32805 2946
2987 0 5 45 32805 2951
2987 0 19 54 32802 2919
2988 0 29 9 32800 2947
2988 0 21 18 32813 2964
2988 0 38 36 32811 2954
2988 0 14 45 32806 2948
2988 0 18 54 32806 2918
2988 0 32 63 32807 2931
2989 0 17 9 32804 2974
2989 0 9 18 32804 2970
2989 0 34 27 32804 2969
2989 0 63 36 32805 2947
2989 0 5 45 32805 2952
2989 0 19 54 32802 2920
2989 0 51 63 32804 2955
2990 0 55 0 32803 2917
2990 0 29 9 32800 2948
2990 0 21 18 32813 2965
2990 0 38 36 32811 2955
2990 0 14 45 32806 2949
2990 0 18 54 32806 2919
2990 0 32 63 32807 2932
2991 0 55 0 32803 2918
2991 0 17 9 32804 2975
2991 0 9 18 32804 2971
2991 0 63 36 32805 2948
2991 0 5 45 32805 2953
2991 0 19 54 32802 2926
2991 0 51 63 32804 2956
2992 0 55 0 32803 2919
2992 0 29 9 32800 2949
2992 0 21 18 32813 2966
2992 0 34 27 32804 2970
2992 0 38 36 32811 2956
2992 0 5 45 32805 2954
2992 0 18 54 32806 2920
2992 0 32 63 32807 2933
2993 0 55 0 32803 2920
2993 0 17 9 32804 2976
2993 0 9 18 32804 2972
2993 0 63 36 32805 2949
2993 0 33 45 32796 2955
2993 0 19 54 32802 2928
2993 0 51 63 32804 2957
2994 0 36 0 32804 2947
2994 0 29 9 32800 2950
2994 0 21 18 32813 2967
2994 0 34 27 32804 2971
2994 0 38 36 32811 2957
2994 0 5 45 32805 2955
2994 0 18 54 32806 2921
2994 0 32 63 32807 2934
2995 0 55 0 32803 2921
2995 0 17 9 32804 2977
2995 0 9 18 32804 2974
2995 0 34 27 32804 2972
2995 0 63 36 32805 2950
2995 0 33 45 32796 2956
2995 0 18 54 32806 2922
2995 0 51 63 32804 2958
2996 0 36 0 32804 2948
2996 0 17 9 32804 2978
2996 0 21 18 32813 2968
2996 0 34 27 32804 2973
2996 0 38 36 32811 2958
2996 0 5 45 32805 2956
2996 0 32 63 32807 2935
2997 0 55 0 32803 2922
2997 0 26 9 32803 2958
2997 0 9 18 32804 2975
2997 1 53 21 32802 2970
2997 0 63 36 32805 2951
2997 0 33 45 32796 2957
2997 0 18 54 32806 2923
2997 0 51 63 32804 2959
2998 0 36 0 32804 2949
2998 0 17 9 32804 2979
2998 0 21 18 32813 2969
2998 0 38 36 32811 2959
2998 0 33 45 32796 2958
2998 0 18 54 32806 2924
2998 0 32 63 32807 2936
2999 0 55 0 32803 2923
2999 0 26 9 32803 2959
2999 0 9 18 32804 2976
2999 0 63 36 32805 2952
2999 0 9 45 32802 2941
2999 0 18 54 32806 2925
2999 0 51 63 32804 2960
3000 0 36 0 32804 2950
3000 0 17 9 32804 2980
3000 0 58 18 32814 2968
3000 0 38 36 32811 2960
3000 0 33 45 32796 2959
3000 0 18 54 32806 2926
3000 0 32 63 32807 2937
3001 0 55 0 32803 2924
3001 0 26 9 32803 2960
3001 0 9 18 32804 2977
3001 0 63 36 32805 2953
3001 0 9 45 32802 2942
3001 1 23 62 32812 2950
3001 0 51 63 32804 2961
3002 0 36 0 32804 2951
3002 0 17 9 32804 2981
3002 0 58 18 32814 2969
3002 1 58 34 32815 2979
3002 0 22 36 32811 2952
3002 0 33 45 32796 2960
3002 0 32 63 32807 2938
3003 0 55 0 32803 2925
3003 0 26 9 32803 2961
3003 1 53 11 32801 2961
3003 0 9 18 32804 2978
3003 0 5 36 32806 2959
3003 0 9 45 32802 2943
3003 0 51 63 32804 2962
3004 0 36 0 32804 2952
3004 0 17 9 32804 2982
3004 0 58 18 32814 2970
3004 0 22 36 32811 2953
3004 0 33 45 32796 2961
3004 0 32 63 32807 2939
3005 0 55 0 32803 2926
3005 0 26 9 32803 2962
3005 0 15 18 32807 2954
3005 0 5 36 32806 2960
3005 0 9 45 32802 2944
3005 0 51 63 32804 2963
3006 0 36 0 32804 2953
3006 0 26 9 32803 2963
3006 0 58 18 32814 2971
3006 0 35 27 32808 2994
3006 0 22 36 32811 2954
3006 0 33 45 32796 2962
3006 0 32 63 32807 2940
3007 0 36 0 32804 2954
3007 0 15 18 32807 2955
3007 0 35 27 32808 2995
3007 0 5 36 32806 2961
3007 0 9 45 32802 2945
3007 0 51 63 32804 2964
3008 0 36 0 32804 2955
3008 0 26 9 32803 2964
3008 0 58 18 32814 2972
3008 0 35 27 32808 2996
3008 0 22 36 32811 2955
3008 0 33 45 32796 2963
3009 0 36 0 32804 2956
3009 0 26 9 32803 2965
3009 0 15 18 32807 2956
3009 0 35 27 32808 2997
3009 0 5 36 32806 2962
3009 0 9 45 32802 2946
3009 0 5 63 32804 2937
3010 0 26 9 32803 2966
3010 0 58 18 32814 2973
3010 0 56 27 32816 2968
3010 0 22 36 32811 2956
3010 1 55 38 32804 2988
3010 0 33 45 32796 2964
3010 0 5 63 32804 2938
3011 0 26 9 32803 2967
3011 0 15 18 32807 2957
3011 0 35 27 32808 2998
3011 0 5 36 32806 2963
3011 0 9 45 32802 2947
3011 0 5 63 32804 2939
3012 1 29 1 32801 2946
3012 0 58 18 32814 2974
3012 0 56 27 32816 2969
3012 0 22 36 32811 2957
3012 0 9 45 32802 2948
3012 0 5 63 32804 2940
3013 0 15 18 32807 2958
3013 0 35 27 32808 2999
3013 0 5 36 32806 2964
3013 0 0 45 32795 2942
3013 0 5 63 32804 2941
3014 0 58 18 32814 2975
3014 0 56 27 32816 2970
3014 0 22 36 32811 2958
3014 0 9 45 32802 2949
3014 0 5 63 32804 2942
3015 0 15 18 32807 2959
3015 0 35 27 32808 3000
3015 0 5 36 32806 2965
3015 0 0 45 32795 2943
3015 0 5 63 32804 2943
3016 0 58 18 32814 2976
3016 0 56 27 32816 2971
3016 0 22 36 32811 2959
3016 0 9 45 32802 2950
3016 0 5 63 32804 2944
3017 0 15 18 32807 2960
3017 0 35 27 32808 3001
3017 0 5 36 32806 2966
3017 0 0 45 32795 2944
3017 0 51 63 32805 2985
3018 0 33 9 32797 2996
3018 0 58 18 32814 2977
3018 0 56 27 32816 2972
3018 0 22 36 32811 2960
3018 0 0 45 32795 2945
3018 0 5 63 32804 2945
3019 0 33 9 32797 2997
3019 0 15 18 32807 2961
3019 0 35 27 32808 3002
3019 0 5 36 32806 2967
3019 1 30 45 32799 2987
3019 0 51 63 32805 2986
3020 0 33 9 32797 2998
3020 0 38 18 32812 2961
3020 0 56 27 32816 2973
3020 0 22 36 32811 2961
3020 0 0 45 32795 2946
3020 0 5 63 32804 2946
3021 0 33 9 32797 2999
3021 0 15 18 32807 2962
3021 0 35 27 32808 3003
3021 0 5 36 32806 2968
3021 0 0 45 32795 2947
3021 0 51 63 32805 2987
3022 0 33 9 32797 3000
3022 0 38 18 32812 2962
3022 0 56 27 32816 2974
3022 0 14 45 32807 2984
3022 0 51 63 32805 2988
3023 0 25 0 32808 2996
3023 1 25 5 32807 2981
3023 0 33 9 32797 3001
3023 0 15 18 32807 2963
3023 0 56 27 32816 2975
3023 0 0 45 32795 2948
3023 0 47 63 32811 3001
3024 0 25 0 32808 2997
3024 0 33 9 32797 3002
3024 0 38 18 32812 2963
3024 0 56 27 32816 2976
3024 0 14 45 32807 2985
3024 0 51 63 32805 2989
3025 0 25 0 32808 2998
3025 0 33 9 32797 3003
3025 1 26 18 32804 3003
3025 0 56 27 32816 2977
3025 0 0 45 32795 2949
3025 0 47 63 32811 3002
3026 0 25 0 32808 2999
3026 0 33 9 32797 3004
3026 0 38 18 32812 2964
3026 0 14 45 32807 2986
3026 0 51 63 32805 2990
3027 0 25 0 32808 3000
3027 0 33 9 32797 3005
3027 0 8 18 32807 2978
3027 0 0 45 32795 2950
3027 0 47 63 32811 3003
3028 0 25 0 32808 3001
3028 0 38 18 32812 2965
3028 0 14 45 32807 2987
3028 0 51 63 32805 2991
3029 0 25 0 32808 3002
3029 0 8 18 32807 2979
3029 1 12 27 32801 3007
3029 0 0 45 32795 2951
3029 0 47 63 32811 3004
3030 0 25 0 32808 3003
3030 0 38 18 32812 2966
3030 0 14 45 32807 2988
3030 0 51 63 32805 2992
3031 0 25 0 32808 3004
3031 0 8 18 32807 2980
3031 0 14 45 32807 2989
3031 0 47 63 32811 3005
3032 0 25 0 32808 3005
3032 0 31 9 32797 2983
3032 0 38 18 32812 2967
3032 1 24 45 32817 2990
3032 0 23 54 32813 3000
3032 0 51 63 32805 2993
3033 0 31 9 32797 2984
3033 0 8 18 32807 2981
3033 0 14 45 32807 2990
3033 0 10 54 32802 2980
3033 0 47 63 32811 3006
3034 0 31 9 32797 2985
3034 0 38 18 32812 2968
3034 0 14 45 32807 2991
3034 0 23 54 32813 3001
3034 0 51 63 32805 2994
3035 0 31 9 32797 2986
3035 0 8 18 32807 2982
3035 0 14 45 32807 2992
3035 0 10 54 32802 2981
3035 0 47 63 32811 3007
3036 1 48 6 32805 2969
3036 0 31 9 32797 2987
3036 0 38 18 32812 2969
3036 1 59 28 32807 3004
3036 0 14 45 32807 2993
3036 0 23 54 32813 3002
3036 0 47 63 32811 3008
3037 0 31 9 32797 2988
3037 0 8 18 32807 2983
3037 0 10 54 32802 2982
3037 0 9 63 32803 2957
3038 0 31 9 32797 2989
3038 0 38 18 32812 2970
3038 0 10 27 32803 3016
3038 0 23 54 32813 3003
3038 0 47 63 32811 3009
3039 1 35 9 32809 3007
3039 0 8 18 32807 2984
3039 0 10 27 32803 3017
3039 0 10 54 32802 2983
3039 0 9 63 32803 2958
3040 0 31 9 32797 2990
3040 0 31 18 32796 2973
3040 0 10 27 32803 3018
3040 0 23 54 32813 3004
3040 0 47 63 32811 3010
3041 0 31 9 32797 2991
3041 0 8 18 32807 2985
3041 0 10 27 32803 3019
3041 0 10 54 32802 2984
3041 0 9 63 32803 2959
3042 0 31 9 32797 2992
3042 0 31 18 32796 2974
3042 0 10 27 32803 3020
3042 1 11 49 32811 2993
3042 0 23 54 32813 3005
3042 0 9 63 32803 2960
3043 0 8 18 32807 2986
3043 0 10 27 32803 3021
3043 0 10 54 32802 2985
3043 1 9 63 32805 2973
3044 0 31 18 32796 2975
3044 0 10 27 32803 3022
3044 0 23 54 32813 3006
3044 0 9 63 32803 2961
3045 0 8 18 32807 2987
3045 0 10 27 32803 3023
3045 0 10 54 32802 2986
3045 0 9 63 32803 2962
3046 0 31 18 32796 2976
3046 0 10 27 32803 3024
3046 0 21 36 32814 3023
3046 0 23 54 32813 3007
3046 0 9 63 32803 2963
3047 0 31 18 32796 2977
3047 0 21 36 32814 3024
3047 0 10 54 32802 2987
3047 0 9 63 32803 2964
3048 1 22 3 32812 3016
3048 0 13 18 32804 3015
3048 0 10 27 32803 3025
3048 0 21 36 32814 3025
3048 0 23 54 32813 3008
3048 0 9 63 32803 2965
3049 0 31 18 32796 2978
3049 0 21 36 32814 3026
3049 1 14 39 32808 3022
3049 0 10 54 32802 2988
3049 0 9 63 32803 2966
3050 0 13 18 32804 3016
3050 1 57 20 32812 3003
3050 0 21 36 32814 3027
3050 0 23 54 32813 3009
3051 1 39 2 32811 2984
3051 0 31 18 32796 2979
3051 0 10 54 32802 2989
3052 0 13 18 32804 3017
3052 0 21 36 32814 3028
3053 0 31 18 32796 2980
3053 0 45 54 32802 3035
3054 0 3 9 32806 3032
3054 0 13 18 32804 3018
3054 0 21 36 32814 3029
3054 0 13 54 32803 3005
3055 0 3 9 32806 3033
3055 0 31 18 32796 2981
3055 0 42 27 32803 3033
3055 0 58 45 32816 3023
3055 0 45 54 32802 3036
3056 0 3 9 32806 3034
3056 0 13 18 32804 3019
3056 0 42 27 32803 3034
3056 0 21 36 32814 3030
3056 0 58 45 32816 3024
3056 0 13 54 32803 3006
3057 0 3 9 32806 3035
3057 0 31 18 32796 2982
3057 0 42 27 32803 3035
3057 0 21 36 32814 3031
3057 0 58 45 32816 3025
3057 0 45 54 32802 3037
3058 0 3 9 32806 3036
3058 0 13 18 32804 3020
3058 0 42 27 32803 3036
3058 0 21 36 32814 3032
3058 0 58 45 32816 3026
3058 0 13 54 32803 3007
3059 0 3 9 32806 3037
3059 1 42 13 32802 3017
3059 1 57 18 32813 3012
3059 0 59 27 32808 3032
3059 1 12 39 32802 3017
3059 0 31 45 32798 3032
3059 0 45 54 32802 3038
3060 0 3 9 32806 3038
3060 0 13 18 32804 3021
3060 1 53 24 32803 3013
3060 0 42 27 32803 3037
3060 0 58 45 32816 3027
3060 0 13 54 32803 3008
3061 0 3 9 32806 3039
3061 0 52 18 32811 3023
3061 0 59 27 32808 3033
3061 0 63 36 32806 3024
3061 0 31 45 32798 3033
3061 0 45 54 32802 3039
3062 0 23 0 32814 3010
3062 0 3 9 32806 3040
3062 0 13 18 32804 3022
3062 0 42 27 32803 3038
3062 0 63 36 32806 3025
3062 0 58 45 32816 3028
3062 0 13 54 32803 3009
3063 0 23 0 32814 3011
3063 1 56 7 32817 2986
3063 0 3 9 32806 3041
3063 0 52 18 32811 3024
3063 0 59 27 32808 3034
3063 0 63 36 32806 3026
3063 0 31 45 32798 3034
3063 0 45 54 32802 3040
3064 0 23 0 32814 3012
3064 0 13 18 32804 3023
3064 0 42 27 32803 3039
3064 0 63 36 32806 3027
3064 0 58 45 32816 3029
3064 0 13 54 32803 3010
3065 0 23 0 32814 3013
3065 0 52 18 32811 3025
3065 0 59 27 32808 3035
3065 0 63 36 32806 3028
3065 0 31 45 32798 3035
3065 0 45 54 32802 3041
3066 0 23 0 32814 3014
3066 0 13 18 32804 3024
3066 0 42 27 32803 3040
3066 0 63 36 32806 3029
3066 0 58 45 32816 3030
3066 0 13 54 32803 3011
3067 0 57 0 32815 3020
3067 0 52 18 32811 3026
3067 0 59 27 32808 3036
3067 0 47 36 32812 3040
3067 0 31 45 32798 3036
3067 0 45 54 32802 3042
3067 1 16 59 32808 3020
3068 0 23 0 32814 3015
3068 1 61 14 32805 3026
3068 0 52 18 32811 3027
3068 0 42 27 32803 3041
3068 0 63 36 32806 3030
3068 0 58 45 32816 3031
3068 1 45 52 32803 3050
3068 0 13 54 32803 3012
3069 0 57 0 32815 3021
3069 0 52 18 32811 3028
3069 0 59 27 32808 3037
3069 0 47 36 32812 3041
3069 0 31 45 32798 3037
3069 0 45 54 32802 3043
3070 0 23 0 32814 3016
3070 0 52 18 32811 3029
3070 1 34 24 32805 3046
3070 0 42 27 32803 3042
3070 0 63 36 32806 3031
3070 0 58 45 32816 3032
3070 0 13 54 32803 3013
3070 0 61 63 32806 3053
3071 0 57 0 32815 3022
3071 0 52 18 32811 3030
3071 0 59 27 32808 3038
3071 0 47 36 32812 3042
3071 0 31 45 32798 3038
3071 0 45 54 32802 3044
3071 1 55 61 32806 3049
3071 0 61 63 32806 3054
3072 0 23 0 32814 3017
3072 0 52 18 32811 3031
3072 0 59 27 32808 3039
3072 1 27 31 32811 3045
3072 0 63 36 32806 3032
3072 0 33 45 32798 3029
3072 0 13 54 32803 3014
3072 0 61 63 32806 3055
3073 0 57 0 32815 3023
3073 0 52 18 32811 3032
3073 0 59 27 32808 3040
3073 0 47 36 32812 3043
3073 0 31 45 32798 3039
3073 0 61 63 32806 3056
3074 0 23 0 32814 3018
3074 0 59 27 32808 3041
3074 0 63 36 32806 3033
3074 0 33 45 32798 3030
3074 0 61 63 32806 3057
3075 0 57 0 32815 3024
3075 0 47 36 32812 3044
3075 0 31 45 32798 3040
3075 0 61 63 32806 3058
3076 0 23 0 32814 3019
3076 0 47 36 32812 3045
3076 0 33 45 32798 3031
3076 0 61 63 32806 3059
3077 0 57 0 32815 3025
3077 0 47 36 32812 3046
3077 0 31 45 32798 3041
3077 0 61 63 32806 3060
3078 0 57 0 32815 3026
3078 1 44 16 32813 3029
3078 0 47 36 32812 3047
3078 0 33 45 32798 3032
3078 0 61 63 32806 3061
3079 0 27 0 32810 3015
3079 0 16 9 32809 3062
3079 1 57 23 32814 3017
3079 0 47 36 32812 3048
3079 0 61 63 32806 3062
3080 0 57 0 32815 3027
3080 0 16 9 32809 3063
3080 0 35 27 32810 3068
3080 0 47 36 32812 3049
3080 0 52 45 32812 3061
3081 0 27 0 32810 3016
3081 0 16 9 32809 3064
3081 0 35 27 32810 3069
3081 0 33 45 32798 3033
3082 0 57 0 32815 3028
3082 1 10 6 32805 3050
3082 0 16 9 32809 3065
3082 0 35 27 32810 3070
3082 0 52 45 32812 3062
3083 0 27 0 32810 3017
3083 0 16 9 32809 3066
3083 0 35 27 32810 3071
3083 0 33 45 32798 3034
3084 0 57 0 32815 3029
3084 0 16 9 32809 3067
3084 0 35 27 32810 3072
3084 1 60 37 32801 3057
3084 0 52 45 32812 3063
3085 0 27 0 32810 3018
3085 0 16 9 32809 3068
3085 0 35 27 32810 3073
3085 0 33 45 32798 3035
3086 0 27 0 32810 3019
3086 0 10 9 32806 3074
3086 0 35 27 32810 3074
3086 0 52 45 32812 3064
3087 0 27 0 32810 3020
3087 1 20 8 32804 3055
3087 0 16 9 32809 3069
3087 0 35 27 32810 3075
3087 0 33 45 32798 3036
3088 0 27 0 32810 3021
3088 0 10 9 32806 3075
3088 1 32 15 32808 3031
3088 0 35 27 32810 3076
3088 0 52 45 32812 3065
3089 0 27 0 32810 3022
3089 0 16 9 32809 3070
3089 0 35 27 32810 3077
3089 0 33 45 32798 3037
3090 0 27 0 32810 3023
3090 0 10 9 32806 3076
3090 0 52 45 32812 3066
3091 0 27 0 32810 3024
3091 0 16 9 32809 3071
3091 0 33 45 32798 3038
3092 1 24 3 32818 3055
3092 0 10 9 32806 3077
3092 1 37 21 32810 3075
3092 0 52 45 32812 3067
3093 0 10 9 32806 3078
3093 0 15 45 32808 3030
3093 0 60 63 32802 3071
3094 0 10 9 32806 3079
3094 0 52 45 32812 3068
3094 0 47 63 32813 3077
3095 0 10 9 32806 3080
3095 0 15 45 32808 3031
3095 0 60 63 32802 3072
3096 0 10 9 32806 3081
3096 0 52 45 32812 3069
3096 0 47 63 32813 3078
3097 0 10 9 32806 3082
3097 0 15 45 32808 3032
3097 0 60 63 32802 3073
3098 0 10 9 32806 3083
3098 0 51 36 32806 3076
3098 0 52 45 32812 3070
3098 0 47 63 32813 3079
3099 0 56 27 32818 3057
3099 0 51 36 32806 3077
3099 0 15 45 32808 3033
3099 0 60 63 32802 3074
3100 0 55 18 32805 3048
3100 0 56 27 32818 3058
3100 0 51 36 32806 3078
3100 0 33 45 32799 3039
3100 0 47 63 32813 3080
3101 0 55 18 32805 3050
3101 0 56 27 32818 3059
3101 0 51 36 32806 3079
3101 0 15 45 32808 3034
3101 0 60 63 32802 3075
3102 1 34 18 32806 3085
3102 0 56 27 32818 3060
3102 0 51 36 32806 3080
3102 0 33 45 32799 3040
3102 0 47 63 32813 3081
3103 0 55 18 32805 3051
3103 0 56 27 32818 3061
3103 0 51 36 32806 3081
3103 0 15 45 32808 3035
3103 0 60 54 32803 3081
3103 0 60 63 32802 3076
3104 0 55 18 32805 3052
3104 0 56 27 32818 3062
3104 0 51 36 32806 3082
3104 0 33 45 32799 3041
3104 0 60 54 32803 3082
3104 0 47 63 32813 3082
3105 0 42 9 32804 3073
3105 0 55 18 32805 3053
3105 0 56 27 32818 3063
3105 0 15 45 32808 3036
3105 0 60 54 32803 3083
3105 0 60 63 32802 3077
3106 0 42 9 32804 3074
3106 0 55 18 32805 3054
3106 0 56 27 32818 3064
3106 0 51 36 32806 3083
3106 0 33 45 32799 3042
3106 0 60 54 32803 3084
3106 0 47 63 32813 3083
3107 0 42 9 32804 3075
3107 0 55 18 32805 3055
3107 0 56 27 32818 3065
3107 0 15 45 32808 3037
3107 0 60 54 32803 3085
3107 0 60 63 32802 3078
3108 0 42 9 32804 3076
3108 0 55 18 32805 3056
3108 0 56 27 32818 3066
3108 0 51 36 32806 3084
3108 0 33 45 32799 3043
3108 0 60 54 32803 3086
3108 0 47 63 32813 3084
3109 0 42 9 32804 3077
3109 0 55 18 32805 3057
3109 0 15 45 32808 3038
3109 0 49 54 32805 3077
3109 0 60 63 32802 3079
3110 0 42 9 32804 3078
3110 0 55 18 32805 3058
3110 0 51 36 32806 3085
3110 0 33 45 32799 3044
3110 0 60 54 32803 3087
3110 0 47 63 32813 3085
3111 0 43 0 32812 3064
3111 0 42 9 32804 3079
3111 0 15 45 32808 3039
3111 0 49 54 32805 3078
3111 0 60 63 32802 3080
3112 0 43 0 32812 3065
3112 0 42 9 32804 3080
3112 0 16 27 32810 3085
3112 0 33 45 32799 3045
3112 0 60 54 32803 3088
3112 0 47 63 32813 3086
3113 0 43 0 32812 3066
3113 0 42 9 32804 3081
3113 0 20 27 32805 3096
3113 0 49 45 32804 3060
3113 0 49 54 32805 3079
3114 0 43 0 32812 3067
3114 0 42 9 32804 3082
3114 0 16 27 32810 3086
3114 0 33 45 32799 3046
3114 0 60 54 32803 3089
3115 0 56 0 32819 3073
3115 0 20 27 32805 3097
3115 0 49 45 32804 3061
3115 0 49 54 32805 3080
3116 0 43 0 32812 3068
3116 0 16 27 32810 3087
3116 0 33 45 32799 3047
3116 0 60 54 32803 3090
3117 0 56 0 32819 3074
3117 0 20 27 32805 3098
3117 0 49 45 32804 3062
3117 0 49 54 32805 3081
3118 0 43 0 32812 3069
3118 0 16 27 32810 3088
3118 0 33 45 32799 3048
3118 0 15 54 32809 3078
3119 0 56 0 32819 3075
3119 1 63 16 32807 3046
3119 0 20 27 32805 3099
3119 0 49 45 32804 3063
3119 0 49 54 32805 3082
3120 0 43 0 32812 3070
3120 0 16 27 32810 3089
3120 0 54 45 32811 3087
3120 0 15 54 32809 3079
3121 0 56 0 32819 3076
3121 0 20 27 32805 3100
3121 0 49 45 32804 3064
3121 0 49 54 32805 3083
3122 0 43 0 32812 3071
3122 0 16 27 32810 3090
3122 0 54 45 32811 3088
3122 0 15 54 32809 3080
3123 0 56 0 32819 3077
3123 0 20 27 32805 3101
3123 0 49 45 32804 3065
3123 0 49 54 32805 3084
3124 0 43 0 32812 3072
3124 0 16 27 32810 3091
3124 0 54 45 32811 3089
3124 0 15 54 32809 3081
3125 0 56 0 32819 3078
3125 0 20 27 32805 3102
3125 0 49 45 32804 3066
3125 0 49 54 32805 3085
3126 0 43 0 32812 3073
3126 0 16 27 32810 3092
3126 0 54 45 32811 3090
3126 0 15 54 32809 3082
3127 0 56 0 32819 3079
3127 0 20 27 32805 3103
3127 0 49 45 32804 3067
3127 0 49 54 32805 3086
3128 0 56 0 32819 3080
3128 0 16 27 32810 3093
3128 0 54 45 32811 3091
3128 0 15 54 32809 3083
3128 1 59 60 32809 3116
3129 0 56 0 32819 3081
3129 0 20 27 32805 3104
3129 0 49 45 32804 3068
3129 1 23 54 32815 3086
3130 0 56 0 32819 3082
3130 0 16 27 32810 3094
3130 0 54 45 32811 3092
3130 0 15 54 32809 3084
3131 0 20 27 32805 3105
3131 0 49 45 32804 3069
3131 1 52 54 32813 3098
3132 0 38 27 32813 3092
3132 0 54 45 32811 3093
3132 0 15 54 32809 3085
3133 0 31 0 32799 3074
3133 0 60 27 32804 3095
3133 0 10 45 32804 3043
3133 0 31 54 32800 3101
3134 0 31 0 32799 3075
3134 0 38 27 32813 3093
3134 0 54 45 32811 3094
3134 0 15 54 32809 3086
3135 0 31 0 32799 3076
3135 0 60 27 32804 3096
3135 0 10 45 32804 3044
3135 0 31 54 32800 3102
3136 0 31 0 32799 3077
3136 0 38 27 32813 3094
3136 0 54 45 32811 3095
3136 0 15 54 32809 3087
3137 0 31 0 32799 3078
3137 0 60 27 32804 3097
3137 0 34 36 32808 3120
3137 0 10 45 32804 3045
3137 0 31 54 32800 3103
3138 0 31 0 32799 3079
3138 0 38 27 32813 3095
3138 0 34 36 32808 3121
3138 0 54 45 32811 3096
3138 0 31 54 32800 3104
3139 0 31 0 32799 3080
3139 0 60 27 32804 3098
3139 0 34 36 32808 3122
3139 0 10 45 32804 3046
3139 0 31 54 32800 3105
3140 0 31 0 32799 3081
3140 0 38 27 32813 3096
3140 0 34 36 32808 3123
3140 0 24 45 32819 3056
3140 0 31 54 32800 3106
3141 0 50 0 32792 3094
3141 0 60 27 32804 3099
3141 1 17 31 32805 3099
3141 0 34 36 32808 3124
3141 0 10 45 32804 3047
3141 0 31 54 32800 3107
3142 0 31 0 32799 3082
3142 0 38 27 32813 3097
3142 0 34 36 32808 3125
3142 0 24 45 32819 3057
3142 0 31 54 32800 3108
3143 0 50 0 32792 3095
3143 0 60 27 32804 3100
3143 0 34 36 32808 3126
3143 0 10 45 32804 3048
3143 0 31 54 32800 3109
3144 0 31 0 32799 3083
3144 0 38 27 32813 3098
3144 0 34 36 32808 3127
3144 0 24 45 32819 3058
3144 0 31 54 32800 3110
3145 0 50 0 32792 3096
3145 0 32 18 32809 3118
3145 0 60 27 32804 3101
3145 0 34 36 32808 3128
3145 0 10 45 32804 3049
3146 0 50 0 32792 3097
3146 0 32 18 32809 3119
3146 0 38 27 32813 3099
3146 0 34 36 32808 3129
3146 0 24 45 32819 3059
3147 0 34 0 32807 3110
3147 0 32 18 32809 3120
3147 0 60 27 32804 3102
3147 0 10 45 32804 3051
3148 0 50 0 32792 3098
3148 0 32 18 32809 3121
3148 0 38 27 32813 3100
3148 0 24 45 32819 3060
3149 0 34 0 32807 3111
3149 0 32 18 32809 3122
3149 0 60 27 32804 3103
3149 0 10 45 32804 3052
3150 0 50 0 32792 3099
3150 0 32 18 32809 3123
3150 0 38 27 32813 3101
3150 0 24 45 32819 3061
3151 0 34 0 32807 3112
3151 0 32 18 32809 3124
3151 0 60 27 32804 3104
3151 0 10 45 32804 3053
3152 0 50 0 32792 3100
3152 0 32 18 32809 3125
3152 0 15 27 32810 3096
3152 0 24 45 32819 3062
3153 0 34 0 32807 3113
3153 0 32 18 32809 3126
3153 1 57 27 32816 3091
3153 0 43 45 32813 3108
3154 0 50 0 32792 3101
3154 0 49 18 32806 3122
3154 0 15 27 32810 3097
3154 0 24 45 32819 3063
3154 0 45 54 32804 3137
3155 0 34 0 32807 3114
3155 0 32 18 32809 3127
3155 0 15 27 32810 3098
3155 0 43 45 32813 3109
3155 0 45 54 32804 3138
3156 0 50 0 32792 3102
3156 0 49 18 32806 3123
3156 0 15 27 32810 3099
3156 0 24 45 32819 3064
3156 0 45 54 32804 3139
3157 0 34 0 32807 3115
3157 0 49 18 32806 3124
3157 0 15 27 32810 3100
3157 1 51 39 32807 3120
3157 0 43 45 32813 3110
3157 0 45 54 32804 3140
3158 0 50 0 32792 3103
3158 0 49 18 32806 3125
3158 0 15 27 32810 3101
3158 0 24 45 32819 3065
3158 0 45 54 32804 3141
3159 0 34 0 32807 3116
3159 0 49 18 32806 3126
3159 0 15 27 32810 3102
3159 0 43 45 32813 3111
3159 0 45 54 32804 3142
3160 0 34 0 32807 3117
3160 0 49 18 32806 3127
3160 0 15 27 32810 3103
3160 0 62 45 32814 3096
3160 0 45 54 32804 3143
3161 0 17 0 32806 3138
3161 0 49 18 32806 3128
3161 0 15 27 32810 3104
3161 0 43 45 32813 3112
3161 0 45 54 32804 3144
3162 0 34 0 32807 3118
3162 0 49 18 32806 3129
3162 0 15 27 32810 3105
3162 0 62 45 32814 3097
3162 0 45 54 32804 3145
3163 0 17 0 32806 3139
3163 0 49 18 32806 3130
3163 0 43 45 32813 3113
3163 0 45 54 32804 3146
3164 0 34 0 32807 3119
3164 0 49 18 32806 3131
3164 0 62 45 32814 3098
3165 0 17 0 32806 3140
3165 0 32 27 32811 3138
3165 0 43 45 32813 3114
3166 0 17 0 32806 3141
3166 1 37 11 32811 3126
3166 0 32 27 32811 3139
3166 0 61 36 32807 3139
3166 0 62 45 32814 3099
3167 0 17 0 32806 3142
3167 0 32 27 32811 3140
3167 0 61 36 32807 3140
3167 0 43 45 32813 3115
3168 0 17 0 32806 3143
3168 0 32 27 32811 3141
3168 0 61 36 32807 3141
3168 0 62 45 32814 3100
3168 0 21 54 32815 3136
3169 0 17 0 32806 3144
3169 1 47 16 32814 3112
3169 0 26 18 32805 3157
3169 0 48 27 32806 3132
3169 0 61 36 32807 3142
3169 0 43 45 32813 3116
3169 1 46 54 32805 3157
3169 1 24 57 32820 3137
3170 0 17 0 32806 3145
3170 0 26 18 32805 3158
3170 0 32 27 32811 3142
3170 0 61 36 32807 3143
3170 0 62 45 32814 3101
3170 0 21 54 32815 3137
3171 0 17 0 32806 3146
3171 0 26 18 32805 3159
3171 0 48 27 32806 3133
3171 0 61 36 32807 3144
3171 0 43 45 32813 3117
3171 0 21 54 32815 3138
3171 0 12 63 32803 3119
3172 0 17 0 32806 3147
3172 0 26 18 32805 3160
3172 0 32 27 32811 3143
3172 0 61 36 32807 3145
3172 0 62 45 32814 3102
3172 0 21 54 32815 3139
3172 0 12 63 32803 3120
3173 0 26 18 32805 3161
3173 0 48 27 32806 3134
3173 1 53 33 32804 3136
3173 0 23 36 32816 3141
3173 0 54 45 32812 3097
3173 0 21 54 32815 3140
3173 0 12 63 32803 3121
3174 0 26 18 32805 3162
3174 0 32 27 32811 3144
3174 0 61 36 32807 3146
3174 0 62 45 32814 3103
3174 0 21 54 32815 3141
3174 0 12 63 32803 3122
3175 0 26 18 32805 3163
3175 0 48 27 32806 3135
3175 0 23 36 32816 3142
3175 0 54 45 32812 3098
3175 0 21 54 32815 3142
3175 0 12 63 32803 3123
3176 0 26 18 32805 3164
3176 0 32 27 32811 3145
3176 0 61 36 32807 3147
3176 0 62 45 32814 3104
3176 0 21 54 32815 3143
3176 0 12 63 32803 3124
3177 0 26 18 32805 3165
3177 0 48 27 32806 3136
3177 0 23 36 32816 3143
3177 0 54 45 32812 3099
3177 0 21 54 32815 3144
3177 0 12 63 32803 3125
3178 0 26 18 32805 3166
3178 0 32 27 32811 3146
3178 0 61 36 32807 3148
3178 0 62 45 32814 3105
3178 1 50 53 32794 3136
3178 0 21 54 32815 3145
3178 0 12 63 32803 3126
3179 0 48 27 32806 3137
3179 0 23 36 32816 3144
3179 0 54 45 32812 3100
3179 0 12 63 32803 3127
3180 0 32 27 32811 3147
3180 0 23 36 32816 3145
3180 0 6 45 32809 3078
3180 0 12 63 32803 3128
3181 0 48 27 32806 3138
3181 0 23 36 32816 3146
3181 0 54 45 32812 3101
3182 0 48 27 32806 3139
3182 0 23 36 32816 3147
3182 0 6 45 32809 3079
3183 0 19 0 32805 3151
3183 1 21 1 32816 3146
3183 0 48 27 32806 3140
3183 0 23 36 32816 3148
3183 0 54 45 32812 3102
3184 0 19 0 32805 3152
3184 0 48 27 32806 3141
3184 0 23 36 32816 3149
3184 0 6 45 32809 3080
3184 0 42 54 32805 3143
3185 0 19 0 32805 3153
3185 0 23 36 32816 3150
3185 0 54 45 32812 3103
3185 0 42 54 32805 3144
3186 0 19 0 32805 3154
3186 1 18 8 32807 3163
3186 0 6 45 32809 3081
3186 0 42 54 32805 3145
3186 0 40 63 32811 3119
3187 0 19 0 32805 3155
3187 1 39 4 32812 3145
3187 0 12 9 32804 3165
3187 0 43 36 32814 3159
3187 0 54 45 32812 3104
3187 0 40 63 32811 3120
3188 0 19 0 32805 3156
3188 0 12 9 32804 3166
3188 0 9 18 32807 3171
3188 0 43 36 32814 3160
3188 0 6 45 32809 3082
3188 0 42 54 32805 3146
3188 0 40 63 32811 3121
3189 0 19 0 32805 3157
3189 0 12 9 32804 3167
3189 0 9 18 32807 3172
3189 0 43 36 32814 3161
3189 0 54 45 32812 3105
3189 0 40 63 32811 3122
3190 0 19 0 32805 3158
3190 0 12 9 32804 3168
3190 0 9 18 32807 3173
3190 0 43 36 32814 3162
3190 0 6 45 32809 3083
3190 0 42 54 32805 3147
3190 0 40 63 32811 3123
3191 0 19 0 32805 3159
3191 0 22 9 32813 3154
3191 0 9 18 32807 3174
3191 0 43 36 32814 3163
3191 0 54 45 32812 3106
3191 0 42 54 32805 3148
3191 0 40 63 32811 3124
3192 0 19 0 32805 3160
3192 0 12 9 32804 3169
3192 0 9 18 32807 3175
3192 0 43 36 32814 3164
3192 1 0 38 32796 3121
3192 0 6 45 32809 3084
3192 0 42 54 32805 3149
3192 0 40 63 32811 3125
3193 0 22 9 32813 3155
3193 0 9 18 32807 3176
3193 0 43 36 32814 3165
3193 0 9 45 32806 3111
3193 0 42 54 32805 3150
3193 0 40 63 32811 3126
3194 0 12 9 32804 3170
3194 0 9 18 32807 3177
3194 0 6 45 32809 3085
3194 0 42 54 32805 3151
3194 0 40 63 32811 3127
3195 0 22 9 32813 3156
3195 0 9 18 32807 3178
3195 0 30 27 32800 3173
3195 0 43 36 32814 3166
3195 0 9 45 32806 3112
3195 0 42 54 32805 3152
3195 0 40 63 32811 3128
3196 0 12 9 32804 3171
3196 0 9 18 32807 3179
3196 0 30 27 32800 3174
3196 0 43 36 32814 3167
3196 0 6 45 32809 3086
3197 1 37 8 32812 3150
3197 0 22 9 32813 3157
3197 0 9 18 32807 3180
3197 1 3 21 32807 3170
3197 0 30 27 32800 3175
3197 0 43 36 32814 3168
3197 0 9 45 32806 3113
3198 0 12 9 32804 3172
3198 1 10 10 32809 3191
3198 0 53 18 32805 3156
3198 0 30 27 32800 3176
3198 0 6 45 32809 3087
3198 0 47 54 32815 3181
3199 0 22 9 32813 3158
3199 0 53 18 32805 3157
3199 0 30 27 32800 3177
3199 0 9 45 32806 3114
3199 0 47 54 32815 3182
3200 0 12 9 32804 3173
3200 0 53 18 32805 3158
3200 0 30 27 32800 3178
3200 0 45 45 32805 3165
3200 0 22 54 32814 3173
3201 0 22 9 32813 3159
3201 0 53 18 32805 3159
3201 0 30 27 32800 3179
3201 0 9 45 32806 3115
3201 0 47 54 32815 3183
3202 0 12 9 32804 3174
3202 0 53 18 32805 3160
3202 0 30 27 32800 3180
3202 0 45 45 32805 3166
3202 0 22 54 32814 3174
3203 0 22 9 32813 3160
3203 0 53 18 32805 3161
3203 1 45 21 32806 3181
3203 0 30 27 32800 3181
3203 0 9 45 32806 3116
3203 0 47 54 32815 3184
3204 0 58 9 32817 3156
3204 0 53 18 32805 3162
3204 0 30 27 32800 3182
3204 0 45 45 32805 3167
3204 0 22 54 32814 3175
3205 0 22 9 32813 3161
3205 0 53 18 32805 3163
3205 0 9 45 32806 3117
3205 0 47 54 32815 3185
3206 0 58 9 32817 3157
3206 0 53 18 32805 3164
3206 0 45 45 32805 3168
3206 0 22 54 32814 3176
3207 0 22 9 32813 3162
3207 1 10 14 32808 3180
3207 0 53 18 32805 3165
3207 0 9 45 32806 3118
3207 0 47 54 32815 3186
3208 0 58 9 32817 3158
3208 0 45 45 32805 3169
3208 0 22 54 32814 3177
3209 0 22 9 32813 3163
3209 1 52 12 32815 3177
3209 0 9 45 32806 3119
3209 0 47 54 32815 3187
3210 0 58 9 32817 3159
3210 0 45 45 32805 3170
3210 0 22 54 32814 3178
3211 0 58 9 32817 3160
3211 1 50 35 32795 3189
3211 0 9 45 32806 3120
3211 0 47 54 32815 3188
3212 0 58 9 32817 3161
3212 0 45 45 32805 3171
3212 0 22 54 32814 3179
3213 0 58 9 32817 3162
3213 0 50 45 32793 3117
3213 0 47 54 32815 3189
3214 0 58 9 32817 3163
3214 0 45 45 32805 3172
3214 0 22 54 32814 3180
3215 0 58 9 32817 3164
3215 0 50 45 32793 3118
3215 0 47 54 32815 3190
3216 0 58 9 32817 3165
3216 0 40 36 32812 3184
3216 0 45 45 32805 3199
3216 0 22 54 32814 3181
3217 0 40 36 32812 3185
3217 0 50 45 32793 3119
3217 0 22 54 32814 3182
3218 0 21 27 32817 3196
3218 0 40 36 32812 3186
3218 0 45 45 32805 3201
3219 0 52 9 32814 3171
3219 0 21 27 32817 3197
3219 0 40 36 32812 3187
3219 0 50 45 32793 3120
3220 0 52 9 32814 3172
3220 0 21 27 32817 3198
3220 0 40 36 32812 3188
3220 0 61 45 32808 3158
3221 0 52 9 32814 3173
3221 0 21 27 32817 3199
3221 0 40 36 32812 3189
3221 0 50 45 32793 3121
3222 0 52 9 32814 3174
3222 0 21 27 32817 3200
3222 0 16 36 32811 3185
3222 0 61 45 32808 3159
3223 0 52 9 32814 3175
3223 0 40 36 32812 3190
3223 0 50 45 32793 3122
3224 0 52 9 32814 3176
3224 0 21 27 32817 3201
3224 0 16 36 32811 3186
3224 0 61 45 32808 3160
3224 0 13 54 32805 3187
3225 0 52 9 32814 3178
3225 0 40 36 32812 3191
3225 0 50 45 32793 3123
3225 0 13 54 32805 3188
3226 0 52 9 32814 3179
3226 0 40 27 32813 3194
3226 0 16 36 32811 3187
3226 0 61 45 32808 3161
3226 0 13 54 32805 3189
3227 1 19 7 32807 3189
3227 0 39 9 32813 3175
3227 0 21 27 32817 3202
3227 0 40 36 32812 3192
3227 0 50 45 32793 3124
3227 0 13 54 32805 3190
3228 0 52 9 32814 3180
3228 0 40 27 32813 3195
3228 0 16 36 32811 3188
3228 0 61 45 32808 3162
3228 0 13 54 32805 3191
3229 0 39 9 32813 3176
3229 0 21 27 32817 3203
3229 0 40 36 32812 3193
3229 0 50 45 32793 3125
3229 0 13 54 32805 3192
3230 0 52 9 32814 3181
3230 0 36 18 32807 3203
3230 0 40 27 32813 3196
3230 0 16 36 32811 3189
3230 0 61 45 32808 3163
3230 0 13 54 32805 3193
3230 0 19 63 32806 3178
3231 1 16 2 32812 3204
3231 0 39 9 32813 3177
3231 0 36 18 32807 3204
3231 0 21 27 32817 3204
3231 0 43 36 32815 3211
3231 0 50 45 32793 3126
3231 0 13 54 32805 3194
3231 0 19 63 32806 3179
3232 0 16 0 32813 3215
3232 0 39 9 32813 3178
3232 0 36 18 32807 3205
3232 0 40 27 32813 3197
3232 0 16 36 32811 3190
3232 0 61 45 32808 3164
3232 0 13 54 32805 3195
3232 0 19 63 32806 3180
3233 0 16 0 32813 3216
3233 0 20 9 32806 3204
3233 0 36 18 32807 3206
3233 0 21 27 32817 3205
3233 0 43 36 32815 3212
3233 0 32 45 32810 3128
3233 0 13 54 32805 3196
3233 0 19 63 32806 3181
3234 0 16 0 32813 3217
3234 0 39 9 32813 3179
3234 0 36 18 32807 3207
3234 0 40 27 32813 3198
3234 0 16 36 32811 3191
3234 0 19 63 32806 3182
3235 0 16 0 32813 3218
3235 0 20 9 32806 3205
3235 0 5 27 32807 3199
3235 0 43 36 32815 3213
3235 0 61 45 32808 3165
3235 0 19 63 32806 3183
3236 0 16 0 32813 3219
3236 0 39 9 32813 3180
3236 0 36 18 32807 3208
3236 0 40 27 32813 3199
3236 0 16 36 32811 3192
3236 0 32 45 32810 3129
3236 0 19 63 32806 3184
3237 0 16 0 32813 3220
3237 0 20 9 32806 3206
3237 0 5 27 32807 3200
3237 0 43 36 32815 3214
3237 0 61 45 32808 3166
3237 0 38 63 32814 3210
3238 0 16 0 32813 3221
3238 0 39 9 32813 3181
3238 0 40 27 32813 3200
3238 0 16 36 32811 3193
3238 0 32 45 32810 3130
3238 0 19 63 32806 3185
3239 0 16 0 32813 3222
3239 0 20 9 32806 3207
3239 0 36 18 32807 3209
3239 0 5 27 32807 3201
3239 0 43 36 32815 3215
3239 1 59 37 32810 3165
3239 0 61 45 32808 3167
3239 0 38 63 32814 3211
3240 0 16 0 32813 3223
3240 0 39 9 32813 3182
3240 0 40 27 32813 3201
3240 0 16 36 32811 3194
3240 0 32 45 32810 3131
3240 0 19 63 32806 3186
3241 0 16 0 32813 3224
3241 0 20 9 32806 3208
3241 0 36 18 32807 3210
3241 0 5 27 32807 3202
3241 0 43 36 32815 3216
3241 0 14 45 32809 3127
3241 0 38 63 32814 3212
3242 0 39 9 32813 3183
3242 0 53 18 32806 3200
3242 0 40 27 32813 3202
3242 0 41 36 32811 3199
3242 0 32 45 32810 3132
3242 1 38 54 32815 3225
3242 0 19 63 32806 3187
3243 0 20 9 32806 3209
3243 0 36 18 32807 3211
3243 0 5 27 32807 3203
3243 0 43 36 32815 3217
3243 0 14 45 32809 3128
3243 0 38 63 32814 3213
3244 0 39 9 32813 3184
3244 0 53 18 32806 3201
3244 0 40 27 32813 3203
3244 0 41 36 32811 3200
3244 0 32 45 32810 3133
3244 0 38 63 32814 3214
3245 0 20 9 32806 3210
3245 0 36 18 32807 3212
3245 0 5 27 32807 3204
3245 0 43 36 32815 3218
3245 0 14 45 32809 3129
3245 0 38 63 32814 3215
3246 0 20 9 32806 3211
3246 0 53 18 32806 3202
3246 0 56 27 32820 3200
3246 0 41 36 32811 3201
3246 0 32 45 32810 3134
3246 1 50 59 32796 3229
3246 0 38 63 32814 3216
3247 0 52 9 32816 3188
3247 0 53 18 32806 3203
3247 0 5 27 32807 3205
3247 0 43 36 32815 3219
3247 1 58 38 32818 3205
3247 0 14 45 32809 3130
3247 0 38 63 32814 3217
3248 0 20 9 32806 3212
3248 0 53 18 32806 3204
3248 0 56 27 32820 3201
3248 0 41 36 32811 3202
3248 0 32 45 32810 3135
3248 0 38 63 32814 3218
3249 0 52 9 32816 3189
3249 0 53 18 32806 3205
3249 0 5 27 32807 3206
3249 0 43 36 32815 3220
3249 0 14 45 32809 3131
3249 0 38 63 32814 3219
3250 0 20 9 32806 3213
3250 0 53 18 32806 3206
3250 0 56 27 32820 3202
3250 0 41 36 32811 3203
3250 0 32 45 32810 3136
3251 0 37 0 32813 3199
3251 0 52 9 32816 3190
3251 0 53 18 32806 3207
3251 0 5 27 32807 3207
3251 0 41 36 32811 3204
3251 0 14 45 32809 3132
3252 0 37 0 32813 3200
3252 0 15 9 32811 3211
3252 0 41 18 32812 3225
3252 0 56 27 32820 3203
3252 0 48 36 32807 3199
3252 0 32 45 32810 3137
3253 0 37 0 32813 3201
3253 0 52 9 32816 3191
3253 0 53 18 32806 3208
3253 0 5 27 32807 3208
3253 0 41 36 32811 3205
3253 0 14 45 32809 3133
3254 0 37 0 32813 3202
3254 1 5 1 32808 3227
3254 0 15 9 32811 3212
3254 0 41 18 32812 3226
3254 0 56 27 32820 3204
3254 0 48 36 32807 3200
3254 0 61 45 32809 3189
3255 0 37 0 32813 3203
3255 0 52 9 32816 3192
3255 0 53 18 32806 3209
3255 0 56 27 32820 3205
3255 0 41 36 32811 3206
3256 0 37 0 32813 3204
3256 0 15 9 32811 3213
3256 0 41 18 32812 3227
3256 0 56 27 32820 3206
3256 0 48 36 32807 3201
3256 0 14 45 32809 3134
3256 0 36 54 32806 3187
3256 1 7 56 32808 3179
3257 0 37 0 32813 3205
3257 0 52 9 32816 3193
3257 1 49 14 32807 3200
3257 0 41 18 32812 3228
3257 0 36 27 32808 3213
3257 0 41 36 32811 3207
3257 0 61 45 32809 3190
3257 0 36 54 32806 3188
3258 0 37 0 32813 3206
3258 0 15 9 32811 3214
3258 0 41 18 32812 3229
3258 0 56 27 32820 3207
3258 0 48 36 32807 3202
3258 0 36 54 32806 3189
3259 0 37 0 32813 3207
3259 0 52 9 32816 3194
3259 0 41 18 32812 3230
3259 0 36 27 32808 3214
3259 0 41 36 32811 3208
3259 0 14 45 32809 3135
3259 0 36 54 32806 3190
3260 0 37 0 32813 3208
3260 0 15 9 32811 3215
3260 0 41 18 32812 3231
3260 1 6 24 32810 3208
3260 0 56 27 32820 3208
3260 0 48 36 32807 3203
3260 0 61 45 32809 3191
3260 1 33 53 32800 3201
3260 0 36 54 32806 3191
3261 0 52 9 32816 3195
3261 0 41 18 32812 3232
3261 0 36 27 32808 3215
3261 0 48 36 32807 3204
3261 0 14 45 32809 3136
3261 0 36 54 32806 3192
3262 0 15 9 32811 3216
3262 0 41 18 32812 3233
3262 0 56 27 32820 3209
3262 0 48 36 32807 3205
3262 0 61 45 32809 3192
3262 0 36 54 32806 3193
3263 1 30 0 32801 3210
3263 0 52 9 32816 3196
3263 0 41 18 32812 3234
3263 0 36 27 32808 3216
3263 0 48 36 32807 3206
3263 0 1 45 32801 3122
3263 1 7 53 32807 3118
3263 0 36 54 32806 3194
3264 0 15 9 32811 3217
3264 0 36 27 32808 3236
3264 0 48 36 32807 3207
3264 0 61 45 32809 3193
3264 0 36 54 32806 3195
3265 0 52 9 32816 3197
3265 0 36 27 32808 3239
3265 0 48 36 32807 3208
3265 0 1 45 32801 3123
3265 0 36 54 32806 3196
3266 0 15 9 32811 3218
3266 0 36 27 32808 3242
3266 0 61 45 32809 3194
3266 1 51 56 32808 3239
3267 1 61 5 32810 3221
3267 0 63 9 32808 3183
3267 0 36 27 32808 3243
3267 0 1 45 32801 3124
3267 1 22 47 32815 3240
3268 0 15 9 32811 3219
3268 0 36 27 32808 3246
3268 0 61 45 32809 3195
3269 0 63 9 32808 3184
3269 1 4 22 32823 3232
3269 0 36 27 32808 3247
3269 1 24 33 32822 3252
3269 0 1 45 32801 3125
3270 0 15 9 32811 3220
3270 0 61 45 32809 3196
3271 0 63 9 32808 3185
3271 0 1 45 32801 3126
3272 0 33 0 32801 3240
3272 0 4 9 32822 3231
3272 0 33 27 32802 3250
3272 0 61 45 32809 3197
3272 0 27 54 32812 3235
3273 0 33 0 32801 3241
3273 0 63 9 32808 3186
3273 0 33 27 32802 3251
3273 0 1 45 32801 3127
3273 0 9 54 32808 3216
3274 0 33 0 32801 3242
3274 0 4 9 32822 3233
3274 0 33 27 32802 3252
3274 0 61 45 32809 3198
3274 0 27 54 32812 3236
3274 0 3 63 32808 3212
3275 0 33 0 32801 3243
3275 0 63 9 32808 3187
3275 0 33 27 32802 3253
3275 0 37 36 32814 3263
3275 0 1 45 32801 3128
3275 0 9 54 32808 3217
3275 0 3 63 32808 3213
3276 0 33 0 32801 3244
3276 0 4 9 32822 3234
3276 0 11 18 32812 3259
3276 0 33 27 32802 3254
3276 0 35 36 32811 3264
3276 0 4 45 32821 3135
3276 1 61 52 32811 3259
3276 0 27 54 32812 3237
3276 0 3 63 32808 3214
3277 0 33 0 32801 3245
3277 0 63 9 32808 3188
3277 0 11 18 32812 3260
3277 0 33 27 32802 3255
3277 0 37 36 32814 3264
3277 0 1 45 32801 3129
3277 0 9 54 32808 3218
3277 0 3 63 32808 3215
3278 0 33 0 32801 3246
3278 0 4 9 32822 3235
3278 0 11 18 32812 3261
3278 0 33 27 32802 3256
3278 0 35 36 32811 3265
3278 0 4 45 32821 3136
3278 0 27 54 32812 3238
3278 0 3 63 32808 3216
3279 0 33 0 32801 3247
3279 0 63 9 32808 3189
3279 0 11 18 32812 3262
3279 0 33 27 32802 3257
3279 0 37 36 32814 3265
3279 0 1 45 32801 3130
3279 0 9 54 32808 3219
3279 0 3 63 32808 3217
3280 0 33 0 32801 3248
3280 0 4 9 32822 3236
3280 1 57 18 32817 3243
3280 0 33 27 32802 3258
3280 0 35 36 32811 3266
3280 0 4 45 32821 3137
3280 0 27 54 32812 3239
3280 0 3 63 32808 3218
3281 0 33 0 32801 3249
3281 0 63 9 32808 3190
3281 0 11 18 32812 3263
3281 0 7 27 32809 3239
3281 0 37 36 32814 3266
3281 0 1 45 32801 3131
3281 0 9 54 32808 3220
3281 0 3 63 32808 3219
3282 0 4 9 32822 3237
3282 0 11 18 32812 3264
3282 0 33 27 32802 3259
3282 0 35 36 32811 3267
3282 0 4 45 32821 3138
3282 0 27 54 32812 3240
3282 0 3 63 32808 3220
3283 0 63 9 32808 3191
3283 0 11 18 32812 3265
3283 0 7 27 32809 3240
3283 0 37 36 32814 3267
3283 0 46 45 32807 3265
3283 0 9 54 32808 3221
3283 0 3 63 32808 3221
3284 0 45 0 32807 3226
3284 0 4 9 32822 3238
3284 0 45 27 32808 3254
3284 0 35 36 32811 3268
3284 1 29 38 32802 3259
3284 0 4 45 32821 3139
3284 0 27 54 32812 3241
3284 1 8 60 32809 3222
3285 0 45 0 32807 3227
3285 0 63 9 32808 3192
3285 0 11 18 32812 3266
3285 0 7 27 32809 3241
3285 0 37 36 32814 3268
3285 0 46 45 32807 3266
3285 0 9 54 32808 3222
3285 0 22 63 32816 3248
3286 0 45 0 32807 3228
3286 0 4 9 32822 3239
3286 0 45 27 32808 3255
3286 0 35 36 32811 3269
3286 0 4 45 32821 3140
3286 0 27 54 32812 3242
3286 0 22 63 32816 3249
3287 0 45 0 32807 3229
3287 0 4 9 32822 3240
3287 0 11 18 32812 3267
3287 0 7 27 32809 3242
3287 0 37 36 32814 3269
3287 0 46 45 32807 3267
3287 0 9 54 32808 3223
3287 0 22 63 32816 3250
3288 0 45 0 32807 3230
3288 0 4 9 32822 3241
3288 0 45 27 32808 3256
3288 1 53 31 32807 3256
3288 0 35 36 32811 3270
3288 0 4 45 32821 3141
3288 0 27 54 32812 3243
3288 0 22 63 32816 3251
3289 0 45 0 32807 3231
3289 0 11 18 32812 3268
3289 0 7 27 32809 3243
3289 0 37 36 32814 3270
3289 0 46 45 32807 3268
3289 0 9 54 32808 3224
3289 0 22 63 32816 3252
3290 0 12 0 32805 3258
3290 0 45 27 32808 3257
3290 0 35 36 32811 3271
3290 0 4 45 32821 3142
3290 0 27 54 32812 3244
3290 0 22 63 32816 3253
3291 0 45 0 32807 3232
3291 0 7 27 32809 3244
3291 0 37 36 32814 3271
3291 0 46 45 32807 3269
3291 0 9 54 32808 3225
3291 0 22 63 32816 3254
3292 0 12 0 32805 3259
3292 0 45 27 32808 3258
3292 0 35 36 32811 3272
3292 0 4 45 32821 3143
3292 0 22 63 32816 3255
3293 0 45 0 32807 3233
3293 0 7 27 32809 3245
3293 0 37 36 32814 3272
3293 0 46 45 32807 3270
3293 0 22 63 32816 3256
3294 0 12 0 32805 3260
3294 0 45 27 32808 3259
3294 0 35 36 32811 3273
3294 0 4 45 32821 3144
3294 0 8 54 32808 3217
3294 0 22 63 32816 3257
3295 0 45 0 32807 3234
3295 0 7 27 32809 3246
3295 1 28 36 32797 3275
3295 0 46 45 32807 3271
3295 0 8 54 32808 3218
3296 0 12 0 32805 3261
3296 0 40 9 32814 3264
3296 1 11 18 32813 3279
3296 0 45 27 32808 3260
3296 0 19 36 32808 3270
3296 0 28 45 32796 3195
3296 1 63 52 32809 3269
3296 0 8 54 32808 3219
3297 0 45 0 32807 3235
3297 0 55 9 32807 3235
3297 0 7 27 32809 3247
3297 0 19 36 32808 3271
3297 0 46 45 32807 3272
3297 0 8 54 32808 3220
3298 0 12 0 32805 3262
3298 0 40 9 32814 3265
3298 0 45 27 32808 3261
3298 0 27 36 32813 3275
3298 0 28 45 32796 3196
3298 0 8 54 32808 3221
3299 0 12 0 32805 3263
3299 0 55 9 32807 3236
3299 0 11 18 32814 3281
3299 0 7 27 32809 3248
3299 0 19 36 32808 3272
3299 0 46 45 32807 3273
3299 0 8 54 32808 3223
3300 0 12 0 32805 3264
3300 0 40 9 32814 3266
3300 0 11 18 32814 3282
3300 0 45 27 32808 3262
3300 0 27 36 32813 3276
3300 0 28 45 32796 3197
3300 0 8 54 32808 3224
3301 0 12 0 32805 3265
3301 0 55 9 32807 3237
3301 0 11 18 32814 3283
3301 1 1 25 32803 3276
3301 0 45 27 32808 3263
3301 0 19 36 32808 3273
3301 0 46 45 32807 3274
3301 0 8 54 32808 3225
3302 0 12 0 32805 3266
3302 0 40 9 32814 3267
3302 0 11 18 32814 3284
3302 1 23 24 32817 3255
3302 0 27 36 32813 3277
3302 0 28 45 32796 3198
3302 0 8 54 32808 3226
3303 0 12 0 32805 3267
3303 0 55 9 32807 3238
3303 0 11 18 32814 3285
3303 0 19 36 32808 3274
3303 1 44 45 32814 3288
3303 1 56 54 32821 3261
3304 0 40 9 32814 3268
3304 0 11 18 32814 3286
3304 0 34 27 32809 3283
3304 0 27 36 32813 3278
3304 0 28 45 32796 3199
3304 0 8 54 32808 3227
3305 0 55 9 32807 3239
3305 0 11 18 32814 3287
3305 0 34 27 32809 3284
3305 0 19 36 32808 3275
3305 0 52 45 32817 3282
3306 0 40 9 32814 3269
3306 0 11 18 32814 3288
3306 0 34 27 32809 3285
3306 0 27 36 32813 3279
3306 0 28 45 32796 3200
3306 0 26 63 32806 3254
3307 0 55 9 32807 3240
3307 0 11 18 32814 3289
3307 0 34 27 32809 3286
3307 0 19 36 32808 3276
3307 0 52 45 32817 3283
3307 0 26 63 32806 3255
3308 0 40 9 32814 3270
3308 0 11 18 32814 3290
3308 1 3 24 32809 3271
3308 0 55 27 32809 3266
3308 0 27 36 32813 3280
3308 1 60 43 32805 3286
3308 0 28 45 32796 3201
3308 0 26 63 32806 3256
3309 0 55 9 32807 3241
3309 1 48 15 32808 3242
3309 0 34 27 32809 3287
3309 0 19 36 32808 3277
3309 0 52 45 32817 3284
3309 0 26 63 32806 3257
3310 0 40 9 32814 3271
3310 0 55 27 32809 3267
3310 0 27 36 32813 3281
3310 0 28 45 32796 3202
3310 0 26 63 32806 3258
3311 0 55 9 32807 3242
3311 0 34 27 32809 3288
3311 0 19 36 32808 3278
3311 0 52 45 32817 3285
3311 0 26 63 32806 3259
3312 0 40 9 32814 3272
3312 0 55 27 32809 3268
3312 0 27 36 32813 3282
3312 0 28 45 32796 3203
3312 0 26 63 32806 3260
3313 0 55 9 32807 3243
3313 0 34 27 32809 3289
3313 0 19 36 32808 3279
3313 0 52 45 32817 3286
3313 0 45 63 32809 3286
3314 0 40 9 32814 3273
3314 1 27 17 32815 3292
3314 0 55 27 32809 3269
3314 0 27 36 32813 3283
3314 0 28 45 32796 3204
3314 0 26 63 32806 3261
3315 0 55 9 32807 3244
3315 0 34 27 32809 3290
3315 0 27 36 32813 3284
3315 0 52 45 32817 3287
3315 0 45 63 32809 3287
3316 0 55 27 32809 3270
3316 0 51 36 32809 3294
3316 0 10 45 32807 3143
3316 0 43 54 32816 3286
3316 0 26 63 32806 3262
3317 0 46 0 32806 3255
3317 0 18 9 32809 3280
3317 0 34 27 32809 3291
3317 0 51 36 32809 3295
3317 0 52 45 32817 3288
3317 0 35 54 32812 3278
3317 0 45 63 32809 3288
3318 0 46 0 32806 3256
3318 0 49 9 32808 3273
3318 0 55 27 32809 3271
3318 0 1 36 32802 3251
3318 1 32 41 32813 3301
3318 0 10 45 32807 3144
3318 0 43 54 32816 3287
3318 0 26 63 32806 3263
3319 0 46 0 32806 3257
3319 0 18 9 32809 3281
3319 0 34 27 32809 3292
3319 0 51 36 32809 3296
3319 0 52 45 32817 3289
3319 0 35 54 32812 3279
3319 0 45 63 32809 3289
3320 0 46 0 32806 3258
3320 0 49 9 32808 3274
3320 0 55 27 32809 3272
3320 0 1 36 32802 3252
3320 0 10 45 32807 3145
3320 0 43 54 32816 3288
3320 0 45 63 32809 3290
3321 0 46 0 32806 3259
3321 0 18 9 32809 3282
3321 1 21 14 32818 3304
3321 0 55 27 32809 3273
3321 0 51 36 32809 3297
3321 0 52 45 32817 3290
3321 0 35 54 32812 3280
3321 0 45 63 32809 3291
3322 0 46 0 32806 3260
3322 0 49 9 32808 3275
3322 0 55 27 32809 3274
3322 0 1 36 32802 3253
3322 0 10 45 32807 3146
3322 0 43 54 32816 3289
3322 0 45 63 32809 3292
3323 0 46 0 32806 3261
3323 0 18 9 32809 3283
3323 0 55 27 32809 3275
3323 0 51 36 32809 3298
3323 0 52 45 32817 3291
3323 0 35 54 32812 3281
3323 0 45 63 32809 3293
3324 0 46 0 32806 3262
3324 0 49 9 32808 3276
3324 0 1 36 32802 3254
3324 0 10 45 32807 3147
3324 0 43 54 32816 3290
3324 0 45 63 32809 3294
3325 0 46 0 32806 3263
3325 0 18 9 32809 3284
3325 0 51 36 32809 3299
3325 0 24 45 32821 3235
3325 0 35 54 32812 3282
3325 0 45 63 32809 3295
3326 0 46 0 32806 3264
3326 0 49 9 32808 3277
3326 0 56 27 32822 3282
3326 0 1 36 32802 3255
3326 0 10 45 32807 3148
3326 0 43 54 32816 3291
3327 0 18 9 32809 3285
3327 0 56 27 32822 3283
3327 0 51 36 32809 3300
3327 0 24 45 32821 3236
3327 0 35 54 32812 3283
3328 0 49 9 32808 3278
3328 0 56 27 32822 3284
3328 0 1 36 32802 3256
3328 0 10 45 32807 3149
3328 0 43 54 32816 3292
3329 0 55 0 32808 3256
3329 0 18 9 32809 3286
3329 0 56 27 32822 3285
3329 1 37 34 32816 3307
3329 0 51 36 32809 3301
3329 0 24 45 32821 3237
3329 0 35 54 32812 3284
3330 0 55 0 32808 3257
3330 0 49 9 32808 3279
3330 0 56 27 32822 3286
3330 0 1 36 32802 3257
3330 0 10 45 32807 3150
3330 0 43 54 32816 3293
3331 0 55 0 32808 3258
3331 0 18 9 32809 3287
3331 0 56 27 32822 3287
3331 0 51 36 32809 3302
3331 0 24 45 32821 3238
3331 0 35 54 32812 3285
3332 0 55 0 32808 3259
3332 0 49 9 32808 3280
3332 0 56 27 32822 3288
3332 0 1 36 32802 3258
3332 0 10 45 32807 3151
3332 0 43 54 32816 3294
3333 0 12 0 32806 3301
3333 1 7 2 32810 3301
3333 0 18 9 32809 3288
3333 0 56 27 32822 3289
3333 0 51 36 32809 3303
3333 0 24 45 32821 3239
3333 0 35 54 32812 3286
3334 0 55 0 32808 3260
3334 0 49 9 32808 3281
3334 0 56 27 32822 3290
3334 0 1 36 32802 3259
3334 0 10 45 32807 3152
3334 0 43 54 32816 3295
3335 0 12 0 32806 3302
3335 0 18 9 32809 3289
3335 0 56 27 32822 3291
3335 0 26 36 32807 3299
3335 0 24 45 32821 3240
3335 0 35 54 32812 3287
3336 0 55 0 32808 3261
3336 0 49 9 32808 3282
3336 0 1 36 32802 3260
3336 0 24 45 32821 3241
3336 0 48 54 32809 3290
3337 0 12 0 32806 3303
3337 0 15 9 32813 3298
3337 0 26 36 32807 3300
3337 0 15 54 32812 3285
3338 0 55 0 32808 3262
3338 0 6 9 32811 3301
3338 0 26 36 32807 3301
3338 0 24 45 32821 3242
3338 0 48 54 32809 3291
3339 0 12 0 32806 3304
3339 0 15 9 32813 3299
3339 0 52 36 32818 3322
3339 0 24 45 32821 3243
3339 0 15 54 32812 3286
3340 0 55 0 32808 3263
3340 0 6 9 32811 3302
3340 0 26 36 32807 3302
3340 0 48 54 32809 3292
3340 0 24 63 32823 3272
3341 0 12 0 32806 3305
3341 0 15 9 32813 3300
3341 0 52 36 32818 3323
3341 0 24 45 32821 3244
3341 0 15 54 32812 3287
3341 0 24 63 32823 3273
3342 0 55 0 32808 3264
3342 1 37 8 32815 3284
3342 0 6 9 32811 3303
3342 0 2 27 32800 3315
3342 0 26 36 32807 3303
3342 0 48 54 32809 3293
3342 0 17 63 32807 3280
3343 0 12 0 32806 3306
3343 0 15 9 32813 3301
3343 0 2 27 32800 3316
3343 0 52 36 32818 3324
3343 0 27 45 32816 3298
3343 0 15 54 32812 3288
3343 0 24 63 32823 3274
3344 0 55 0 32808 3265
3344 0 6 9 32811 3304
3344 0 2 27 32800 3317
3344 0 26 36 32807 3304
3344 0 48 54 32809 3294
3344 0 17 63 32807 3281
3345 0 12 0 32806 3307
3345 0 15 9 32813 3302
3345 0 2 27 32800 3318
3345 0 52 36 32818 3325
3345 0 27 45 32816 3299
3345 1 27 53 32814 3290
3345 0 15 54 32812 3289
3345 0 24 63 32823 3275
3346 0 12 0 32806 3308
3346 0 6 9 32811 3305
3346 0 2 27 32800 3319
3346 0 26 36 32807 3305
3346 0 27 45 32816 3300
3346 0 48 54 32809 3295
3346 0 17 63 32807 3282
3347 0 25 0 32809 3306
3347 0 15 9 32813 3303
3347 0 2 27 32800 3320
3347 0 52 36 32818 3326
3347 0 4 45 32824 3308
3347 1 46 50 32809 3312
3347 0 15 54 32812 3290
3347 1 18 61 32808 3222
3347 0 24 63 32823 3276
3348 0 12 0 32806 3309
3348 0 6 9 32811 3306
3348 0 2 27 32800 3321
3348 0 26 36 32807 3306
3348 0 27 45 32816 3301
3348 0 48 54 32809 3296
3348 0 17 63 32807 3283
3349 0 25 0 32809 3307
3349 0 15 9 32813 3304
3349 1 7 10 32811 3312
3349 0 2 27 32800 3322
3349 0 52 36 32818 3327
3349 0 4 45 32824 3309
3349 0 15 54 32812 3291
3349 0 24 63 32823 3277
3350 0 12 0 32806 3310
3350 0 6 9 32811 3307
3350 0 2 27 32800 3323
3350 0 26 36 32807 3307
3350 0 27 45 32816 3302
3350 0 48 54 32809 3297
3350 0 17 63 32807 3284
3351 0 25 0 32809 3308
3351 0 15 9 32813 3305
3351 1 30 10 32802 3314
3351 0 2 27 32800 3324
3351 0 52 36 32818 3328
3351 0 4 45 32824 3310
3351 0 15 54 32812 3292
3351 0 24 63 32823 3278
3352 0 25 0 32809 3309
3352 0 6 9 32811 3308
3352 0 26 36 32807 3308
3352 0 27 45 32816 3303
3352 0 48 54 32809 3298
3352 0 17 63 32807 3285
3353 1 39 0 32814 3282
3353 0 15 9 32813 3306
3353 0 52 36 32818 3329
3353 0 4 45 32824 3311
3353 0 15 54 32812 3293
3353 0 24 63 32823 3279
3354 0 25 0 32809 3310
3354 1 48 3 32810 3300
3354 0 6 9 32811 3309
3354 0 63 36 32810 3313
3354 0 27 45 32816 3304
3354 0 48 54 32809 3299
3354 1 1 61 32804 3288
3354 0 17 63 32807 3286
3355 0 25 0 32809 3311
3355 0 15 9 32813 3307
3355 0 52 36 32818 3330
3355 0 4 45 32824 3312
3355 0 15 54 32812 3294
3355 0 24 63 32823 3280
3356 1 28 0 32798 3302
3356 0 6 9 32811 3310
3356 0 63 36 32810 3314
3356 0 27 45 32816 3305
3356 0 29 54 32803 3302
3356 0 17 63 32807 3287
3357 0 25 0 32809 3312
3357 1 61 9 32812 3277
3357 0 52 36 32818 3331
3357 1 2 38 32799 3309
3357 0 4 45 32824 3313
3357 0 29 54 32803 3303
3357 0 24 63 32823 3281
3358 0 25 0 32809 3313
3358 0 55 9 32810 3284
3358 1 46 24 32808 3311
3358 0 63 36 32810 3315
3358 0 27 45 32816 3306
3358 0 32 54 32812 3285
3358 0 17 63 32807 3288
3359 0 61 0 32813 3287
3359 0 55 9 32810 3285
3359 1 25 13 32810 3322
3359 0 63 36 32810 3316
3359 0 4 45 32824 3314
3359 0 29 54 32803 3304
3359 0 57 63 32818 3316
3360 0 25 0 32809 3314
3360 1 54 9 32813 3287
3360 0 12 36 32807 3338
3360 0 27 45 32816 3307
3360 0 32 54 32812 3286
3360 0 17 63 32807 3289
3361 0 61 0 32813 3288
3361 0 55 9 32810 3286
3361 0 63 36 32810 3317
3361 0 4 45 32824 3315
3361 0 29 54 32803 3305
3361 0 57 63 32818 3317
3362 0 25 0 32809 3315
3362 0 55 9 32810 3287
3362 0 12 36 32807 3339
3362 0 4 45 32824 3316
3362 0 32 54 32812 3287
3362 0 57 63 32818 3318
3363 0 61 0 32813 3289
3363 0 53 9 32808 3308
3363 0 63 36 32810 3318
3363 0 35 45 32813 3333
3363 0 29 54 32803 3306
3363 0 57 63 32818 3319
3364 0 61 0 32813 3290
3364 1 28 2 32799 3332
3364 0 55 9 32810 3288
3364 0 12 36 32807 3340
3364 0 4 45 32824 3317
3364 0 32 54 32812 3288
3364 0 57 63 32818 3320
3365 0 61 0 32813 3291
3365 0 53 9 32808 3309
3365 0 31 27 32801 3338
3365 0 63 36 32810 3319
3365 0 35 45 32813 3334
3365 0 29 54 32803 3307
3365 0 57 63 32818 3321
3366 0 61 0 32813 3292
3366 0 55 9 32810 3289
3366 0 31 27 32801 3339
3366 0 12 36 32807 3341
3366 0 35 45 32813 3335
3366 0 32 54 32812 3289
3366 0 57 63 32818 3322
3367 0 61 0 32813 3293
3367 0 53 9 32808 3310
3367 1 62 11 32815 3315
3367 0 31 27 32801 3340
3367 0 63 36 32810 3320
3367 0 14 45 32810 3316
3367 0 29 54 32803 3308
3367 0 57 63 32818 3323
3368 0 61 0 32813 3294
3368 0 55 9 32810 3290
3368 0 31 27 32801 3341
3368 0 12 36 32807 3342
3368 1 46 38 32811 3356
3368 0 35 45 32813 3336
3368 0 32 54 32812 3290
3368 0 57 63 32818 3324
3369 0 61 0 32813 3295
3369 0 53 9 32808 3311
3369 0 31 27 32801 3342
3369 0 63 36 32810 3321
3369 0 14 45 32810 3317
3369 0 29 54 32803 3309
3369 0 39 63 32815 3347
3370 0 61 0 32813 3296
3370 0 55 9 32810 3291
3370 0 4 18 32825 3343
3370 0 18 27 32810 3353
3370 0 12 36 32807 3343
3370 0 35 45 32813 3337
3370 0 32 54 32812 3291
3370 0 57 63 32818 3325
3371 0 53 9 32808 3312
3371 0 4 18 32825 3344
3371 0 31 27 32801 3343
3371 0 63 36 32810 3322
3371 0 14 45 32810 3318
3371 0 29 54 32803 3310
3371 0 39 63 32815 3348
3372 0 55 9 32810 3292
3372 0 4 18 32825 3345
3372 0 18 27 32810 3354
3372 0 12 36 32807 3344
3372 0 35 45 32813 3338
3372 0 32 54 32812 3292
3372 0 39 63 32815 3349
3373 0 53 9 32808 3313
3373 0 10 18 32810 3361
3373 0 31 27 32801 3344
3373 0 12 36 32807 3345
3373 1 63 37 32812 3341
3373 0 14 45 32810 3319
3373 0 29 54 32803 3311
3373 0 59 63 32811 3343
3374 0 55 9 32810 3293
3374 0 4 18 32825 3346
3374 0 18 27 32810 3355
3374 0 12 36 32807 3346
3374 0 35 45 32813 3339
3374 0 32 54 32812 3293
3374 1 61 59 32815 3357
3374 0 39 63 32815 3350
3375 0 53 9 32808 3314
3375 0 10 18 32810 3362
3375 0 31 27 32801 3345
3375 0 12 36 32807 3347
3375 0 14 45 32810 3320
3375 0 32 54 32812 3294
3375 0 59 63 32811 3344
3376 0 44 0 32815 3324
3376 0 3 9 32810 3349
3376 0 4 18 32825 3347
3376 0 18 27 32810 3356
3376 0 35 45 32813 3340
3376 1 61 46 32814 3354
3376 0 21 54 32819 3329
3376 0 39 63 32815 3351
3377 0 44 0 32815 3325
3377 0 53 9 32808 3315
3377 0 10 18 32810 3363
3377 0 31 27 32801 3346
3377 0 14 45 32810 3321
3377 0 21 54 32819 3330
3377 0 59 63 32811 3345
3378 0 44 0 32815 3326
3378 0 3 9 32810 3350
3378 0 4 18 32825 3348
3378 0 18 27 32810 3357
3378 0 35 45 32813 3341
3378 0 25 54 32811 3325
3378 0 39 63 32815 3352
3379 0 44 0 32815 3327
3379 0 53 9 32808 3316
3379 0 10 18 32810 3364
3379 0 31 27 32801 3347
3379 0 14 45 32810 3322
3379 0 21 54 32819 3331
3379 0 59 63 32811 3346
3380 0 44 0 32815 3328
3380 1 51 4 32810 3332
3380 0 3 9 32810 3351
3380 1 29 16 32804 3343
3380 0 4 18 32825 3349
3380 1 62 26 32816 3333
3380 0 18 27 32810 3358
3380 0 35 45 32813 3342
3380 0 25 54 32811 3326
3380 0 39 63 32815 3353
3381 0 44 0 32815 3329
3381 0 53 9 32808 3317
3381 0 10 18 32810 3365
3381 0 63 27 32811 3327
3381 0 14 45 32810 3323
3381 0 21 54 32819 3332
3381 0 59 63 32811 3347
3382 0 44 0 32815 3330
3382 0 3 9 32810 3352
3382 0 4 18 32825 3350
3382 0 18 27 32810 3359
3382 0 60 45 32806 3354
3382 0 25 54 32811 3327
3382 0 39 63 32815 3354
3383 0 44 0 32815 3331
3383 0 46 9 32810 3314
3383 0 10 18 32810 3366
3383 0 63 27 32811 3328
3383 0 14 45 32810 3324
3383 0 21 54 32819 3333
3383 0 59 63 32811 3348
3384 0 44 0 32815 3332
3384 0 3 9 32810 3353
3384 0 4 18 32825 3351
3384 0 18 27 32810 3360
3384 0 60 45 32806 3355
3384 0 25 54 32811 3328
3384 0 39 63 32815 3355
3385 0 44 0 32815 3333
3385 0 46 9 32810 3315
3385 0 10 18 32810 3367
3385 0 63 27 32811 3329
3385 0 14 45 32810 3325
3385 0 21 54 32819 3334
3385 0 59 63 32811 3349
3386 0 3 9 32810 3354
3386 0 4 18 32825 3352
3386 0 18 27 32810 3361
3386 0 60 45 32806 3356
3386 0 25 54 32811 3329
3386 0 39 63 32815 3356
3387 0 46 9 32810 3316
3387 0 10 18 32810 3368
3387 0 63 27 32811 3330
3387 1 20 45 32807 3344
3387 0 21 54 32819 3335
3387 0 59 63 32811 3350
3388 0 3 9 32810 3355
3388 0 44 18 32816 3334
3388 0 18 27 32810 3362
3388 0 60 45 32806 3357
3388 0 25 54 32811 3330
3388 0 27 63 32817 3327
3389 0 46 9 32810 3317
3389 0 10 18 32810 3369
3389 0 63 27 32811 3331
3389 0 14 45 32811 3339
3389 0 21 54 32819 3336
3389 0 59 63 32811 3351
3390 0 3 9 32810 3356
3390 0 44 18 32816 3335
3390 0 63 27 32811 3332
3390 0 60 45 32806 3358
3390 0 25 54 32811 3331
3390 0 27 63 32817 3328
3391 0 46 9 32810 3318
3391 0 10 18 32810 3370
3391 0 63 27 32811 3333
3391 0 14 45 32811 3340
3391 0 21 54 32819 3337
3391 0 59 63 32811 3352
3392 0 3 9 32810 3357
3392 0 44 18 32816 3336
3392 0 63 27 32811 3334
3392 0 34 36 32810 3375
3392 0 60 45 32806 3359
3392 0 25 54 32811 3332
3392 0 27 63 32817 3329
3393 0 46 9 32810 3319
3393 0 0 18 32797 3356
3393 0 63 27 32811 3335
3393 0 34 36 32810 3376
3393 0 14 45 32811 3341
3393 0 21 54 32819 3338
3393 0 5 63 32809 3337
3394 0 3 9 32810 3358
3394 0 44 18 32816 3337
3394 0 63 27 32811 3336
3394 0 34 36 32810 3377
3394 0 60 45 32806 3360
3394 0 25 54 32811 3333
3394 0 27 63 32817 3330
3395 0 46 9 32810 3320
3395 0 0 18 32797 3357
3395 0 34 36 32810 3378
3395 0 14 45 32811 3342
3395 0 25 54 32811 3334
3395 0 5 63 32809 3338
3396 0 10 0 32811 3374
3396 1 5 9 32810 3357
3396 0 44 18 32816 3338
3396 0 34 36 32810 3379
3396 0 60 45 32806 3361
3396 0 44 54 32817 3366
3396 0 27 63 32817 3331
3397 0 10 0 32811 3375
3397 0 46 9 32810 3321
3397 0 0 18 32797 3358
3397 0 50 27 32797 3365
3397 0 34 36 32810 3380
3397 0 14 45 32811 3343
3397 0 44 54 32817 3367
3397 0 5 63 32809 3339
3398 0 10 0 32811 3376
3398 0 46 9 32810 3323
3398 0 44 18 32816 3339
3398 0 50 27 32797 3366
3398 0 34 36 32810 3381
3398 0 60 45 32806 3362
3398 0 44 54 32817 3368
3398 0 27 63 32817 3332
3399 0 10 0 32811 3377
3399 0 46 9 32810 3324
3399 0 0 18 32797 3359
3399 0 50 27 32797 3367
3399 0 34 36 32810 3382
3399 0 14 45 32811 3344
3399 0 44 54 32817 3369
3399 0 5 63 32809 3340
3400 0 10 0 32811 3378
3400 0 44 18 32816 3340
3400 0 50 27 32797 3368
3400 0 18 36 32812 3373
3400 0 60 45 32806 3363
3400 0 44 54 32817 3370
3400 0 27 63 32817 3333
3401 0 10 0 32811 3379
3401 0 0 18 32797 3360
3401 0 50 27 32797 3369
3401 0 34 36 32810 3383
3401 0 14 45 32811 3345
3401 0 44 54 32817 3371
3401 0 5 63 32809 3341
3402 0 10 0 32811 3380
3402 0 57 9 32819 3364
3402 0 44 18 32816 3341
3402 0 50 27 32797 3370
3402 0 18 36 32812 3374
3402 0 37 45 32817 3359
3402 0 44 54 32817 3372
3402 0 27 63 32817 3334
3403 0 10 0 32811 3381
3403 0 57 9 32819 3365
3403 0 0 18 32797 3361
3403 0 50 27 32797 3371
3403 0 34 36 32810 3384
3403 0 14 45 32811 3346
3403 0 44 54 32817 3373
3403 0 5 63 32809 3342
3404 0 10 0 32811 3382
3404 0 62 9 32817 3342
3404 0 44 18 32816 3350
3404 0 50 27 32797 3372
3404 0 18 36 32812 3375
3404 0 37 45 32817 3360
3404 0 44 54 32817 3374
3404 0 27 63 32817 3335
3405 0 10 0 32811 3383
3405 0 57 9 32819 3366
3405 0 0 18 32797 3362
3405 0 50 27 32797 3373
3405 0 4 36 32827 3376
3405 0 14 45 32811 3347
3405 0 44 54 32817 3375
3405 0 5 63 32809 3343
3406 0 62 9 32817 3343
3406 0 44 18 32816 3352
3406 0 50 27 32797 3374
3406 0 18 36 32812 3376
3406 0 37 45 32817 3361
3406 0 27 63 32817 3336
3407 0 57 9 32819 3367
3407 0 0 18 32797 3363
3407 0 4 36 32827 3377
3407 0 14 45 32811 3348
3407 0 5 63 32809 3344
3408 0 62 9 32817 3344
3408 0 46 18 32812 3358
3408 0 18 36 32812 3377
3408 0 37 45 32817 3362
3408 0 59 54 32812 3381
3408 0 5 63 32809 3345
3409 0 57 9 32819 3368
3409 0 0 18 32797 3364
3409 0 4 36 32827 3378
3409 0 37 45 32817 3363
3409 0 59 54 32812 3382
3409 0 17 63 32808 3332
3410 0 62 9 32817 3345
3410 0 46 18 32812 3359
3410 0 18 36 32812 3378
3410 0 37 45 32817 3364
3410 0 59 54 32812 3383
3410 0 5 63 32809 3346
3411 0 57 9 32819 3369
3411 0 0 18 32797 3365
3411 0 4 36 32827 3379
3411 0 37 45 32817 3365
3411 0 59 54 32812 3384
3411 0 17 63 32808 3333
3412 0 62 9 32817 3346
3412 0 46 18 32812 3360
3412 0 18 36 32812 3379
3412 0 37 45 32817 3366
3412 1 18 47 32811 3365
3412 0 59 54 32812 3385
3412 0 17 63 32808 3334
3413 0 57 9 32819 3370
3413 0 49 18 32809 3371
3413 0 14 27 32812 3381
3413 0 4 36 32827 3380
3413 0 37 45 32817 3371
3413 0 59 54 32812 3386
3413 0 17 63 32808 3335
3414 0 62 9 32817 3347
3414 0 46 18 32812 3361
3414 0 18 36 32812 3380
3414 0 37 45 32817 3373
3414 0 59 54 32812 3387
3414 0 17 63 32808 3336
3415 0 57 9 32819 3371
3415 0 49 18 32809 3372
3415 0 14 27 32812 3382
3415 0 4 36 32827 3381
3415 0 56 63 32823 3373
3416 0 62 9 32817 3348
3416 0 46 18 32812 3362
3416 0 14 27 32812 3383
3416 0 18 36 32812 3381
3416 0 59 54 32812 3388
3416 0 17 63 32808 3337
3417 0 57 9 32819 3372
3417 0 49 18 32809 3373
3417 0 14 27 32812 3384
3417 0 4 36 32827 3382
3417 1 4 46 32826 3375
3417 0 56 63 32823 3374
3418 0 62 9 32817 3349
3418 0 46 18 32812 3363
3418 0 14 27 32812 3385
3418 0 18 36 32812 3382
3418 1 32 45 32814 3381
3418 0 59 54 32812 3389
3418 0 17 63 32808 3338
3419 1 5 5 32811 3412
3419 0 57 9 32819 3373
3419 0 49 18 32809 3374
3419 0 14 27 32812 3386
3419 0 4 36 32827 3383
3419 1 48 44 32811 3387
3419 0 56 63 32823 3375
3420 0 62 9 32817 3350
3420 0 46 18 32812 3364
3420 0 36 27 32810 3403
3420 0 4 36 32827 3384
3420 0 11 45 32815 3383
3420 0 59 54 32812 3390
3420 0 17 63 32808 3339
3421 0 8 9 32811 3401
3421 0 49 18 32809 3375
3421 0 14 27 32812 3387
3421 0 31 36 32802 3377
3421 0 11 45 32815 3384
3421 0 56 63 32823 3376
3422 0 62 9 32817 3351
3422 0 46 18 32812 3365
3422 0 36 27 32810 3404
3422 0 4 36 32827 3385
3422 0 11 45 32815 3385
3422 0 17 63 32808 3340
3423 0 8 9 32811 3402
3423 0 49 18 32809 3376
3423 0 14 27 32812 3388
3423 0 31 36 32802 3378
3423 0 11 45 32815 3386
3423 0 56 63 32823 3377
3424 0 8 9 32811 3403
3424 0 46 18 32812 3366
3424 0 36 27 32810 3405
3424 0 31 36 32802 3379
3424 0 7 45 32812 3382
3424 0 17 63 32808 3341
3425 0 8 9 32811 3405
3425 0 49 18 32809 3377
3425 0 14 27 32812 3389
3425 0 31 36 32802 3380
3425 0 11 45 32815 3387
3425 0 56 63 32823 3378
3426 0 55 0 32811 3354
3426 0 8 9 32811 3406
3426 1 3 12 32811 3409
3426 0 46 18 32812 3367
3426 0 36 27 32810 3406
3426 0 31 36 32802 3381
3426 0 7 45 32812 3383
3426 0 1 63 32805 3346
3427 0 30 0 32803 3375
3427 0 8 9 32811 3407
3427 1 8 17 32812 3404
3427 0 49 18 32809 3378
3427 0 14 27 32812 3390
3427 0 31 36 32802 3382
3427 0 11 45 32815 3388
3427 0 56 63 32823 3379
3428 0 55 0 32811 3355
3428 0 8 9 32811 3408
3428 0 49 18 32809 3379
3428 0 36 27 32810 3407
3428 0 31 36 32802 3383
3428 0 7 45 32812 3384
3428 0 1 63 32805 3347
3429 0 30 0 32803 3376
3429 0 8 9 32811 3409
3429 0 26 18 32808 3401
3429 0 43 27 32818 3407
3429 0 31 36 32802 3384
3429 0 11 45 32815 3389
3429 0 56 63 32823 3380
3430 0 55 0 32811 3356
3430 0 8 9 32811 3410
3430 0 49 18 32809 3380
3430 0 36 27 32810 3408
3430 1 38 29 32816 3413
3430 0 9 36 32809 3393
3430 0 7 45 32812 3385
3430 0 1 63 32805 3348
3431 0 30 0 32803 3377
3431 0 8 9 32811 3411
3431 0 26 18 32808 3402
3431 0 43 27 32818 3408
3431 0 31 36 32802 3385
3431 0 11 45 32815 3390
3431 0 56 63 32823 3381
3432 0 55 0 32811 3357
3432 0 26 18 32808 3403
3432 0 36 27 32810 3409
3432 0 9 36 32809 3394
3432 0 7 45 32812 3386
3432 0 1 63 32805 3349
3433 0 30 0 32803 3378
3433 0 35 18 32814 3384
3433 0 43 27 32818 3409
3433 0 31 36 32802 3386
3433 0 11 45 32815 3391
3433 0 56 63 32823 3382
3434 0 55 0 32811 3358
3434 0 26 18 32808 3404
3434 0 36 27 32810 3410
3434 0 9 36 32809 3395
3434 0 7 45 32812 3387
3434 1 21 59 32820 3391
3434 0 1 63 32805 3350
3435 0 30 0 32803 3379
3435 1 6 15 32812 3418
3435 0 35 18 32814 3385
3435 0 43 27 32818 3410
3435 0 9 36 32809 3396
3435 0 11 45 32815 3392
3435 0 29 63 32805 3386
3436 0 55 0 32811 3359
3436 0 26 18 32808 3405
3436 0 36 27 32810 3411
3436 0 9 36 32809 3397
3436 1 59 40 32813 3404
3436 0 7 45 32812 3388
3436 1 36 57 32809 3399
3436 0 1 63 32805 3351
3437 0 30 0 32803 3380
3437 1 51 16 32811 3379
3437 0 35 18 32814 3386
3437 0 43 27 32818 3411
3437 0 9 36 32809 3398
3437 0 7 45 32812 3389
3437 0 53 54 32809 3425
3437 0 29 63 32805 3387
3438 0 55 0 32811 3360
3438 0 26 18 32808 3406
3438 0 36 27 32810 3412
3438 0 9 36 32809 3399
3438 0 7 45 32812 3390
3438 0 53 54 32809 3426
3438 0 1 63 32805 3352
3439 0 30 0 32803 3381
3439 1 60 15 32807 3387
3439 0 35 18 32814 3387
3439 0 43 27 32818 3412
3439 0 9 36 32809 3400
3439 0 7 45 32812 3391
3439 0 53 54 32809 3427
3439 0 29 63 32805 3388
3440 0 55 0 32811 3361
3440 0 26 18 32808 3407
3440 1 7 19 32813 3403
3440 0 16 27 32814 3398
3440 0 9 36 32809 3401
3440 0 53 54 32809 3428
3440 0 1 63 32805 3353
3441 0 30 0 32803 3382
3441 0 35 18 32814 3388
3441 0 43 27 32818 3413
3441 0 9 36 32809 3402
3441 0 38 54 32817 3424
3441 0 29 63 32805 3389
3442 0 55 0 32811 3362
3442 0 26 18 32808 3408
3442 0 16 27 32814 3399
3442 0 53 54 32809 3429
3442 0 1 63 32805 3354
3443 0 30 0 32803 3383
3443 0 35 18 32814 3389
3443 0 43 27 32818 3414
3443 0 19 36 32809 3421
3443 0 38 54 32817 3425
3443 0 29 63 32805 3390
3444 0 55 0 32811 3363
3444 0 26 18 32808 3414
3444 0 16 27 32814 3400
3444 0 19 36 32809 3422
3444 0 53 54 32809 3430
3444 0 1 63 32805 3355
3445 0 30 0 32803 3384
3445 0 35 18 32814 3390
3445 0 43 27 32818 3415
3445 0 63 36 32814 3408
3445 0 38 54 32817 3426
3445 0 29 63 32805 3391
3446 0 48 9 32812 3409
3446 0 26 18 32808 3416
3446 0 16 27 32814 3401
3446 0 19 36 32809 3423
3446 0 53 54 32809 3431
3446 0 29 63 32805 3392
3447 0 48 9 32812 3410
3447 0 35 18 32814 3391
3447 0 43 27 32818 3416
3447 0 63 36 32814 3409
3447 0 38 54 32817 3427
3447 1 35 62 32816 3410
3447 0 29 63 32805 3393
3448 0 47 9 32816 3389
3448 0 35 18 32814 3392
3448 0 16 27 32814 3402
3448 0 19 36 32809 3424
3448 0 53 54 32809 3432
3448 0 29 63 32805 3394
3449 0 48 9 32812 3411
3449 1 35 18 32815 3394
3449 0 40 27 32816 3413
3449 0 63 36 32814 3410
3449 0 38 54 32817 3428
3449 0 29 63 32805 3395
3450 0 47 9 32816 3390
3450 0 35 18 32814 3393
3450 0 16 27 32814 3403
3450 0 19 36 32809 3425
3450 0 53 54 32809 3433
3451 0 48 9 32812 3412
3451 0 40 27 32816 3414
3451 0 63 36 32814 3411
3451 0 38 54 32817 3429
3452 0 47 9 32816 3391
3452 0 43 18 32817 3397
3452 0 16 27 32814 3404
3452 0 19 36 32809 3426
3452 0 53 54 32809 3434
3453 0 48 9 32812 3413
3453 0 39 18 32816 3395
3453 0 40 27 32816 3415
3453 0 63 36 32814 3412
3453 1 23 39 32818 3436
3453 0 38 54 32817 3430
3454 0 47 9 32816 3392
3454 0 43 18 32817 3398
3454 0 16 27 32814 3405
3454 0 19 36 32809 3427
3454 0 30 54 32804 3426
3454 1 3 59 32812 3412
3455 0 48 9 32812 3414
3455 0 39 18 32816 3396
3455 0 40 27 32816 3416
3455 0 63 36 32814 3413
3455 1 32 38 32815 3418
3455 0 38 54 32817 3431
3455 1 44 58 32818 3428
3456 0 31 0 32803 3399
3456 0 47 9 32816 3393
3456 0 43 18 32817 3399
3456 0 16 27 32814 3406
3456 0 19 36 32809 3428
3456 0 30 54 32804 3427
3457 0 31 0 32803 3400
3457 0 48 9 32812 3415
3457 0 39 18 32816 3397
3457 0 40 27 32816 3417
3457 0 63 36 32814 3414
3457 0 38 54 32817 3432
3458 0 31 0 32803 3401
3458 0 47 9 32816 3394
3458 0 43 18 32817 3400
3458 1 40 22 32815 3406
3458 0 16 27 32814 3407
3458 0 19 36 32809 3429
3458 0 30 54 32804 3428
3459 0 31 0 32803 3402
3459 0 48 9 32812 3416
3459 0 39 18 32816 3398
3459 0 40 27 32816 3418
3459 0 63 36 32814 3415
3459 0 38 54 32817 3433
3460 0 31 0 32803 3403
3460 0 47 9 32816 3395
3460 0 43 18 32817 3401
3460 0 0 27 32799 3413
3460 0 19 36 32809 3430
3460 0 30 54 32804 3429
3461 0 31 0 32803 3404
3461 0 48 9 32812 3417
3461 0 39 18 32816 3399
3461 0 40 27 32816 3419
3461 0 63 36 32814 3416
3461 1 55 39 32812 3444
3461 0 30 54 32804 3430
3462 0 31 0 32803 3405
3462 0 47 9 32816 3396
3462 0 43 18 32817 3402
3462 0 0 27 32799 3414
3462 1 34 35 32811 3450
3462 0 63 36 32814 3417
3462 0 0 54 32798 3384
3463 0 31 0 32803 3406
3463 0 48 9 32812 3418
3463 0 39 18 32816 3400
3463 0 40 27 32816 3420
3463 0 30 54 32804 3431
3463 0 8 63 32810 3391
3464 0 31 0 32803 3407
3464 0 47 9 32816 3397
3464 0 43 18 32817 3403
3464 0 0 27 32799 3415
3464 1 21 29 32821 3452
3464 1 31 46 32804 3437
3464 0 0 54 32798 3385
3464 0 8 63 32810 3392
3465 0 31 0 32803 3408
3465 0 47 9 32816 3398
3465 0 39 18 32816 3401
3465 0 40 27 32816 3421
3465 0 30 54 32804 3432
3465 0 8 63 32810 3393
3466 0 19 9 32810 3431
3466 0 43 18 32817 3404
3466 0 0 27 32799 3416
3466 0 0 54 32798 3386
3466 0 8 63 32810 3394
3467 0 19 9 32810 3432
3467 0 39 18 32816 3402
3467 0 40 27 32816 3422
3467 0 30 54 32804 3433
3467 0 38 63 32818 3440
3468 0 63 9 32813 3386
3468 0 43 18 32817 3405
3468 0 0 27 32799 3417
3468 1 37 42 32818 3441
3468 0 0 54 32798 3387
3468 0 8 63 32810 3395
3469 0 19 9 32810 3433
3469 0 39 18 32816 3403
3469 0 47 27 32817 3422
3469 0 30 54 32804 3434
3469 1 22 57 32817 3412
3469 1 49 62 32810 3432
3469 0 38 63 32818 3441
3470 0 63 9 32813 3387
3470 0 43 18 32817 3406
3470 0 0 27 32799 3418
3470 0 14 36 32813 3438
3470 0 0 54 32798 3388
3470 0 8 63 32810 3396
3471 0 19 9 32810 3434
3471 0 39 18 32816 3404
3471 0 47 27 32817 3423
3471 0 14 36 32813 3439
3471 0 30 54 32804 3435
3471 0 38 63 32818 3442
3472 0 63 9 32813 3388
3472 0 0 27 32799 3419
3472 0 14 36 32813 3440
3472 0 0 54 32798 3389
3472 0 8 63 32810 3397
3473 0 52 0 32819 3416
3473 0 19 9 32810 3435
3473 0 47 27 32817 3424
3473 0 14 36 32813 3441
3473 0 0 54 32798 3390
3473 0 38 63 32818 3443
3474 0 52 0 32819 3417
3474 0 63 9 32813 3389
3474 0 0 27 32799 3420
3474 0 14 36 32813 3442
3474 0 0 54 32798 3391
3474 0 8 63 32810 3398
3475 0 52 0 32819 3418
3475 0 19 9 32810 3436
3475 0 47 27 32817 3425
3475 0 14 36 32813 3443
3475 0 0 54 32798 3392
3475 0 38 63 32818 3444
3476 0 52 0 32819 3419
3476 0 63 9 32813 3390
3476 1 57 22 32820 3419
3476 0 0 27 32799 3421
3476 0 14 36 32813 3444
3476 0 0 54 32798 3393
3476 0 8 63 32810 3399
3477 0 39 0 32817 3413
3477 0 19 9 32810 3437
3477 0 47 27 32817 3426
3477 0 14 36 32813 3445
3477 0 38 63 32818 3445
3478 0 52 0 32819 3420
3478 0 63 9 32813 3391
3478 0 0 27 32799 3422
3478 0 14 36 32813 3446
3478 0 8 63 32810 3400
3479 0 39 0 32817 3414
3479 0 19 9 32810 3438
3479 0 47 27 32817 3427
3479 0 55 36 32813 3447
3479 0 38 63 32818 3446
3480 0 52 0 32819 3421
3480 0 63 9 32813 3392
3480 1 60 12 32808 3441
3480 0 3 27 32813 3433
3480 0 14 36 32813 3447
3480 0 38 63 32818 3447
3481 0 39 0 32817 3415
3481 0 19 9 32810 3439
3481 0 47 27 32817 3428
3481 0 55 36 32813 3448
3481 0 61 63 32816 3464
3482 0 52 0 32819 3422
3482 0 63 9 32813 3393
3482 0 3 27 32813 3434
3482 0 55 36 32813 3449
3482 0 38 63 32818 3448
3483 0 39 0 32817 3416
3483 1 54 6 32815 3446
3483 0 19 9 32810 3440
3483 0 47 27 32817 3429
3483 1 36 28 32811 3471
3483 0 55 36 32813 3450
3483 0 61 63 32816 3465
3484 0 52 0 32819 3423
3484 0 63 9 32813 3394
3484 0 3 27 32813 3435
3484 0 55 36 32813 3451
3484 0 38 63 32818 3449
3485 0 39 0 32817 3417
3485 0 4 9 32828 3456
3485 0 47 27 32817 3430
3485 0 55 36 32813 3452
3485 0 61 63 32816 3466
3486 0 52 0 32819 3424
3486 0 63 9 32813 3395
3486 0 3 27 32813 3436
3486 0 55 36 32813 3453
3486 0 12 63 32808 3431
3487 0 39 0 32817 3418
3487 0 4 9 32828 3457
3487 0 47 27 32817 3431
3487 0 55 36 32813 3454
3487 0 20 45 32808 3460
3487 0 61 63 32816 3467
3488 0 52 0 32819 3425
3488 0 44 9 32819 3440
3488 0 3 27 32813 3437
3488 0 55 36 32813 3455
3488 0 20 45 32808 3461
3488 0 12 63 32808 3432
3489 0 39 0 32817 3419
3489 0 4 9 32828 3458
3489 0 5 27 32812 3427
3489 0 55 36 32813 3456
3489 0 20 45 32808 3462
3489 0 61 63 32816 3468
3490 0 39 0 32817 3420
3490 0 44 9 32819 3441
3490 0 3 27 32813 3438
3490 1 12 30 32809 3463
3490 0 20 45 32808 3463
3490 0 12 63 32808 3433
3491 0 54 0 32814 3422
3491 0 4 9 32828 3459
3491 0 5 27 32812 3428
3491 0 20 45 32808 3464
3491 0 61 63 32816 3469
3492 0 39 0 32817 3421
3492 0 44 9 32819 3442
3492 0 3 27 32813 3439
3492 0 27 45 32818 3465
3492 0 12 63 32808 3434
3493 0 54 0 32814 3423
3493 0 4 9 32828 3460
3493 0 5 27 32812 3429
3493 0 20 45 32808 3465
3493 0 61 63 32816 3470
3494 0 39 0 32817 3422
3494 0 44 9 32819 3443
3494 0 3 27 32813 3440
3494 0 27 45 32818 3466
3494 0 12 63 32808 3435
3495 0 54 0 32814 3424
3495 0 4 9 32828 3461
3495 0 5 27 32812 3430
3495 0 20 45 32808 3466
3495 0 61 63 32816 3471
3496 0 54 0 32814 3425
3496 0 44 9 32819 3444
3496 1 21 24 32822 3459
3496 0 3 27 32813 3441
3496 0 27 45 32818 3467
3496 0 12 63 32808 3436
3497 0 19 0 32811 3465
3497 0 4 9 32828 3462
3497 0 5 27 32812 3431
3497 0 20 45 32808 3467
3497 0 61 63 32816 3472
3498 0 54 0 32814 3426
3498 0 44 9 32819 3445
3498 0 3 27 32813 3442
3498 0 27 45 32818 3468
3498 0 12 63 32808 3437
3499 0 19 0 32811 3466
3499 0 4 9 32828 3463
3499 0 5 27 32812 3432
3499 0 20 45 32808 3468
3499 0 61 63 32816 3473
3500 0 54 0 32814 3427
3500 0 44 9 32819 3446
3500 0 35 27 32817 3471
3500 0 48 36 32813 3463
3500 0 27 45 32818 3469
3500 0 12 63 32808 3438
3501 0 19 0 32811 3467
3501 0 4 9 32828 3464
3501 0 5 27 32812 3433
3501 0 48 36 32813 3464
3501 0 20 45 32808 3469
3501 0 43 63 32819 3448
3502 0 54 0 32814 3428
3502 0 44 9 32819 3447
3502 0 35 27 32817 3472
3502 0 48 36 32813 3465
3502 0 27 45 32818 3470
3502 0 12 63 32808 3439
3503 0 19 0 32811 3468
3503 0 4 9 32828 3465
3503 0 5 27 32812 3434
3503 0 48 36 32813 3466
3503 0 27 45 32818 3471
3503 0 43 63 32819 3449
3504 0 54 0 32814 3429
3504 0 44 9 32819 3448
3504 0 35 27 32817 3473
3504 0 48 36 32813 3467
3504 1 29 41 32806 3467
3504 0 10 45 32812 3458
3504 0 12 63 32808 3440
3505 0 19 0 32811 3469
3505 0 57 9 32821 3459
3505 0 5 27 32812 3435
3505 0 48 36 32813 3468
3505 0 27 45 32818 3472
3505 0 43 63 32819 3450
3506 0 54 0 32814 3430
3506 0 44 9 32819 3449
3506 0 35 27 32817 3474
3506 0 48 36 32813 3469
3506 0 10 45 32812 3459
3506 0 43 63 32819 3451
3507 0 19 0 32811 3470
3507 0 57 9 32821 3460
3507 0 5 27 32812 3436
3507 0 48 36 32813 3470
3507 1 3 41 32814 3464
3507 0 27 45 32818 3473
3507 0 43 63 32819 3452
3508 0 54 0 32814 3431
3508 0 57 9 32821 3461
3508 0 35 27 32817 3475
3508 0 48 36 32813 3471
3508 0 10 45 32812 3460
3508 0 43 63 32819 3453
3509 0 19 0 32811 3471
3509 0 57 9 32821 3462
3509 0 59 27 32814 3461
3509 0 48 36 32813 3472
3509 0 27 45 32818 3474
3509 0 43 63 32819 3454
3510 0 1 0 32807 3489
3510 0 57 9 32821 3463
3510 0 35 27 32817 3476
3510 0 10 45 32812 3461
3510 0 43 63 32819 3455
3511 0 19 0 32811 3472
3511 1 3 4 32816 3499
3511 0 57 9 32821 3464
3511 0 59 27 32814 3462
3511 0 10 45 32812 3462
3511 0 43 63 32819 3456
3512 0 1 0 32807 3490
3512 0 57 9 32821 3465
3512 0 35 27 32817 3477
3512 0 10 45 32812 3463
3512 0 43 63 32819 3457
3513 0 19 0 32811 3473
3513 0 57 9 32821 3466
3513 0 59 27 32814 3463
3513 0 10 45 32812 3464
3513 0 1 63 32806 3440
3514 0 1 0 32807 3491
3514 0 57 9 32821 3467
3514 0 35 27 32817 3478
3514 0 40 36 32817 3482
3514 0 10 45 32812 3465
3514 0 1 63 32806 3441
3515 0 19 0 32811 3474
3515 0 57 9 32821 3468
3515 0 59 27 32814 3464
3515 0 40 36 32817 3483
3515 0 10 45 32812 3466
3515 0 1 63 32806 3442
3516 0 1 0 32807 3492
3516 0 35 27 32817 3479
3516 0 40 36 32817 3484
3516 0 10 45 32812 3467
3516 0 1 63 32806 3443
3517 0 28 0 32800 3468
3517 0 59 27 32814 3465
3517 0 40 36 32817 3485
3517 0 35 54 32818 3485
3517 0 1 63 32806 3444
3518 0 1 0 32807 3493
3518 0 35 27 32817 3480
3518 0 40 36 32817 3486
3518 0 35 54 32818 3486
3518 0 1 63 32806 3445
3519 0 28 0 32800 3469
3519 0 59 27 32814 3466
3519 0 40 36 32817 3487
3519 0 35 54 32818 3487
3519 0 1 63 32806 3446
3520 0 1 0 32807 3494
3520 1 59 22 32815 3473
3520 1 6 27 32813 3443
3520 0 40 36 32817 3488
3520 0 35 54 32818 3488
3520 0 1 63 32806 3447
3521 0 28 0 32800 3470
3521 0 59 27 32814 3467
3521 0 40 36 32817 3489
3521 0 35 54 32818 3489
3521 0 1 63 32806 3448
3522 0 1 0 32807 3495
3522 0 56 27 32824 3459
3522 0 40 36 32817 3490
3522 0 35 54 32818 3490
3522 0 1 63 32806 3449
3523 0 28 0 32800 3471
3523 0 59 27 32814 3468
3523 0 40 36 32817 3491
3523 0 35 54 32818 3491
3524 0 1 0 32807 3496
3524 0 56 27 32824 3460
3524 0 35 54 32818 3492
3525 0 28 0 32800 3472
3525 0 59 27 32814 3469
3525 0 10 36 32814 3493
3525 0 35 54 32818 3493
3526 0 1 0 32807 3497
3526 0 56 27 32824 3461
3526 1 15 28 32814 3494
3526 0 10 36 32814 3494
3526 0 27 54 32819 3489
3527 0 28 0 32800 3473
3527 0 59 27 32814 3470
3527 0 10 36 32814 3495
3527 0 35 54 32818 3494
3528 0 1 0 32807 3498
3528 0 18 18 32813 3521
3528 0 56 27 32824 3462
3528 0 10 36 32814 3496
3528 0 27 54 32819 3490
3529 0 28 0 32800 3474
3529 1 20 6 32809 3502
3529 0 18 18 32813 3522
3529 0 23 27 32819 3464
3529 0 10 36 32814 3497
3529 0 27 54 32819 3491
3530 0 51 0 32812 3459
3530 0 63 18 32815 3473
3530 0 56 27 32824 3463
3530 0 10 36 32814 3498
3530 1 56 47 32825 3478
3530 0 27 54 32819 3492
3530 0 10 63 32813 3468
3531 0 28 0 32800 3475
3531 0 18 18 32813 3523
3531 0 23 27 32819 3465
3531 0 10 36 32814 3499
3531 0 27 54 32819 3493
3531 0 10 63 32813 3469
3532 0 51 0 32812 3460
3532 0 63 18 32815 3474
3532 0 56 27 32824 3464
3532 0 10 36 32814 3500
3532 0 27 54 32819 3494
3532 1 42 55 32806 3495
3532 0 10 63 32813 3470
3533 0 28 0 32800 3476
3533 0 18 18 32813 3524
3533 0 23 27 32819 3466
3533 0 10 36 32814 3501
3533 0 27 54 32819 3495
3533 0 10 63 32813 3471
3534 0 51 0 32812 3461
3534 0 59 9 32816 3487
3534 0 63 18 32815 3475
3534 0 56 27 32824 3465
3534 0 10 36 32814 3502
3534 0 27 54 32819 3496
3534 0 10 63 32813 3472
3535 0 28 0 32800 3477
3535 0 59 9 32816 3488
3535 1 17 15 32809 3493
3535 0 18 18 32813 3525
3535 0 23 27 32819 3467
3535 0 41 45 32813 3508
3535 0 27 54 32819 3497
3535 0 10 63 32813 3473
3536 0 51 0 32812 3462
3536 0 59 9 32816 3489
3536 0 63 18 32815 3476
3536 0 56 27 32824 3466
3536 0 41 45 32813 3509
3536 0 27 54 32819 3498
3536 1 19 61 32812 3494
3536 0 10 63 32813 3474
3537 0 51 0 32812 3463
3537 0 45 9 32810 3490
3537 0 18 18 32813 3526
3537 0 23 27 32819 3468
3537 0 41 45 32813 3510
3537 0 10 63 32813 3475
3538 0 47 0 32818 3445
3538 1 34 4 32812 3501
3538 0 59 9 32816 3490
3538 0 63 18 32815 3477
3538 0 56 27 32824 3467
3538 0 41 45 32813 3511
3538 0 10 63 32813 3476
3539 0 51 0 32812 3464
3539 0 45 9 32810 3491
3539 0 18 18 32813 3527
3539 0 23 27 32819 3469
3539 0 41 45 32813 3512
3539 1 43 48 32820 3511
3539 0 10 63 32813 3477
3540 0 47 0 32818 3446
3540 0 59 9 32816 3491
3540 0 63 18 32815 3478
3540 0 56 27 32824 3468
3540 0 41 45 32813 3513
3541 0 51 0 32812 3465
3541 0 45 9 32810 3492
3541 0 18 18 32813 3528
3541 0 23 27 32819 3470
3541 0 41 45 32813 3514
3542 0 47 0 32818 3447
3542 0 59 9 32816 3492
3542 0 63 18 32815 3479
3542 0 48 27 32814 3473
3542 1 25 29 32812 3515
3542 1 62 41 32818 3500
3542 0 56 45 32826 3500
3543 0 51 0 32812 3466
3543 0 45 9 32810 3493
3543 0 18 18 32813 3529
3543 0 23 27 32819 3471
3543 0 41 45 32813 3515
3544 0 47 0 32818 3448
3544 0 59 9 32816 3493
3544 0 63 18 32815 3480
3544 0 48 27 32814 3474
3544 0 56 45 32826 3501
3545 0 51 0 32812 3467
3545 0 45 9 32810 3494
3545 0 18 18 32813 3530
3545 0 23 27 32819 3472
3545 0 41 45 32813 3516
3546 0 47 0 32818 3449
3546 0 59 9 32816 3494
3546 0 63 18 32815 3481
3546 1 39 20 32818 3514
3546 1 26 26 32810 3539
3546 0 48 27 32814 3475
3546 0 56 45 32826 3502
3547 0 51 0 32812 3468
3547 0 45 9 32810 3495
3547 0 63 18 32815 3482
3547 0 23 27 32819 3473
3547 0 41 45 32813 3517
3548 0 47 0 32818 3450
3548 0 59 9 32816 3495
3548 0 48 27 32814 3476
3548 1 60 31 32809 3506
3548 0 56 45 32826 3503
3549 0 47 0 32818 3451
3549 0 45 9 32810 3496
3549 1 34 27 32813 3518
3549 1 47 30 32819 3527
3549 0 28 45 32801 3522
3549 0 55 54 32815 3537
3550 0 40 0 32818 3493
3550 0 59 9 32816 3496
3550 0 48 27 32814 3477
3550 0 56 45 32826 3504
3550 0 55 54 32815 3538
3551 0 47 0 32818 3452
3551 0 45 9 32810 3497
3551 0 48 27 32814 3478
3551 0 28 45 32801 3523
3551 0 55 54 32815 3539
3551 1 3 62 32815 3494
3552 0 40 0 32818 3494
3552 0 45 9 32810 3498
3552 0 59 27 32818 3515
3552 0 56 45 32826 3505
3552 0 58 54 32819 3520
3553 0 47 0 32818 3453
3553 0 23 9 32820 3488
3553 0 48 27 32814 3479
3553 0 28 45 32801 3524
3553 0 55 54 32815 3540
3554 0 40 0 32818 3495
3554 0 45 9 32810 3499
3554 0 59 27 32818 3516
3554 0 56 45 32826 3506
3554 0 58 54 32819 3521
3555 0 47 0 32818 3454
3555 0 23 9 32820 3489
3555 0 48 27 32814 3480
3555 0 28 45 32801 3525
3555 0 55 54 32815 3541
3555 0 24 63 32824 3493
3556 0 40 0 32818 3496
3556 0 23 9 32820 3490
3556 0 59 27 32818 3517
3556 1 29 39 32807 3533
3556 0 58 54 32819 3522
3556 0 24 63 32824 3494
3557 0 40 0 32818 3497
3557 0 23 9 32820 3491
3557 0 48 27 32814 3481
3557 0 56 45 32826 3507
3557 0 55 54 32815 3542
3557 0 24 63 32824 3495
3558 0 52 0 32820 3462
3558 0 53 9 32810 3505
3558 0 32 18 32816 3531
3558 0 59 27 32818 3518
3558 0 28 45 32801 3527
3558 1 28 47 32802 3526
3558 0 58 54 32819 3523
3558 0 24 63 32824 3496
3559 0 40 0 32818 3498
3559 0 23 9 32820 3492
3559 0 32 18 32816 3532
3559 0 48 27 32814 3482
3559 0 56 45 32826 3508
3559 0 55 54 32815 3543
3559 0 24 63 32824 3497
3560 0 52 0 32820 3463
3560 0 53 9 32810 3506
3560 0 32 18 32816 3533
3560 0 59 27 32818 3519
3560 0 28 45 32801 3528
3560 0 58 54 32819 3524
3560 0 24 63 32824 3498
3561 0 40 0 32818 3499
3561 0 23 9 32820 3493
3561 0 60 18 32810 3519
3561 0 59 27 32818 3520
3561 1 60 37 32811 3534
3561 0 56 45 32826 3509
3561 0 55 54 32815 3544
3561 0 24 63 32824 3499
3562 0 52 0 32820 3464
3562 0 53 9 32810 3507
3562 1 26 14 32809 3525
3562 0 32 18 32816 3534
3562 0 59 27 32818 3521
3562 0 28 45 32801 3529
3562 0 58 54 32819 3525
3562 0 24 63 32824 3500
3563 0 40 0 32818 3500
3563 0 23 9 32820 3494
3563 0 60 18 32810 3520
3563 0 9 27 32810 3536
3563 0 28 45 32801 3530
3563 0 55 54 32815 3545
3563 0 24 63 32824 3501
3564 0 52 0 32820 3465
3564 0 53 9 32810 3508
3564 0 32 18 32816 3535
3564 0 59 27 32818 3522
3564 0 28 45 32801 3531
3564 0 58 54 32819 3526
3564 0 24 63 32824 3502
3565 0 40 0 32818 3505
3565 0 23 9 32820 3495
3565 0 60 18 32810 3521
3565 0 9 27 32810 3537
3565 0 28 45 32801 3532
3565 0 55 54 32815 3546
3566 0 52 0 32820 3466
3566 0 53 9 32810 3509
3566 0 32 18 32816 3536
3566 0 59 27 32818 3523
3566 0 58 54 32819 3527
3567 0 40 0 32818 3507
3567 0 23 9 32820 3496
3567 0 60 18 32810 3522
3567 0 9 27 32810 3538
3567 0 58 54 32819 3528
3567 0 46 63 32813 3545
3568 0 52 0 32820 3467
3568 0 53 9 32810 3510
3568 0 32 18 32816 3537
3568 0 59 27 32818 3524
3568 0 58 54 32819 3529
3568 0 46 63 32813 3546
3569 0 52 0 32820 3468
3569 0 23 9 32820 3497
3569 0 60 18 32810 3523
3569 0 9 27 32810 3539
3569 0 46 63 32813 3547
3570 0 19 0 32813 3524
3570 0 53 9 32810 3511
3570 0 32 18 32816 3538
3570 0 32 27 32817 3541
3570 0 58 36 32820 3538
3570 0 46 63 32813 3548
3571 0 52 0 32820 3469
3571 0 53 9 32810 3512
3571 0 60 18 32810 3524
3571 0 9 27 32810 3540
3571 0 58 36 32820 3539
3571 1 9 41 32811 3544
3571 0 46 63 32813 3549
3572 0 19 0 32813 3525
3572 0 53 9 32810 3513
3572 0 32 18 32816 3539
3572 0 32 27 32817 3542
3572 0 58 36 32820 3540
3572 0 28 54 32803 3540
3572 0 46 63 32813 3550
3573 0 52 0 32820 3470
3573 0 53 9 32810 3514
3573 0 60 18 32810 3525
3573 0 9 27 32810 3541
3573 0 58 36 32820 3541
3573 0 28 54 32803 3541
3573 0 46 63 32813 3551
3574 0 19 0 32813 3526
3574 0 32 18 32816 3540
3574 0 32 27 32817 3543
3574 0 58 36 32820 3542
3574 0 28 54 32803 3542
3574 0 46 63 32813 3552
3575 0 52 0 32820 3471
3575 0 60 18 32810 3526
3575 0 9 27 32810 3542
3575 0 58 36 32820 3543
3575 0 28 54 32803 3543
3575 0 46 63 32813 3553
3576 0 19 0 32813 3527
3576 0 60 18 32810 3527
3576 0 32 27 32817 3544
3576 0 58 36 32820 3544
3576 1 58 42 32822 3559
3576 0 28 54 32803 3544
3576 0 46 63 32813 3554
3577 0 19 0 32813 3528
3577 0 60 18 32810 3528
3577 0 9 27 32810 3543
3577 0 58 36 32820 3545
3577 0 28 54 32803 3545
3578 0 59 0 32817 3497
3578 0 32 27 32817 3545
3578 0 28 54 32803 3546
3579 0 19 0 32813 3529
3579 0 9 27 32810 3545
3579 0 58 36 32820 3546
3579 0 28 54 32803 3547
3580 0 59 0 32817 3498
3580 0 32 27 32817 3546
3580 0 58 36 32820 3547
3580 0 28 54 32803 3548
3581 0 19 0 32813 3530
3581 0 9 27 32810 3546
3581 0 1 45 32808 3529
3581 0 28 54 32803 3549
3582 0 59 0 32817 3499
3582 0 32 27 32817 3547
3582 0 1 45 32808 3530
3583 0 19 0 32813 3531
3583 0 48 27 32815 3544
3583 0 16 36 32815 3546
3583 0 1 45 32808 3531
3584 0 59 0 32817 3500
3584 0 32 27 32817 3548
3584 0 16 36 32815 3547
3584 0 1 45 32808 3532
3585 0 19 0 32813 3532
3585 0 48 27 32815 3545
3585 0 57 36 32822 3548
3585 0 1 45 32808 3533
3586 0 59 0 32817 3501
3586 0 32 27 32817 3549
3586 0 16 36 32815 3548
3586 0 1 45 32808 3534
3586 0 42 54 32807 3554
3587 0 19 0 32813 3533
3587 0 48 27 32815 3546
3587 0 57 36 32822 3549
3587 0 1 45 32808 3535
3587 0 42 54 32807 3555
3588 0 59 0 32817 3502
3588 1 59 20 32819 3551
3588 0 32 27 32817 3550
3588 0 16 36 32815 3549
3588 0 1 45 32808 3536
3588 0 42 54 32807 3556
3589 0 59 0 32817 3503
3589 0 48 27 32815 3547
3589 0 57 36 32822 3550
3589 0 1 45 32808 3537
3589 0 42 54 32807 3557
3589 0 61 63 32817 3572
3590 0 59 0 32817 3504
3590 0 58 9 32821 3548
3590 0 48 27 32815 3548
3590 0 16 36 32815 3550
3590 0 1 45 32808 3538
3590 0 42 54 32807 3558
3590 0 61 63 32817 3573
3591 0 59 0 32817 3508
3591 1 28 1 32804 3554
3591 0 58 9 32821 3549
3591 0 48 27 32815 3549
3591 0 57 36 32822 3551
3591 0 42 54 32807 3559
3591 0 61 63 32817 3574
3592 0 59 0 32817 3510
3592 0 23 9 32821 3550
3592 0 38 18 32819 3555
3592 0 48 27 32815 3550
3592 1 58 35 32824 3564
3592 0 16 36 32815 3551
3592 0 42 54 32807 3560
3592 0 61 63 32817 3575
3593 0 58 9 32821 3550
3593 0 38 18 32819 3556
3593 0 48 27 32815 3551
3593 0 57 36 32822 3552
3593 0 42 54 32807 3561
3593 0 61 63 32817 3576
3594 0 23 9 32821 3551
3594 0 38 18 32819 3557
3594 0 48 27 32815 3552
3594 0 16 36 32815 3552
3594 0 34 54 32814 3557
3594 0 61 63 32817 3577
3595 0 58 9 32821 3551
3595 1 3 16 32817 3563
3595 0 38 18 32819 3558
3595 0 48 27 32815 3553
3595 0 57 36 32822 3553
3595 0 42 54 32807 3562
3595 0 61 63 32817 3578
3596 0 23 9 32821 3552
3596 0 38 18 32819 3559
3596 1 17 26 32810 3579
3596 0 16 36 32815 3553
3596 0 34 54 32814 3558
3596 0 61 63 32817 3579
3597 0 55 0 32814 3525
3597 0 58 9 32821 3552
3597 0 38 18 32819 3560
3597 0 57 36 32822 3554
3597 0 42 54 32807 3563
3597 0 61 63 32817 3580
3598 0 55 0 32814 3526
3598 0 23 9 32821 3553
3598 0 38 18 32819 3561
3598 0 16 36 32815 3554
3598 0 34 54 32814 3559
3598 0 61 63 32817 3581
3599 0 55 0 32814 3527
3599 0 58 9 32821 3553
3599 0 38 18 32819 3562
3599 1 34 28 32815 3565
3599 0 57 36 32822 3555
3599 0 32 45 32818 3557
3599 0 34 54 32814 3560
3600 0 55 0 32814 3528
3600 0 23 9 32821 3554
3600 0 38 18 32819 3563
3600 0 16 36 32815 3555
3600 0 32 45 32818 3558
3600 0 34 54 32814 3561
3601 0 55 0 32814 3529
3601 0 58 9 32821 3554
3601 0 38 18 32819 3564
3601 0 57 36 32822 3556
3601 0 32 45 32818 3559
3601 0 34 54 32814 3562
3602 0 55 0 32814 3530
3602 0 23 9 32821 3555
3602 0 57 36 32822 3557
3602 0 32 45 32818 3560
3602 0 34 54 32814 3563
3603 0 55 0 32814 3531
3603 0 58 9 32821 3555
3603 0 32 45 32818 3561
3603 0 34 54 32814 3564
3604 0 55 0 32814 3532
3604 0 23 9 32821 3556
3604 1 62 45 32819 3582
3604 0 34 54 32814 3566
3605 0 55 0 32814 3533
3605 0 58 9 32821 3556
3605 0 48 36 32816 3568
3605 0 32 45 32818 3562
3605 0 34 54 32814 3567
3606 0 55 0 32814 3534
3606 0 23 9 32821 3557
3606 0 54 27 32816 3569
3606 0 6 36 32814 3569
3606 0 32 45 32818 3563
3607 0 58 9 32821 3557
3607 0 54 27 32816 3570
3607 0 48 36 32816 3569
3607 0 34 45 32816 3576
3607 1 63 63 32816 3600
3608 0 23 9 32821 3558
3608 0 54 27 32816 3571
3608 0 6 36 32814 3570
3608 0 32 45 32818 3564
3608 0 26 54 32811 3566
3609 1 43 5 32821 3567
3609 0 23 9 32821 3559
3609 0 54 27 32816 3572
3609 0 48 36 32816 3570
3609 0 34 45 32816 3577
3609 0 26 54 32811 3567
3610 0 58 9 32823 3562
3610 0 19 18 32814 3598
3610 0 54 27 32816 3573
3610 0 6 36 32814 3571
3610 0 32 45 32818 3565
3610 0 26 54 32811 3568
3611 0 58 9 32823 3563
3611 0 19 18 32814 3599
3611 0 54 27 32816 3574
3611 0 48 36 32816 3571
3611 0 34 45 32816 3578
3611 0 26 54 32811 3569
3612 0 27 9 32820 3585
3612 0 54 27 32816 3575
3612 0 6 36 32814 3572
3612 0 32 45 32818 3566
3612 0 26 54 32811 3570
3613 0 58 9 32823 3565
3613 0 19 18 32814 3600
3613 0 54 27 32816 3576
3613 0 48 36 32816 3572
3613 0 34 45 32816 3579
3613 0 26 54 32811 3571
3614 0 27 9 32820 3586
3614 0 54 27 32816 3577
3614 0 6 36 32814 3573
3614 0 34 45 32816 3580
3614 0 26 54 32811 3572
3615 1 59 0 32820 3558
3615 0 58 9 32823 3566
3615 0 19 18 32814 3601
3615 0 54 27 32816 3578
3615 0 48 36 32816 3573
3615 1 16 45 32816 3563
3615 0 26 54 32811 3573
3616 0 27 9 32820 3587
3616 0 6 36 32814 3574
3616 0 34 45 32816 3581
3616 0 6 54 32815 3579
3617 0 58 9 32823 3567
3617 0 19 18 32814 3602
3617 0 48 36 32816 3574
3617 0 34 45 32816 3582
3617 0 26 54 32811 3574
3618 0 27 9 32820 3588
3618 0 6 36 32814 3575
3618 0 61 45 32818 3601
3618 0 6 54 32815 3580
3619 0 58 9 32823 3568
3619 0 19 18 32814 3603
3619 0 48 36 32816 3575
3619 0 34 45 32816 3583
3619 0 26 54 32811 3575
3620 0 27 9 32820 3589
3620 0 6 36 32814 3576
3620 0 61 45 32818 3602
3620 0 6 54 32815 3581
3620 1 37 56 32819 3573
3621 0 58 9 32823 3569
3621 0 19 18 32814 3604
3621 0 48 36 32816 3576
3621 0 34 45 32816 3586
3621 0 6 54 32815 3582
3622 0 27 9 32820 3590
3622 1 14 25 32814 3580
3622 0 6 36 32814 3577
3622 0 61 45 32818 3603
3622 0 6 54 32815 3583
3623 0 58 9 32823 3570
3623 0 19 18 32814 3605
3623 0 48 36 32816 3577
3623 0 34 45 32816 3588
3623 0 6 54 32815 3584
3624 0 27 9 32820 3591
3624 1 48 31 32817 3567
3624 0 6 36 32814 3578
3624 1 42 43 32809 3612
3624 0 61 45 32818 3604
3624 0 6 54 32815 3585
3625 0 58 9 32823 3571
3625 0 19 18 32814 3606
3625 1 57 32 32824 3598
3625 0 24 36 32825 3581
3625 1 51 39 32813 3588
3625 0 13 45 32806 3588
3625 0 6 54 32815 3586
3626 0 27 9 32820 3592
3626 0 24 36 32825 3582
3626 0 61 45 32818 3605
3626 1 36 50 32812 3599
3626 0 6 54 32815 3587
3627 0 58 9 32823 3572
3627 0 19 18 32814 3607
3627 0 24 36 32825 3583
3627 0 13 45 32806 3589
3627 0 6 54 32815 3588
3627 1 7 56 32814 3550
3628 0 27 9 32820 3593
3628 0 24 36 32825 3584
3628 0 61 45 32818 3606
3629 0 27 9 32820 3594
3629 0 24 36 32825 3585
3629 0 13 45 32806 3590
3630 0 21 9 32823 3590
3630 1 20 18 32810 3610
3630 1 56 32 32827 3608
3630 0 24 36 32825 3586
3630 0 61 45 32818 3607
3630 0 42 54 32808 3597
3631 0 21 9 32823 3591
3631 0 24 36 32825 3587
3631 0 13 45 32806 3591
3631 0 42 54 32808 3598
3632 0 21 9 32823 3592
3632 0 24 36 32825 3588
3632 0 61 45 32818 3608
3632 0 42 54 32808 3599
3633 0 21 9 32823 3593
3633 0 24 36 32825 3589
3633 0 13 45 32806 3592
3633 0 42 54 32808 3600
3634 0 28 0 32805 3591
3634 0 21 9 32823 3594
3634 0 30 36 32805 3612
3634 0 61 45 32818 3609
3634 0 42 54 32808 3601
3635 0 28 0 32805 3592
3635 0 21 9 32823 3595
3635 0 24 36 32825 3590
3635 0 13 45 32806 3593
3635 0 42 54 32808 3602
3636 0 28 0 32805 3593
3636 0 21 9 32823 3596
3636 0 30 36 32805 3613
3636 0 61 45 32818 3610
3636 0 42 54 32808 3603
3637 0 4 0 32829 3610
3637 0 21 9 32823 3597
3637 0 30 36 32805 3614
3637 0 13 45 32806 3594
3637 0 42 54 32808 3604
3638 0 28 0 32805 3594
3638 0 21 9 32823 3598
3638 0 30 36 32805 3615
3638 0 13 45 32806 3595
3638 0 16 54 32817 3581
3639 0 4 0 32829 3611
3639 0 21 9 32823 3599
3639 0 30 36 32805 3616
3639 0 42 54 32808 3605
3640 0 28 0 32805 3595
3640 0 30 36 32805 3617
3640 0 13 45 32806 3596
3640 0 16 54 32817 3582
3641 0 4 0 32829 3612
3641 0 6 36 32816 3604
3641 0 13 45 32806 3597
3641 0 42 54 32808 3606
3642 0 28 0 32805 3596
3642 0 30 36 32805 3619
3642 0 16 54 32817 3583
3643 0 4 0 32829 3613
3643 0 6 36 32816 3605
3643 0 16 54 32817 3584
3644 0 28 0 32805 3597
3644 1 22 7 32818 3622
3644 0 30 36 32805 3620
3644 0 3 45 32818 3594
3644 1 35 51 32819 3627
3644 0 16 54 32817 3585
3645 0 4 0 32829 3614
3645 0 21 9 32824 3613
3645 0 21 18 32825 3623
3645 1 30 19 32806 3618
3645 0 6 36 32816 3606
3645 0 3 45 32818 3595
3645 0 16 54 32817 3586
3646 0 28 0 32805 3598
3646 0 21 9 32824 3614
3646 0 21 18 32825 3624
3646 0 30 36 32805 3621
3646 0 3 45 32818 3596
3646 0 16 54 32817 3587
3647 0 4 0 32829 3615
3647 0 21 9 32824 3615
3647 0 21 18 32825 3625
3647 0 6 36 32816 3607
3647 0 3 45 32818 3597
3647 0 16 54 32817 3588
3647 1 53 61 32811 3635
3647 0 33 63 32803 3592
3648 0 28 0 32805 3599
3648 0 21 9 32824 3616
3648 0 21 18 32825 3626
3648 0 13 27 32807 3621
3648 1 6 30 32817 3626
3648 0 30 36 32805 3622
3648 0 3 45 32818 3598
3648 0 16 54 32817 3589
3648 0 33 63 32803 3593
3649 0 4 0 32829 3616
3649 0 21 9 32824 3617
3649 0 21 18 32825 3627
3649 0 13 27 32807 3622
3649 0 6 36 32816 3608
3649 0 3 45 32818 3599
3649 0 16 54 32817 3590
3649 1 10 61 32815 3597
3649 0 33 63 32803 3594
3650 0 28 0 32805 3600
3650 0 44 9 32820 3608
3650 0 21 18 32825 3628
3650 0 13 27 32807 3623
3650 0 54 36 32817 3623
3650 0 3 45 32818 3600
3650 0 33 63 32803 3595
3651 0 4 0 32829 3617
3651 0 21 9 32824 3618
3651 0 21 18 32825 3629
3651 0 13 27 32807 3624
3651 0 6 36 32816 3609
3651 0 3 45 32818 3601
3651 0 33 63 32803 3596
3652 0 33 0 32804 3611
3652 0 44 9 32820 3609
3652 0 21 18 32825 3630
3652 0 13 27 32807 3625
3652 0 54 36 32817 3624
3652 1 54 43 32818 3625
3652 0 42 45 32810 3630
3652 0 33 63 32803 3597
3653 0 4 0 32829 3618
3653 0 21 9 32824 3619
3653 0 21 18 32825 3631
3653 0 13 27 32807 3626
3653 0 6 36 32816 3610
3653 0 3 45 32818 3602
3653 0 33 63 32803 3598
3654 0 33 0 32804 3612
3654 0 44 9 32820 3610
3654 0 21 18 32825 3632
3654 0 13 27 32807 3627
3654 0 54 36 32817 3626
3654 0 42 45 32810 3631
3654 0 33 63 32803 3599
3655 0 4 0 32829 3619
3655 0 21 9 32824 3620
3655 0 13 27 32807 3628
3655 0 6 36 32816 3611
3655 0 3 45 32818 3603
3655 0 33 63 32803 3600
3656 0 33 0 32804 3613
3656 0 44 9 32820 3611
3656 0 13 27 32807 3629
3656 0 54 36 32817 3627
3656 0 42 45 32810 3632
3656 0 33 63 32803 3601
3657 0 57 0 32823 3597
3657 0 21 9 32824 3621
3657 0 13 27 32807 3630
3657 0 6 36 32816 3612
3657 0 42 45 32810 3633
3658 0 33 0 32804 3614
3658 0 44 9 32820 3612
3658 0 54 36 32817 3628
3658 0 42 45 32810 3634
3659 0 57 0 32823 3599
3659 0 21 9 32824 3622
3659 0 6 36 32816 3613
3659 0 42 45 32810 3635
3660 0 33 0 32804 3615
3660 0 44 9 32820 3613
3660 0 54 36 32817 3629
3660 0 32 45 32819 3623
3661 0 57 0 32823 3600
3661 1 48 4 32818 3604
3661 0 44 9 32820 3614
3661 1 33 36 32805 3637
3661 1 45 44 32811 3649
3661 0 42 45 32810 3636
3662 0 33 0 32804 3616
3662 0 44 9 32820 3615
3662 0 35 18 32820 3640
3662 0 54 36 32817 3630
3662 0 32 45 32819 3624
3662 0 41 63 32814 3615
3663 0 57 0 32823 3601
3663 0 44 9 32820 3616
3663 0 35 18 32820 3641
3663 1 4 22 32830 3636
3663 0 0 27 32800 3626
3663 0 51 36 32814 3628
3663 0 42 45 32810 3637
3663 0 41 63 32814 3616
3664 0 33 0 32804 3617
3664 0 44 9 32820 3617
3664 0 35 18 32820 3642
3664 0 0 27 32800 3627
3664 0 54 36 32817 3631
3664 0 32 45 32819 3625
3664 0 41 63 32814 3617
3665 0 57 0 32823 3602
3665 0 35 18 32820 3643
3665 0 0 27 32800 3628
3665 0 51 36 32814 3629
3665 0 42 45 32810 3638
3665 0 41 63 32814 3618
3666 0 33 0 32804 3618
3666 0 35 18 32820 3644
3666 0 0 27 32800 3629
3666 0 54 36 32817 3632
3666 0 32 45 32819 3627
3666 0 41 63 32814 3619
3667 0 57 0 32823 3603
3667 0 35 18 32820 3645
3667 0 0 27 32800 3630
3667 0 51 36 32814 3630
3667 0 42 45 32810 3639
3667 0 41 63 32814 3620
3668 0 33 0 32804 3619
3668 0 35 18 32820 3646
3668 0 0 27 32800 3631
3668 0 54 36 32817 3633
3668 0 32 45 32819 3628
3668 0 5 63 32813 3616
3669 0 57 0 32823 3604
3669 0 35 18 32820 3647
3669 0 0 27 32800 3632
3669 0 51 36 32814 3631
3669 0 32 45 32819 3629
3669 0 41 63 32814 3621
3670 0 33 0 32804 3620
3670 0 35 18 32820 3648
3670 0 0 27 32800 3633
3670 0 51 36 32814 3632
3670 0 32 45 32819 3630
3670 0 5 63 32813 3617
3671 0 57 0 32823 3605
3671 0 35 18 32820 3649
3671 0 0 27 32800 3634
3671 1 62 33 32820 3624
3671 0 41 36 32815 3639
3671 0 32 45 32819 3631
3671 0 41 63 32814 3622
3672 0 57 0 32823 3606
3672 0 0 27 32800 3635
3672 0 51 36 32814 3633
3672 1 33 42 32806 3655
3672 0 32 45 32819 3632
3672 0 5 63 32813 3618
3673 0 37 0 32820 3601
3673 1 24 5 32826 3626
3673 1 32 13 32820 3626
3673 0 41 36 32815 3640
3673 0 32 45 32819 3633
3673 0 41 63 32814 3623
3674 0 57 0 32823 3607
3674 0 31 18 32805 3637
3674 0 51 36 32814 3634
3674 0 5 63 32813 3619
3675 0 37 0 32820 3602
3675 0 31 18 32805 3638
3675 0 41 36 32815 3641
3675 0 41 63 32814 3624
3676 0 37 0 32820 3603
3676 0 31 18 32805 3639
3676 0 14 27 32815 3644
3676 0 51 36 32814 3635
3676 0 5 63 32813 3620
3677 0 37 0 32820 3604
3677 0 31 18 32805 3640
3677 0 14 27 32815 3645
3677 0 41 36 32815 3642
3677 0 5 63 32813 3621
3678 0 37 0 32820 3605
3678 0 31 18 32805 3641
3678 1 50 25 32798 3651
3678 0 14 27 32815 3646
3678 0 51 36 32814 3636
3678 0 5 63 32813 3622
3679 0 37 0 32820 3606
3679 0 31 18 32805 3642
3679 0 14 27 32815 3647
3679 0 41 36 32815 3643
3679 0 18 45 32814 3642
3679 0 5 63 32813 3623
3680 0 37 0 32820 3607
3680 0 31 18 32805 3643
3680 0 14 27 32815 3648
3680 0 51 36 32814 3637
3680 0 18 45 32814 3643
3680 0 5 63 32813 3624
3681 0 37 0 32820 3608
3681 0 31 18 32805 3644
3681 1 56 24 32830 3654
3681 0 14 27 32815 3649
3681 1 3 29 32819 3649
3681 0 41 36 32815 3644
3681 0 18 45 32814 3644
3681 1 62 62 32821 3674
3681 0 5 63 32813 3625
3682 0 37 0 32820 3609
3682 0 13 18 32808 3655
3682 0 14 27 32815 3650
3682 0 41 36 32815 3645
3682 0 18 45 32814 3645
3682 0 42 63 32811 3640
3683 0 37 0 32820 3610
3683 0 31 18 32805 3645
3683 0 14 27 32815 3651
3683 0 56 36 32828 3633
3683 0 18 45 32814 3646
3683 0 42 63 32811 3641
3684 0 13 18 32808 3656
3684 0 14 27 32815 3652
3684 0 41 36 32815 3646
3684 0 53 45 32812 3672
3684 0 42 63 32811 3642
3685 0 44 0 32821 3627
3685 0 31 18 32805 3646
3685 0 14 27 32815 3653
3685 0 56 36 32828 3634
3685 0 18 45 32814 3647
3685 0 42 63 32811 3643
3686 0 9 0 32812 3669
3686 0 13 18 32808 3657
3686 0 41 36 32815 3647
3686 0 53 45 32812 3673
3686 0 42 63 32811 3644
3687 0 44 0 32821 3628
3687 1 55 13 32816 3645
3687 0 13 18 32808 3658
3687 0 56 36 32828 3635
3687 0 18 45 32814 3648
3687 0 42 63 32811 3645
3688 0 9 0 32812 3670
3688 0 13 18 32808 3659
3688 0 41 36 32815 3648
3688 0 53 45 32812 3674
3688 1 10 57 32816 3646
3688 0 42 63 32811 3646
3689 0 44 0 32821 3629
3689 0 13 18 32808 3660
3689 0 56 36 32828 3636
3689 0 18 45 32814 3649
3689 0 48 63 32819 3642
3690 0 9 0 32812 3671
3690 0 13 18 32808 3661
3690 0 56 36 32828 3637
3690 0 53 45 32812 3675
3690 0 40 54 32819 3645
3690 0 42 63 32811 3647
3691 0 44 0 32821 3630
3691 0 13 18 32808 3662
3691 0 60 36 32812 3659
3691 0 18 45 32814 3650
3691 0 40 54 32819 3646
3691 0 48 63 32819 3643
3692 0 9 0 32812 3672
3692 0 13 18 32808 3663
3692 0 56 36 32828 3638
3692 0 53 45 32812 3676
3692 0 40 54 32819 3647
3692 0 42 63 32811 3648
3693 0 44 0 32821 3631
3693 0 13 18 32808 3664
3693 0 60 36 32812 3660
3693 0 18 45 32814 3651
3693 0 40 54 32819 3648
3693 0 48 63 32819 3644
3694 0 9 0 32812 3673
3694 0 56 36 32828 3639
3694 0 53 45 32812 3677
3694 0 40 54 32819 3649
3694 0 42 63 32811 3649
3695 0 44 0 32821 3632
3695 1 55 15 32817 3663
3695 0 23 18 32823 3663
3695 0 60 36 32812 3661
3695 0 63 45 32817 3660
3695 0 40 54 32819 3650
3695 0 48 63 32819 3645
3696 0 9 0 32812 3674
3696 0 23 18 32823 3664
3696 0 56 27 32829 3653
3696 0 56 36 32828 3640
3696 0 53 45 32812 3678
3696 0 40 54 32819 3651
3696 0 48 63 32819 3646
3697 0 44 0 32821 3633
3697 0 23 18 32823 3665
3697 0 56 27 32829 3655
3697 0 60 36 32812 3662
3697 0 63 45 32817 3661
3697 0 40 54 32819 3652
3697 0 48 63 32819 3647
3698 0 9 0 32812 3675
3698 0 23 18 32823 3666
3698 0 56 27 32829 3656
3698 0 56 36 32828 3641
3698 0 53 45 32812 3679
3698 0 40 54 32819 3653
3698 0 48 63 32819 3648
3699 0 44 0 32821 3634
3699 0 23 18 32823 3667
3699 0 56 27 32829 3657
3699 0 60 36 32812 3663
3699 0 63 45 32817 3662
3699 0 40 54 32819 3654
3699 0 48 63 32819 3649
3700 0 9 0 32812 3676
3700 0 23 18 32823 3668
3700 0 50 27 32799 3673
3700 0 56 36 32828 3642
3700 0 53 45 32812 3680
3700 0 48 63 32819 3650
3701 0 44 0 32821 3635
3701 0 23 18 32823 3669
3701 0 56 27 32829 3658
3701 0 60 36 32812 3664
3701 1 49 40 32811 3684
3701 0 63 45 32817 3663
3701 0 48 63 32819 3651
3702 0 9 0 32812 3677
3702 0 23 18 32823 3670
3702 0 50 27 32799 3674
3702 1 32 35 32821 3680
3702 0 60 36 32812 3665
3702 0 53 45 32812 3681
3703 0 44 0 32821 3636
3703 0 23 18 32823 3671
3703 0 56 27 32829 3659
3703 0 60 36 32812 3666
3703 0 63 45 32817 3664
3704 0 9 0 32812 3678
3704 0 23 18 32823 3672
3704 0 50 27 32799 3675
3704 0 60 36 32812 3667
3704 0 31 45 32806 3675
3705 0 0 0 32801 3685
3705 0 56 27 32829 3660
3705 0 60 36 32812 3668
3705 0 63 45 32817 3665
3706 0 25 0 32813 3672
3706 0 50 27 32799 3676
3706 0 31 45 32806 3676
3707 0 0 0 32801 3686
3707 0 56 27 32829 3661
3707 0 63 45 32817 3666
3708 0 25 0 32813 3673
3708 0 50 27 32799 3677
3708 0 31 45 32806 3677
3709 0 0 0 32801 3687
3709 0 56 27 32829 3662
3709 1 40 43 32820 3687
3709 0 63 45 32817 3667
3710 0 25 0 32813 3674
3710 0 50 27 32799 3678
3710 0 31 45 32806 3678
3710 1 49 59 32812 3688
3711 0 0 0 32801 3688
3711 0 56 27 32829 3663
3711 0 63 45 32817 3668
3712 0 25 0 32813 3675
3712 0 50 27 32799 3679
3712 0 31 45 32806 3679
3713 0 0 0 32801 3689
3713 0 29 18 32808 3686
3713 1 38 20 32820 3686
3713 0 50 27 32799 3680
3713 0 63 45 32817 3669
3714 0 25 0 32813 3676
3714 0 7 9 32816 3672
3714 0 29 18 32808 3687
3714 0 50 27 32799 3681
3714 0 31 45 32806 3680
3715 0 0 0 32801 3690
3715 0 7 9 32816 3673
3715 0 29 18 32808 3688
3715 0 50 27 32799 3682
3715 1 57 31 32825 3658
3715 0 34 45 32817 3681
3716 0 25 0 32813 3677
3716 0 7 9 32816 3674
3716 0 29 18 32808 3689
3716 0 13 27 32809 3689
3716 0 31 45 32806 3681
3717 0 0 0 32801 3691
3717 0 7 9 32816 3675
3717 0 29 18 32808 3690
3717 0 13 27 32809 3690
3717 0 34 45 32817 3682
3717 0 63 63 32820 3710
3718 0 25 0 32813 3678
3718 0 7 9 32816 3676
3718 0 29 18 32808 3691
3718 0 63 27 32818 3671
3718 0 31 45 32806 3682
3718 0 63 63 32820 3711
3719 0 0 0 32801 3692
3719 0 7 9 32816 3677
3719 0 29 18 32808 3692
3719 0 13 27 32809 3691
3719 0 34 45 32817 3683
3719 0 63 63 32820 3712
3720 0 25 0 32813 3679
3720 0 7 9 32816 3678
3720 1 61 17 32819 3668
3720 0 29 18 32808 3693
3720 0 63 27 32818 3672
3720 0 31 45 32806 3683
3720 0 42 63 32812 3678
3721 0 0 0 32801 3704
3721 0 7 9 32816 3679
3721 0 29 18 32808 3694
3721 0 13 27 32809 3692
3721 0 38 36 32821 3704
3721 0 34 45 32817 3684
3721 0 63 63 32820 3713
3722 0 25 0 32813 3680
3722 0 7 9 32816 3680
3722 0 29 18 32808 3695
3722 0 63 27 32818 3673
3722 0 38 36 32821 3705
3722 0 31 45 32806 3684
3722 0 42 63 32812 3679
3723 0 0 0 32801 3706
3723 1 22 4 32819 3696
3723 0 7 9 32816 3681
3723 0 13 27 32809 3693
3723 0 38 36 32821 3706
3723 0 34 45 32817 3685
3723 0 63 63 32820 3714
3724 0 25 0 32813 3681
3724 0 63 27 32818 3674
3724 0 38 36 32821 3707
3724 0 34 45 32817 3686
3724 0 42 63 32812 3680
3725 0 23 0 32822 3653
3725 0 13 27 32809 3694
3725 0 38 36 32821 3708
3725 1 9 45 32813 3668
3725 0 63 63 32820 3715
3726 0 23 0 32822 3654
3726 1 7 4 32818 3704
3726 0 63 27 32818 3675
3726 0 38 36 32821 3709
3726 0 34 45 32817 3687
3726 0 42 63 32812 3681
3727 0 23 0 32822 3655
3727 0 13 27 32809 3695
3727 0 38 36 32821 3710
3727 0 34 45 32817 3688
3727 0 63 63 32820 3716
3728 0 23 0 32822 3656
3728 0 63 27 32818 3676
3728 0 38 36 32821 3711
3728 0 14 45 32816 3684
3728 0 42 63 32812 3682
3729 0 23 0 32822 3657
3729 0 13 27 32809 3696
3729 0 50 36 32801 3702
3729 0 34 45 32817 3689
3729 0 63 63 32820 3717
3730 0 23 0 32822 3658
3730 0 63 27 32818 3677
3730 0 38 36 32821 3712
3730 0 14 45 32816 3685
3730 1 7 48 32815 3658
3730 0 42 63 32812 3683
3731 0 23 0 32822 3659
3731 0 13 27 32809 3697
3731 0 50 36 32801 3703
3731 0 34 45 32817 3690
3731 0 63 63 32820 3718
3732 0 23 0 32822 3660
3732 0 63 27 32818 3678
3732 0 38 36 32821 3713
3732 0 14 45 32816 3686
3732 0 42 63 32812 3684
3733 0 23 0 32822 3661
3733 0 13 27 32809 3698
3733 1 30 33 32807 3696
3733 0 50 36 32801 3704
3733 0 14 45 32816 3687
3733 0 63 63 32820 3719
3734 0 23 0 32822 3662
3734 1 58 22 32825 3682
3734 0 63 27 32818 3679
3734 0 50 36 32801 3705
3734 0 41 45 32816 3707
3734 0 42 63 32812 3685
3735 0 63 27 32818 3680
3735 0 50 36 32801 3706
3735 0 14 45 32816 3688
3735 0 56 63 32831 3684
3736 1 28 6 32806 3704
3736 0 50 36 32801 3707
3736 0 41 45 32816 3708
3736 0 42 63 32812 3686
3737 1 21 3 32826 3710
3737 1 50 13 32800 3690
3737 0 50 36 32801 3708
3737 0 14 45 32816 3689
3737 1 20 47 32811 3690
3737 0 56 63 32831 3685
3738 0 34 0 32818 3701
3738 1 24 9 32827 3716
3738 1 18 20 32815 3721
3738 1 26 36 32813 3716
3738 0 41 45 32816 3709
3738 0 42 63 32812 3687
3739 0 34 0 32818 3702
3739 0 47 18 32820 3692
3739 0 50 36 32801 3709
3739 0 14 45 32816 3690
3739 0 56 63 32831 3686
3740 0 34 0 32818 3703
3740 0 47 18 32820 3693
3740 0 50 36 32801 3710
3740 0 41 45 32816 3710
3740 0 2 63 32801 3661
3741 0 34 0 32818 3704
3741 0 47 18 32820 3694
3741 0 50 36 32801 3711
3741 0 14 45 32816 3691
3741 0 27 54 32821 3704
3741 0 56 63 32831 3687
3742 0 34 0 32818 3705
3742 0 47 18 32820 3695
3742 1 63 36 32819 3705
3742 0 41 45 32816 3711
3742 0 27 54 32821 3705
3742 0 2 63 32801 3662
3743 0 34 0 32818 3706
3743 0 47 18 32820 3696
3743 0 14 45 32816 3692
3743 0 27 54 32821 3706
3743 0 56 63 32831 3688
3744 0 34 0 32818 3707
3744 0 47 18 32820 3697
3744 0 49 36 32813 3706
3744 0 41 45 32816 3712
3744 0 22 54 32820 3717
3744 0 2 63 32801 3663
3745 0 34 0 32818 3708
3745 0 47 18 32820 3698
3745 0 49 36 32813 3707
3745 0 14 45 32816 3693
3745 0 27 54 32821 3707
3745 0 56 63 32831 3689
3746 0 34 0 32818 3709
3746 0 51 18 32815 3714
3746 0 49 36 32813 3708
3746 0 41 45 32816 3713
3746 0 22 54 32820 3718
3746 0 2 63 32801 3664
3747 0 34 0 32818 3710
3747 0 47 18 32820 3699
3747 0 49 36 32813 3709
3747 0 7 45 32817 3684
3747 0 27 54 32821 3708
3747 0 56 63 32831 3690
3748 1 26 8 32814 3721
3748 0 51 18 32815 3715
3748 0 10 36 32817 3716
3748 1 37 43 32821 3726
3748 0 41 45 32816 3714
3748 0 22 54 32820 3719
3748 0 2 63 32801 3665
3749 0 47 18 32820 3700
3749 0 49 36 32813 3710
3749 0 7 45 32817 3685
3749 0 27 54 32821 3709
3749 0 56 63 32831 3691
3750 0 5 9 32814 3718
3750 0 51 18 32815 3716
3750 0 10 36 32817 3717
3750 0 41 45 32816 3715
3750 0 22 54 32820 3720
3750 0 2 63 32801 3666
3751 0 5 9 32814 3719
3751 0 47 18 32820 3701
3751 0 49 36 32813 3711
3751 0 7 45 32817 3686
3751 0 27 54 32821 3710
3751 0 56 63 32831 3692
3752 0 5 9 32814 3720
3752 0 51 18 32815 3717
3752 0 10 36 32817 3718
3752 0 41 45 32816 3716
3752 0 22 54 32820 3721
3752 0 2 63 32801 3667
3753 0 5 9 32814 3721
3753 0 51 18 32815 3718
3753 0 49 36 32813 3712
3753 0 7 45 32817 3687
3753 0 27 54 32821 3711
3753 0 56 63 32831 3693
3754 0 54 9 32819 3697
3754 1 34 14 32819 3712
3754 0 51 18 32815 3719
3754 0 10 36 32817 3719
3754 0 48 45 32820 3700
3754 0 22 54 32820 3722
3754 0 2 63 32801 3668
3755 0 5 9 32814 3722
3755 0 51 18 32815 3720
3755 0 7 27 32819 3713
3755 0 49 36 32813 3713
3755 0 7 45 32817 3688
3755 0 27 54 32821 3712
3755 0 15 63 32815 3698
3756 0 54 9 32819 3698
3756 0 51 18 32815 3721
3756 0 7 27 32819 3714
3756 0 10 36 32817 3720
3756 0 48 45 32820 3701
3756 0 22 54 32820 3723
3756 0 2 63 32801 3669
3757 0 5 9 32814 3723
3757 0 51 18 32815 3722
3757 0 7 27 32819 3715
3757 0 49 36 32813 3714
3757 1 9 41 32814 3730
3757 0 7 45 32817 3689
3757 0 27 54 32821 3713
3757 0 15 63 32815 3699
3758 0 54 9 32819 3699
3758 0 51 18 32815 3723
3758 0 7 27 32819 3716
3758 0 10 36 32817 3721
3758 0 48 45 32820 3702
3758 0 22 54 32820 3724
3758 0 2 63 32801 3670
3759 0 5 9 32814 3724
3759 0 7 27 32819 3717
3759 0 49 36 32813 3715
3759 0 7 45 32817 3690
3759 0 22 54 32820 3725
3759 0 15 63 32815 3700
3760 0 54 9 32819 3700
3760 0 7 27 32819 3718
3760 0 10 36 32817 3722
3760 0 48 45 32820 3703
3760 0 38 54 32822 3733
3760 0 15 63 32815 3701
3761 0 5 9 32814 3725
3761 0 7 27 32819 3719
3761 0 16 36 32818 3722
3761 0 7 45 32817 3691
3761 0 22 54 32820 3726
3761 0 3 63 32821 3694
3762 0 54 9 32819 3701
3762 0 7 27 32819 3720
3762 0 10 36 32817 3723
3762 0 48 45 32820 3704
3762 0 38 54 32822 3734
3762 0 15 63 32815 3702
3763 0 5 9 32814 3726
3763 0 16 36 32818 3723
3763 0 7 45 32817 3692
3763 0 38 54 32822 3735
3763 0 3 63 32821 3695
3764 1 16 1 32819 3742
3764 0 54 9 32819 3702
3764 0 7 27 32819 3721
3764 0 10 36 32817 3724
3764 0 48 45 32820 3705
3764 1 17 54 32811 3703
3764 0 15 63 32815 3703
3765 0 5 9 32814 3727
3765 0 16 36 32818 3724
3765 0 7 45 32817 3693
3765 0 38 54 32822 3736
3765 0 3 63 32821 3696
3766 0 54 9 32819 3703
3766 1 22 14 32821 3754
3766 0 7 27 32819 3722
3766 0 10 36 32817 3725
3766 0 48 45 32820 3706
3766 0 38 54 32822 3737
3766 0 15 63 32815 3704
3767 0 54 9 32819 3704
3767 0 16 36 32818 3725
3767 0 59 45 32821 3714
3767 0 40 54 32821 3725
3767 0 3 63 32821 3697
3768 0 54 9 32819 3705
3768 0 57 18 32826 3731
3768 0 16 36 32818 3726
3768 0 48 45 32820 3707
3768 0 38 54 32822 3738
3768 0 15 63 32815 3705
3769 0 54 9 32819 3706
3769 0 57 18 32826 3732
3769 0 16 36 32818 3727
3769 0 59 45 32821 3715
3769 0 40 54 32821 3726
3769 0 3 63 32821 3698
3770 0 57 18 32826 3733
3770 0 16 36 32818 3728
3770 0 48 45 32820 3708
3770 1 42 47 32813 3738
3770 0 38 54 32822 3739
3770 0 15 63 32815 3706
3771 0 1 0 32809 3759
3771 0 57 18 32826 3734
3771 1 45 26 32812 3739
3771 0 16 36 32818 3729
3771 0 59 45 32821 3716
3771 0 40 54 32821 3727
3771 1 54 55 32820 3759
3771 0 3 63 32821 3699
3772 0 1 0 32809 3760
3772 0 57 18 32826 3735
3772 1 27 28 32822 3760
3772 0 16 36 32818 3730
3772 0 48 45 32820 3709
3772 0 38 54 32822 3740
3772 0 15 63 32815 3707
3773 0 1 0 32809 3761
3773 0 57 18 32826 3736
3773 0 16 36 32818 3731
3773 0 59 45 32821 3717
3773 0 40 54 32821 3728
3773 0 3 63 32821 3700
3774 0 1 0 32809 3762
3774 0 55 9 32818 3708
3774 0 57 18 32826 3737
3774 0 3 45 32820 3684
3774 0 38 54 32822 3748
3774 0 3 63 32821 3701
3775 0 1 0 32809 3763
3775 0 55 9 32818 3709
3775 0 57 18 32826 3738
3775 0 40 54 32821 3729
3775 0 3 63 32821 3702
3776 0 1 0 32809 3764
3776 0 51 9 32816 3734
3776 0 57 18 32826 3739
3776 0 55 27 32819 3734
3776 0 59 45 32821 3718
3776 0 38 54 32822 3750
3776 0 3 63 32821 3703
3777 0 1 0 32809 3765
3777 0 55 9 32818 3710
3777 0 57 18 32826 3740
3777 0 55 27 32819 3735
3777 1 2 43 32802 3740
3777 0 3 45 32820 3685
3777 0 40 54 32821 3730
3778 0 1 0 32809 3766
3778 0 51 9 32816 3735
3778 0 63 27 32821 3731
3778 0 53 36 32813 3755
3778 0 59 45 32821 3719
3778 0 40 54 32821 3731
3779 0 1 0 32809 3767
3779 0 55 9 32818 3711
3779 0 55 27 32819 3736
3779 0 53 36 32813 3756
3779 0 3 45 32820 3686
3779 0 40 54 32821 3732
3780 0 1 0 32809 3768
3780 0 51 9 32816 3736
3780 0 63 27 32821 3732
3780 0 53 36 32813 3757
3780 0 59 45 32821 3720
3780 0 40 54 32821 3733
3780 0 56 63 32832 3738
3781 0 8 0 32813 3769
3781 0 55 9 32818 3712
3781 0 55 27 32819 3737
3781 0 53 36 32813 3758
3781 0 3 45 32820 3687
3781 0 40 54 32821 3734
3781 0 56 63 32832 3739
3782 0 8 0 32813 3770
3782 0 51 9 32816 3737
3782 0 63 27 32821 3733
3782 0 53 36 32813 3759
3782 1 21 44 32827 3754
3782 0 59 45 32821 3721
3782 0 56 63 32832 3740
3783 0 8 0 32813 3771
3783 0 55 9 32818 3713
3783 0 55 27 32819 3738
3783 0 3 45 32820 3688
3783 0 56 63 32832 3741
3784 0 8 0 32813 3772
3784 0 51 9 32816 3738
3784 0 63 27 32821 3734
3784 0 53 36 32813 3760
3784 0 59 45 32821 3722
3784 1 26 52 32815 3752
3784 0 56 63 32832 3742
3785 0 8 0 32813 3773
3785 0 55 9 32818 3714
3785 0 21 18 32828 3763
3785 0 55 27 32819 3739
3785 0 3 45 32820 3689
3785 0 56 63 32832 3743
3786 0 8 0 32813 3774
3786 0 51 9 32816 3739
3786 0 21 18 32828 3764
3786 0 63 27 32821 3735
3786 0 53 36 32813 3761
3786 0 59 45 32821 3723
3786 0 56 63 32832 3744
3787 0 8 0 32813 3775
3787 0 55 9 32818 3715
3787 0 21 18 32828 3765
3787 0 55 27 32819 3740
3787 0 3 45 32820 3690
3787 0 56 63 32832 3745
3788 0 8 0 32813 3776
3788 0 51 9 32816 3740
3788 0 21 18 32828 3766
3788 0 63 27 32821 3736
3788 0 53 36 32813 3762
3788 0 26 45 32812 3714
3788 0 56 63 32832 3746
3789 0 8 0 32813 3777
3789 0 55 9 32818 3716
3789 0 21 18 32828 3767
3789 0 55 27 32819 3741
3789 0 3 45 32820 3691
3789 0 56 63 32832 3747
3790 0 42 0 32814 3748
3790 0 51 9 32816 3741
3790 0 17 18 32813 3778
3790 0 63 27 32821 3737
3790 0 53 36 32813 3763
3790 0 26 45 32812 3715
3791 0 8 0 32813 3778
3791 0 55 9 32818 3717
3791 0 21 18 32828 3768
3791 0 55 27 32819 3742
3791 0 53 36 32813 3764
3791 0 3 45 32820 3692
3792 0 42 0 32814 3749
3792 0 51 9 32816 3742
3792 0 17 18 32813 3779
3792 0 63 27 32821 3738
3792 0 26 45 32812 3717
3793 0 42 0 32814 3750
3793 0 51 9 32816 3743
3793 0 21 18 32828 3769
3793 0 55 27 32819 3743
3793 0 3 45 32820 3693
3794 0 48 0 32821 3756
3794 0 17 18 32813 3780
3794 0 63 27 32821 3739
3794 0 26 45 32812 3718
3795 0 42 0 32814 3751
3795 1 60 13 32813 3727
3795 0 21 18 32828 3770
3795 0 17 27 32812 3757
3795 0 26 45 32812 3719
3796 0 48 0 32821 3757
3796 0 17 18 32813 3781
3796 0 63 27 32821 3740
3796 0 36 45 32813 3768
3797 0 42 0 32814 3752
3797 0 21 18 32828 3771
3797 0 17 27 32812 3758
3797 1 5 35 32815 3760
3797 0 26 45 32812 3720
3797 0 12 54 32810 3755
3798 0 48 0 32821 3758
3798 0 17 18 32813 3782
3798 0 17 27 32812 3759
3798 0 36 45 32813 3769
3798 0 12 54 32810 3756
3799 0 42 0 32814 3753
3799 0 21 18 32828 3772
3799 0 17 27 32812 3760
3799 0 26 45 32812 3722
3799 0 12 54 32810 3757
3800 0 48 0 32821 3759
3800 0 17 18 32813 3783
3800 0 17 27 32812 3761
3800 0 36 45 32813 3770
3800 0 12 54 32810 3758
3801 0 42 0 32814 3754
3801 0 17 18 32813 3784
3801 0 17 27 32812 3762
3801 0 26 45 32812 3723
3801 0 12 54 32810 3759
3802 0 48 0 32821 3760
3802 0 17 18 32813 3785
3802 0 17 27 32812 3763
3802 0 36 45 32813 3771
3802 0 12 54 32810 3760
3803 0 42 0 32814 3755
3803 0 17 18 32813 3786
3803 0 17 27 32812 3764
3803 0 26 45 32812 3724
3803 0 12 54 32810 3761
3804 0 48 0 32821 3761
3804 0 17 18 32813 3787
3804 0 17 27 32812 3765
3804 0 36 45 32813 3772
3804 0 12 54 32810 3762
3805 0 42 0 32814 3756
3805 0 17 27 32812 3766
3805 0 26 45 32812 3725
3805 0 58 54 32826 3773
3806 0 48 0 32821 3762
3806 0 36 45 32813 3773
3806 0 12 54 32810 3763
3807 0 42 0 32814 3757
3807 0 40 18 32822 3775
3807 0 41 45 32817 3770
3807 0 58 54 32826 3774
3808 0 48 0 32821 3763
3808 0 40 18 32822 3776
3808 0 10 36 32818 3776
3808 0 36 45 32813 3774
3808 0 12 54 32810 3764
3809 0 48 0 32821 3764
3809 0 48 9 32822 3772
3809 0 40 18 32822 3777
3809 0 10 36 32818 3777
3809 0 41 45 32817 3771
3809 1 59 49 32822 3787
3809 0 58 54 32826 3775
3810 0 48 0 32821 3765
3810 0 48 9 32822 3773
3810 0 40 18 32822 3778
3810 0 37 36 32823 3798
3810 0 36 45 32813 3775
3810 0 38 54 32823 3789
3811 0 25 0 32815 3772
3811 0 48 9 32822 3774
3811 0 40 18 32822 3779
3811 0 10 36 32818 3778
3811 0 41 45 32817 3772
3811 0 58 54 32826 3776
3812 0 25 0 32815 3773
3812 0 48 9 32822 3775
3812 0 40 18 32822 3780
3812 0 37 36 32823 3799
3812 0 36 45 32813 3776
3812 0 38 54 32823 3790
3813 0 25 0 32815 3774
3813 0 48 9 32822 3776
3813 0 40 18 32822 3781
3813 0 1 27 32811 3781
3813 0 41 45 32817 3773
3813 0 58 54 32826 3777
3814 0 25 0 32815 3775
3814 0 48 9 32822 3777
3814 0 40 18 32822 3782
3814 0 1 27 32811 3782
3814 0 10 36 32818 3779
3814 0 36 45 32813 3777
3814 0 38 54 32823 3791
3815 0 25 0 32815 3776
3815 0 48 9 32822 3778
3815 0 40 18 32822 3783
3815 0 1 27 32811 3783
3815 0 37 36 32823 3800
3815 0 41 45 32817 3774
3815 0 58 54 32826 3778
3816 0 55 0 32820 3744
3816 0 48 9 32822 3779
3816 0 40 18 32822 3784
3816 0 1 27 32811 3784
3816 1 3 31 32822 3774
3816 0 10 36 32818 3780
3816 0 13 45 32810 3729
3816 0 38 54 32823 3792
3817 0 25 0 32815 3777
3817 0 48 9 32822 3780
3817 0 6 18 32819 3780
3817 0 1 27 32811 3785
3817 0 37 36 32823 3801
3817 0 58 54 32826 3779
3818 0 55 0 32820 3745
3818 1 32 15 32822 3761
3818 0 6 18 32819 3781
3818 0 1 27 32811 3786
3818 0 10 36 32818 3781
3818 1 40 41 32824 3806
3818 1 24 44 32828 3769
3818 0 41 45 32817 3775
3818 0 38 54 32823 3793
3819 0 25 0 32815 3778
3819 0 10 9 32819 3807
3819 0 6 18 32819 3782
3819 0 1 27 32811 3787
3819 0 37 36 32823 3802
3819 0 13 45 32810 3730
3819 0 58 54 32826 3780
3820 0 55 0 32820 3746
3820 0 48 9 32822 3781
3820 0 6 18 32819 3783
3820 0 1 27 32811 3788
3820 0 10 36 32818 3782
3820 0 41 45 32817 3776
3820 1 25 51 32816 3788
3820 0 38 54 32823 3794
3821 0 25 0 32815 3779
3821 0 10 9 32819 3808
3821 0 6 18 32819 3784
3821 0 1 27 32811 3789
3821 0 37 36 32823 3803
3821 0 13 45 32810 3731
3821 0 58 54 32826 3781
3822 0 55 0 32820 3747
3822 0 37 9 32822 3777
3822 0 1 18 32812 3800
3822 0 1 27 32811 3790
3822 0 10 36 32818 3783
3822 0 41 45 32817 3777
3822 0 38 54 32823 3795
3823 0 25 0 32815 3780
3823 1 33 1 32807 3796
3823 0 10 9 32819 3809
3823 0 6 18 32819 3785
3823 0 37 36 32823 3804
3823 0 13 45 32810 3732
3823 0 58 54 32826 3782
3824 0 55 0 32820 3748
3824 0 37 9 32822 3778
3824 1 8 16 32815 3812
3824 0 1 18 32812 3801
3824 0 10 36 32818 3784
3824 0 41 45 32817 3778
3824 0 38 54 32823 3796
3825 0 25 0 32815 3781
3825 0 10 9 32819 3810
3825 0 6 18 32819 3786
3825 0 37 36 32823 3805
3825 0 13 45 32810 3733
3825 0 6 54 32818 3770
3826 0 55 0 32820 3749
3826 0 37 9 32822 3779
3826 0 1 18 32812 3802
3826 0 10 36 32818 3785
3826 0 41 45 32817 3779
3826 0 38 54 32823 3797
3827 0 55 0 32820 3750
3827 0 10 9 32819 3811
3827 0 6 18 32819 3787
3827 0 37 36 32823 3806
3827 0 13 45 32810 3734
3827 0 6 54 32818 3771
3828 0 55 0 32820 3751
3828 0 37 9 32822 3780
3828 0 1 18 32812 3803
3828 0 53 36 32815 3805
3828 0 57 45 32827 3785
3828 0 38 54 32823 3798
3829 0 55 0 32820 3752
3829 0 10 9 32819 3812
3829 0 6 18 32819 3788
3829 0 37 36 32823 3807
3829 0 13 45 32810 3735
3829 0 6 54 32818 3772
3829 0 18 63 32816 3772
3830 0 55 0 32820 3753
3830 0 37 9 32822 3781
3830 1 47 11 32821 3783
3830 0 1 18 32812 3804
3830 0 53 36 32815 3806
3830 0 57 45 32827 3786
3830 0 6 54 32818 3773
3830 0 18 63 32816 3773
3831 0 10 9 32819 3813
3831 0 6 18 32819 3789
3831 0 43 36 32822 3813
3831 0 13 45 32810 3736
3831 0 21 54 32829 3784
3831 0 18 63 32816 3774
3832 0 37 9 32822 3782
3832 0 1 18 32812 3805
3832 0 53 36 32815 3807
3832 0 57 45 32827 3787
3832 0 6 54 32818 3774
3832 0 18 63 32816 3775
3833 0 10 9 32819 3814
3833 0 60 18 32814 3789
3833 0 43 36 32822 3814
3833 0 13 45 32810 3737
3833 0 21 54 32829 3785
3833 0 18 63 32816 3776
3834 0 37 9 32822 3783
3834 0 53 36 32815 3808
3834 0 57 45 32827 3788
3834 0 6 54 32818 3775
3834 0 18 63 32816 3777
3835 0 10 9 32819 3815
3835 0 1 18 32812 3806
3835 0 43 36 32822 3815
3835 0 13 45 32810 3738
3835 0 21 54 32829 3786
3835 0 18 63 32816 3778
3836 0 37 9 32822 3784
3836 0 60 18 32814 3791
3836 0 53 36 32815 3809
3836 0 57 45 32827 3789
3836 0 6 54 32818 3776
3836 0 18 63 32816 3779
3837 0 10 9 32819 3816
3837 0 1 18 32812 3807
3837 0 43 36 32822 3816
3837 0 52 45 32821 3796
3837 0 21 54 32829 3787
3837 0 40 63 32823 3785
3838 0 37 9 32822 3785
3838 0 60 18 32814 3792
3838 0 53 36 32815 3810
3838 0 57 45 32827 3790
3838 0 6 54 32818 3777
3838 0 18 63 32816 3780
3839 1 8 9 32814 3807
3839 0 1 18 32812 3808
3839 0 10 27 32820 3817
3839 0 43 36 32822 3817
3839 0 52 45 32821 3797
3839 0 21 54 32829 3788
3839 0 40 63 32823 3786
3840 0 37 9 32822 3786
3840 0 60 18 32814 3793
3840 0 10 27 32820 3818
3840 0 53 36 32815 3811
3840 0 57 45 32827 3791
3840 0 6 54 32818 3778
3840 0 18 63 32816 3781
3841 0 20 9 32813 3802
3841 0 1 18 32812 3809
3841 0 10 27 32820 3819
3841 0 43 36 32822 3818
3841 0 52 45 32821 3798
3841 0 21 54 32829 3789
3841 0 40 63 32823 3787
3842 0 20 9 32813 3803
3842 1 60 16 32815 3790
3842 0 60 18 32814 3794
3842 0 10 27 32820 3820
3842 0 53 36 32815 3812
3842 0 57 45 32827 3792
3842 0 6 54 32818 3779
3842 0 40 63 32823 3788
3843 0 20 9 32813 3804
3843 0 25 18 32817 3819
3843 0 10 27 32820 3821
3843 0 43 36 32822 3819
3843 0 52 45 32821 3799
3843 0 21 54 32829 3790
3843 0 32 63 32823 3786
3844 0 20 9 32813 3805
3844 0 60 18 32814 3795
3844 0 10 27 32820 3822
3844 0 53 36 32815 3813
3844 1 24 42 32829 3817
3844 0 57 45 32827 3793
3844 0 21 54 32829 3791
3844 0 40 63 32823 3789
3845 1 2 3 32804 3833
3845 0 20 9 32813 3806
3845 0 25 18 32817 3820
3845 0 10 27 32820 3823
3845 0 43 36 32822 3820
3845 0 52 45 32821 3800
3845 0 39 54 32820 3808
3845 0 32 63 32823 3787
3846 0 20 9 32813 3807
3846 0 60 18 32814 3796
3846 0 10 27 32820 3824
3846 0 53 36 32815 3814
3846 0 57 45 32827 3794
3846 1 61 52 32820 3829
3846 0 21 54 32829 3792
3846 0 40 63 32823 3790
3847 0 53 9 32814 3795
3847 0 25 18 32817 3821
3847 0 10 27 32820 3825
3847 0 43 36 32822 3821
3847 0 52 45 32821 3801
3847 0 39 54 32820 3809
3847 0 32 63 32823 3788
3848 0 20 9 32813 3808
3848 0 60 18 32814 3797
3848 0 10 27 32820 3826
3848 0 26 36 32816 3819
3848 0 15 45 32816 3720
3848 0 21 54 32829 3793
3848 0 40 63 32823 3791
3849 0 53 9 32814 3796
3849 0 25 18 32817 3822
3849 0 43 36 32822 3822
3849 1 7 42 32820 3788
3849 1 36 44 32814 3837
3849 0 52 45 32821 3802
3849 0 39 54 32820 3810
3849 0 32 63 32823 3789
3850 0 20 9 32813 3809
3850 0 60 18 32814 3798
3850 0 26 36 32816 3820
3850 0 15 45 32816 3721
3850 0 39 54 32820 3811
3850 0 40 63 32823 3792
3851 0 53 9 32814 3797
3851 0 25 18 32817 3823
3851 0 11 36 32816 3815
3851 0 52 45 32821 3803
3851 0 41 54 32818 3798
3851 0 32 63 32823 3790
3852 0 20 9 32813 3810
3852 0 60 18 32814 3799
3852 0 26 36 32816 3821
3852 0 15 45 32816 3722
3852 0 39 54 32820 3812
3852 0 40 63 32823 3793
3853 0 53 9 32814 3798
3853 1 20 17 32814 3831
3853 0 25 18 32817 3824
3853 0 11 36 32816 3816
3853 0 52 45 32821 3804
3853 0 41 54 32818 3799
3853 0 32 63 32823 3791
3854 0 20 9 32813 3811
3854 0 9 18 32815 3835
3854 0 26 36 32816 3822
3854 0 15 45 32816 3723
3854 0 39 54 32820 3813
3854 0 40 63 32823 3794
3855 0 53 9 32814 3799
3855 0 25 18 32817 3825
3855 0 11 36 32816 3817
3855 0 52 45 32821 3805
3855 0 41 54 32818 3800
3855 1 48 56 32823 3843
3855 0 32 63 32823 3792
3856 0 53 9 32814 3800
3856 0 9 18 32815 3836
3856 0 26 36 32816 3823
3856 0 15 45 32816 3724
3856 0 39 54 32820 3814
3856 0 32 63 32823 3793
3857 0 53 9 32814 3801
3857 1 39 17 32819 3802
3857 0 25 18 32817 3826
3857 0 11 36 32816 3818
3857 0 25 45 32814 3756
3857 0 41 54 32818 3801
3857 0 14 63 32817 3805
3858 0 53 9 32814 3802
3858 0 9 18 32815 3837
3858 0 26 36 32816 3824
3858 0 15 45 32816 3725
3858 0 39 54 32820 3815
3858 0 32 63 32823 3794
3859 0 53 9 32814 3803
3859 0 25 18 32817 3827
3859 0 11 36 32816 3819
3859 0 25 45 32814 3757
3859 0 41 54 32818 3802
3859 0 14 63 32817 3806
3860 0 13 0 32811 3823
3860 0 53 9 32814 3804
3860 0 9 18 32815 3838
3860 0 26 36 32816 3825
3860 0 15 45 32816 3726
3860 0 39 54 32820 3816
3860 0 32 63 32823 3795
3861 0 13 0 32811 3825
3861 0 25 18 32817 3828
3861 0 11 36 32816 3820
3861 0 25 45 32814 3758
3861 0 41 54 32818 3803
3861 0 14 63 32817 3807
3862 0 9 0 32816 3845
3862 0 9 18 32815 3839
3862 0 26 36 32816 3826
3862 0 15 45 32816 3727
3862 0 39 54 32820 3817
3862 0 14 63 32817 3808
3863 0 13 0 32811 3826
3863 0 46 18 32814 3809
3863 0 11 36 32816 3821
3863 0 25 45 32814 3759
3863 0 41 54 32818 3804
3863 0 14 63 32817 3809
3864 0 9 0 32816 3846
3864 0 9 18 32815 3840
3864 0 26 36 32816 3827
3864 0 15 45 32816 3728
3864 0 58 54 32827 3824
3864 0 5 63 32817 3807
3865 0 13 0 32811 3827
3865 0 46 18 32814 3810
3865 0 11 36 32816 3822
3865 0 25 45 32814 3760
3865 0 41 54 32818 3805
3865 0 14 63 32817 3810
3866 0 9 0 32816 3847
3866 1 31 17 32807 3824
3866 0 9 18 32815 3841
3866 0 26 36 32816 3828
3866 1 20 37 32812 3764
3866 0 15 45 32816 3729
3866 0 58 54 32827 3825
3866 0 5 63 32817 3808
3867 0 13 0 32811 3828
3867 0 51 9 32817 3825
3867 0 46 18 32814 3811
3867 0 11 36 32816 3823
3867 0 25 45 32814 3761
3867 0 41 54 32818 3806
3867 0 14 63 32817 3811
3868 0 9 0 32816 3848
3868 0 51 9 32817 3826
3868 0 9 18 32815 3842
3868 0 33 36 32808 3827
3868 0 40 45 32825 3829
3868 0 58 54 32827 3826
3868 0 5 63 32817 3809
3869 0 13 0 32811 3829
3869 0 51 9 32817 3827
3869 0 46 18 32814 3812
3869 0 11 36 32816 3824
3869 0 25 45 32814 3762
3869 0 41 54 32818 3807
3869 0 14 63 32817 3812
3870 0 9 0 32816 3849
3870 0 51 9 32817 3828
3870 0 9 18 32815 3843
3870 0 33 36 32808 3828
3870 0 40 45 32825 3830
3870 0 58 54 32827 3827
3870 0 5 63 32817 3810
3871 0 13 0 32811 3830
3871 0 51 9 32817 3829
3871 0 46 18 32814 3813
3871 0 33 36 32808 3829
3871 0 25 45 32814 3763
3871 0 52 54 32822 3849
3871 0 14 63 32817 3813
3872 0 9 0 32816 3850
3872 0 51 9 32817 3830
3872 0 9 18 32815 3844
3872 0 33 36 32808 3830
3872 0 40 45 32825 3831
3872 0 58 54 32827 3828
3872 0 5 63 32817 3811
3873 0 13 0 32811 3831
3873 0 51 9 32817 3831
3873 0 46 18 32814 3814
3873 0 33 36 32808 3831
3873 0 25 45 32814 3764
3873 0 52 54 32822 3850
3873 0 14 63 32817 3814
3874 0 9 0 32816 3851
3874 1 54 2 32821 3813
3874 0 51 9 32817 3832
3874 0 49 18 32815 3837
3874 0 33 36 32808 3832
3874 0 40 45 32825 3832
3874 0 58 54 32827 3829
3874 0 5 63 32817 3812
3875 0 13 0 32811 3832
3875 0 51 9 32817 3833
3875 0 46 18 32814 3815
3875 0 33 36 32808 3833
3875 0 25 45 32814 3765
3875 0 52 54 32822 3851
3875 0 5 63 32817 3813
3876 0 9 0 32816 3852
3876 0 51 9 32817 3834
3876 0 49 18 32815 3838
3876 0 33 36 32808 3834
3876 0 40 45 32825 3833
3876 0 58 54 32827 3830
3876 0 54 63 32822 3857
3877 0 13 0 32811 3833
3877 0 46 18 32814 3816
3877 0 33 36 32808 3836
3877 0 60 45 32816 3809
3877 0 52 54 32822 3852
3877 1 13 62 32812 3824
3877 0 5 63 32817 3814
3878 0 9 0 32816 3853
3878 0 49 18 32815 3839
3878 0 14 27 32818 3846
3878 0 33 36 32808 3837
3878 0 40 45 32825 3834
3878 0 58 54 32827 3831
3878 0 54 63 32822 3858
3879 0 9 0 32816 3854
3879 0 46 18 32814 3817
3879 0 14 27 32818 3847
3879 0 60 45 32816 3810
3879 0 52 54 32822 3853
3879 0 5 63 32817 3815
3880 0 49 9 32816 3847
3880 0 49 18 32815 3840
3880 0 14 27 32818 3848
3880 0 40 45 32825 3835
3880 0 58 54 32827 3832
3880 0 54 63 32822 3859
3881 0 10 9 32821 3868
3881 0 46 18 32814 3818
3881 0 14 27 32818 3849
3881 0 60 45 32816 3811
3881 0 52 54 32822 3854
3881 0 5 63 32817 3816
3882 0 49 9 32816 3848
3882 0 49 18 32815 3841
3882 0 14 27 32818 3850
3882 0 40 45 32825 3836
3882 0 58 54 32827 3833
3882 0 54 63 32822 3861
3883 0 10 9 32821 3869
3883 1 12 18 32811 3853
3883 0 14 27 32818 3851
3883 0 60 45 32816 3812
3883 0 52 54 32822 3855
3883 0 54 63 32822 3862
3884 0 28 0 32807 3842
3884 0 49 9 32816 3849
3884 0 49 18 32815 3842
3884 0 14 27 32818 3852
3884 0 40 45 32825 3837
3884 0 0 54 32802 3787
3884 0 54 63 32822 3863
3885 0 28 0 32807 3843
3885 0 10 9 32821 3870
3885 0 38 18 32824 3835
3885 0 14 27 32818 3853
3885 0 60 45 32816 3813
3885 0 52 54 32822 3856
3885 0 54 63 32822 3864
3886 0 28 0 32807 3844
3886 0 49 9 32816 3850
3886 0 49 18 32815 3843
3886 0 14 27 32818 3854
3886 0 40 45 32825 3838
3886 0 0 54 32802 3788
3886 0 54 63 32822 3865
3887 0 48 0 32824 3850
3887 0 10 9 32821 3871
3887 0 38 18 32824 3836
3887 0 14 27 32818 3855
3887 0 60 45 32816 3814
3887 0 52 54 32822 3857
3887 0 54 63 32822 3866
3888 0 28 0 32807 3845
3888 0 49 9 32816 3851
3888 0 49 18 32815 3844
3888 0 53 45 32816 3815
3888 0 0 54 32802 3789
3888 1 2 61 32803 3744
3888 0 54 63 32822 3867
3889 0 48 0 32824 3851
3889 0 10 9 32821 3872
3889 0 38 18 32824 3837
3889 0 60 45 32816 3815
3889 0 52 54 32822 3858
3890 0 28 0 32807 3846
3890 0 49 9 32816 3852
3890 0 49 18 32815 3845
3890 0 53 45 32816 3816
3890 0 0 54 32802 3790
3891 0 48 0 32824 3852
3891 0 10 9 32821 3873
3891 0 38 18 32824 3838
3891 0 60 45 32816 3816
3891 0 59 54 32823 3845
3891 1 33 63 32809 3835
3892 0 28 0 32807 3847
3892 0 49 9 32816 3853
3892 1 54 14 32823 3860
3892 0 49 18 32815 3846
3892 0 53 45 32816 3817
3892 0 0 54 32802 3791
3893 0 48 0 32824 3853
3893 0 10 9 32821 3874
3893 0 38 18 32824 3839
3893 0 60 45 32816 3817
3893 0 59 54 32823 3846
3893 0 40 63 32826 3841
3894 0 28 0 32807 3848
3894 0 49 9 32816 3854
3894 0 38 18 32824 3840
3894 0 53 45 32816 3818
3894 0 0 54 32802 3792
3894 0 40 63 32826 3842
3895 0 48 0 32824 3854
3895 0 10 9 32821 3875
3895 0 60 45 32816 3818
3895 0 59 54 32823 3847
3895 0 40 63 32826 3843
3896 0 28 0 32807 3849
3896 0 49 9 32816 3855
3896 0 38 18 32824 3841
3896 0 53 45 32816 3819
3896 0 0 54 32802 3793
3896 0 40 63 32826 3844
3897 0 48 0 32824 3855
3897 0 10 9 32821 3876
3897 0 38 18 32824 3842
3897 0 35 45 32821 3823
3897 0 59 54 32823 3848
3897 0 40 63 32826 3845
3898 0 28 0 32807 3850
3898 1 35 8 32822 3850
3898 0 49 9 32816 3856
3898 0 38 18 32824 3843
3898 1 31 20 32808 3871
3898 0 53 45 32816 3820
3898 0 0 54 32802 3794
3898 0 40 63 32826 3846
3899 0 48 0 32824 3856
3899 0 10 9 32821 3877
3899 0 38 18 32824 3844
3899 0 35 45 32821 3824
3899 0 59 54 32823 3849
3899 0 40 63 32826 3847
3900 0 28 0 32807 3851
3900 0 23 9 32825 3845
3900 1 30 10 32808 3844
3900 1 29 44 32809 3878
3900 0 53 45 32816 3821
3900 0 0 54 32802 3795
3900 0 40 63 32826 3848
3901 0 48 0 32824 3857
3901 0 30 9 32809 3850
3901 0 35 45 32821 3825
3901 0 59 54 32823 3850
3901 0 40 63 32826 3849
3902 0 48 0 32824 3858
3902 0 23 9 32825 3846
3902 0 53 45 32816 3822
3902 0 0 54 32802 3796
3902 0 40 63 32826 3850
3903 0 48 0 32824 3859
3903 0 30 9 32809 3851
3903 0 35 45 32821 3826
3903 0 59 54 32823 3851
3903 0 61 63 32821 3882
3904 0 23 9 32825 3847
3904 0 53 45 32816 3842
3904 0 5 54 32819 3824
3904 0 61 63 32821 3883
3905 0 30 9 32809 3852
3905 1 26 44 32817 3878
3905 0 35 45 32821 3827
3905 0 59 54 32823 3852
3905 1 13 56 32813 3838
3905 0 61 63 32821 3884
3906 0 23 9 32825 3848
3906 0 53 45 32816 3844
3906 1 16 47 32820 3849
3906 0 5 54 32819 3825
3906 0 61 63 32821 3885
3907 0 30 9 32809 3853
3907 0 35 45 32821 3828
3907 0 59 54 32823 3853
3907 0 61 63 32821 3886
3908 0 23 9 32825 3849
3908 0 53 18 32818 3866
3908 0 5 45 32816 3767
3908 0 5 54 32819 3826
3908 0 61 63 32821 3887
3909 0 30 9 32809 3854
3909 0 28 18 32808 3887
3909 1 59 35 32824 3887
3909 0 35 45 32821 3829
3909 0 59 54 32823 3854
3909 0 61 63 32821 3888
3910 0 23 9 32825 3850
3910 0 53 18 32818 3867
3910 0 5 45 32816 3768
3910 0 5 54 32819 3827
3910 0 61 63 32821 3889
3911 0 30 9 32809 3855
3911 0 28 18 32808 3888
3911 0 35 45 32821 3830
3911 0 23 54 32824 3835
3911 0 61 63 32821 3890
3912 0 23 9 32825 3851
3912 0 53 18 32818 3868
3912 0 5 45 32816 3769
3912 0 5 54 32819 3828
3912 0 61 63 32821 3891
3913 0 30 9 32809 3856
3913 0 28 18 32808 3889
3913 0 35 45 32821 3831
3913 0 23 54 32824 3836
3914 0 23 9 32825 3852
3914 0 53 18 32818 3869
3914 0 5 45 32816 3770
3914 0 5 54 32819 3829
3915 0 30 9 32809 3857
3915 0 28 18 32808 3890
3915 0 35 45 32821 3832
3915 0 23 54 32824 3837
3915 1 53 58 32817 3849
3916 0 23 9 32825 3853
3916 0 53 18 32818 3870
3916 0 5 45 32816 3771
3916 0 5 54 32819 3830
3917 0 30 9 32809 3858
3917 0 28 18 32808 3891
3917 0 43 27 32823 3899
3917 0 42 45 32815 3878
3917 0 23 54 32824 3838
3918 0 23 9 32825 3854
3918 0 53 18 32818 3871
3918 0 43 27 32823 3900
3918 0 5 45 32816 3772
3918 0 5 54 32819 3831
3919 0 30 9 32809 3859
3919 0 28 18 32808 3892
3919 0 43 27 32823 3901
3919 0 42 45 32815 3879
3919 0 23 54 32824 3839
3919 0 4 63 32831 3862
3920 0 53 18 32818 3872
3920 0 43 27 32823 3902
3920 0 5 45 32816 3773
3920 0 5 54 32819 3832
3920 0 4 63 32831 3863
3921 0 38 9 32825 3864
3921 0 28 18 32808 3893
3921 0 43 27 32823 3903
3921 0 42 45 32815 3880
3921 0 23 54 32824 3840
3921 0 4 63 32831 3864
3922 0 38 9 32825 3865
3922 0 53 18 32818 3873
3922 0 43 27 32823 3904
3922 1 6 29 32821 3861
3922 0 5 45 32816 3774
3922 0 5 54 32819 3833
3922 0 4 63 32831 3865
3923 0 38 9 32825 3866
3923 0 28 18 32808 3894
3923 0 36 27 32815 3906
3923 0 6 36 32822 3886
3923 0 42 45 32815 3881
3923 0 23 54 32824 3841
3923 0 44 63 32822 3891
3924 0 38 9 32825 3867
3924 0 53 18 32818 3874
3924 0 43 27 32823 3905
3924 0 6 36 32822 3887
3924 0 5 45 32816 3775
3924 0 23 54 32824 3842
3924 0 4 63 32831 3866
3925 0 38 9 32825 3868
3925 0 28 18 32808 3895
3925 1 1 24 32813 3898
3925 0 36 27 32815 3907
3925 0 6 36 32822 3888
3925 0 42 45 32815 3882
3925 0 13 54 32814 3860
3925 0 44 63 32822 3892
3926 0 33 0 32810 3894
3926 0 38 9 32825 3869
3926 0 53 18 32818 3875
3926 0 43 27 32823 3906
3926 0 6 36 32822 3889
3926 0 5 45 32816 3776
3926 0 23 54 32824 3843
3926 0 4 63 32831 3867
3927 0 33 0 32810 3895
3927 0 38 9 32825 3870
3927 0 28 18 32808 3896
3927 0 36 27 32815 3908
3927 0 6 36 32822 3890
3927 0 42 45 32815 3883
3927 0 13 54 32814 3861
3927 0 44 63 32822 3893
3928 0 33 0 32810 3896
3928 0 38 9 32825 3871
3928 0 10 18 32822 3916
3928 0 43 27 32823 3907
3928 0 6 36 32822 3891
3928 0 49 45 32814 3792
3928 0 23 54 32824 3844
3928 0 4 63 32831 3868
3929 0 33 0 32810 3897
3929 0 38 9 32825 3872
3929 0 38 18 32826 3874
3929 0 36 27 32815 3909
3929 0 6 36 32822 3892
3929 0 42 45 32815 3884
3929 0 13 54 32814 3862
3929 0 44 63 32822 3894
3930 0 33 0 32810 3898
3930 0 38 9 32825 3873
3930 0 10 18 32822 3917
3930 0 43 27 32823 3908
3930 0 6 36 32822 3893
3930 0 49 45 32814 3793
3930 0 52 54 32823 3911
3930 0 4 63 32831 3869
3931 0 33 0 32810 3899
3931 0 38 18 32826 3875
3931 0 36 27 32815 3910
3931 0 6 36 32822 3894
3931 0 42 45 32815 3885
3931 1 56 51 32833 3904
3931 0 13 54 32814 3863
3931 0 44 63 32822 3895
3932 0 33 0 32810 3900
3932 0 10 18 32822 3918
3932 0 36 27 32815 3911
3932 0 6 36 32822 3895
3932 0 49 45 32814 3794
3932 0 52 54 32823 3912
3932 0 4 63 32831 3870
3933 0 33 0 32810 3901
3933 0 38 18 32826 3876
3933 0 36 27 32816 3916
3933 0 42 45 32815 3886
3933 0 13 54 32814 3864
3933 0 44 63 32822 3896
3934 0 33 0 32810 3902
3934 1 21 4 32831 3912
3934 0 10 18 32822 3919
3934 0 36 27 32815 3912
3934 1 54 30 32824 3912
3934 0 49 45 32814 3795
3934 0 52 54 32823 3913
3934 0 4 63 32831 3871
3935 0 33 0 32810 3903
3935 0 38 18 32826 3877
3935 0 36 27 32816 3917
3935 0 42 45 32815 3887
3935 0 13 54 32814 3865
3935 0 44 63 32822 3897
3936 0 10 18 32822 3920
3936 0 36 27 32815 3913
3936 0 49 45 32814 3796
3936 0 52 54 32823 3914
3936 0 44 63 32822 3898
3937 0 38 18 32826 3878
3937 0 36 27 32816 3918
3937 0 44 36 32823 3925
3937 0 63 45 32822 3829
3937 0 13 54 32814 3866
3937 0 21 63 32830 3883
3938 0 10 18 32822 3921
3938 0 36 27 32815 3914
3938 0 44 36 32823 3926
3938 0 49 45 32814 3797
3938 0 52 54 32823 3915
3938 0 44 63 32822 3899
3939 0 28 0 32809 3897
3939 0 38 18 32826 3879
3939 0 36 27 32816 3919
3939 0 44 36 32823 3927
3939 0 63 45 32822 3830
3939 0 13 54 32814 3867
3939 0 21 63 32830 3884
3940 0 28 0 32809 3898
3940 0 13 9 32815 3913
3940 0 10 18 32822 3922
3940 0 36 27 32815 3915
3940 0 44 36 32823 3928
3940 1 19 43 32815 3918
3940 0 49 45 32814 3798
3940 0 52 54 32823 3916
3940 0 44 63 32822 3900
3941 0 28 0 32809 3899
3941 0 13 9 32815 3914
3941 0 38 18 32826 3880
3941 0 36 27 32816 3920
3941 0 44 36 32823 3929
3941 0 63 45 32822 3831
3941 0 13 54 32814 3868
3941 0 21 63 32830 3885
3942 0 28 0 32809 3900
3942 0 13 9 32815 3915
3942 0 10 18 32822 3923
3942 0 36 27 32816 3921
3942 0 44 36 32823 3930
3942 0 49 45 32814 3799
3942 0 52 54 32823 3917
3942 0 21 63 32830 3886
3943 0 60 0 32818 3881
3943 0 13 9 32815 3916
3943 0 38 18 32826 3881
3943 0 36 27 32816 3922
3943 0 44 36 32823 3931
3943 0 63 45 32822 3832
3943 0 13 54 32814 3869
3943 0 8 63 32816 3864
3944 0 28 0 32809 3901
3944 0 13 9 32815 3917
3944 0 10 18 32822 3924
3944 0 36 27 32816 3923
3944 0 43 36 32824 3927
3944 0 49 45 32814 3800
3944 0 52 54 32823 3918
3944 0 21 63 32830 3887
3945 0 60 0 32818 3882
3945 0 13 9 32815 3918
3945 0 36 27 32816 3924
3945 0 44 36 32823 3932
3945 0 63 45 32822 3833
3945 0 27 54 32823 3882
3945 0 8 63 32816 3865
3946 0 28 0 32809 3902
3946 0 13 9 32815 3919
3946 0 38 18 32826 3882
3946 0 36 27 32816 3925
3946 0 43 36 32824 3928
3946 0 49 45 32814 3801
3946 0 52 54 32823 3919
3946 0 21 63 32830 3888
3947 0 60 0 32818 3883
3947 0 13 9 32815 3920
3947 0 10 18 32822 3925
3947 0 44 36 32823 3933
3947 0 63 45 32822 3834
3947 1 8 47 32817 3871
3947 0 27 54 32823 3883
3947 0 8 63 32816 3866
3948 0 28 0 32809 3903
3948 0 1 9 32814 3936
3948 0 38 18 32826 3883
3948 0 43 36 32824 3929
3948 1 12 42 32812 3911
3948 0 1 45 32810 3769
3948 0 52 54 32823 3920
3948 0 21 63 32830 3889
3949 0 60 0 32818 3884
3949 0 13 9 32815 3921
3949 0 10 18 32823 3926
3949 0 44 36 32823 3934
3949 0 63 45 32822 3835
3949 0 27 54 32823 3884
3949 0 8 63 32816 3867
3950 0 28 0 32809 3904
3950 0 1 9 32814 3937
3950 0 10 18 32823 3927
3950 0 43 36 32824 3930
3950 0 1 45 32810 3770
3950 0 27 54 32823 3885
3950 0 21 63 32830 3890
3951 0 60 0 32818 3885
3951 0 13 9 32815 3922
3951 0 10 18 32823 3928
3951 1 61 32 32822 3903
3951 0 11 36 32819 3920
3951 0 63 45 32822 3836
3951 0 27 54 32823 3886
3951 0 8 63 32816 3868
3952 0 28 0 32809 3905
3952 0 1 9 32814 3938
3952 0 10 18 32823 3929
3952 0 43 36 32824 3931
3952 0 1 45 32810 3771
3952 0 27 54 32823 3887
3952 0 21 63 32830 3891
3953 0 60 0 32818 3886
3953 0 2 9 32805 3934
3953 0 19 18 32817 3941
3953 0 11 36 32819 3921
3953 0 63 45 32822 3837
3953 0 27 54 32823 3888
3953 0 8 63 32816 3869
3954 0 28 0 32809 3906
3954 0 1 9 32814 3939
3954 0 10 18 32823 3930
3954 0 43 36 32824 3932
3954 0 1 45 32810 3772
3954 0 27 54 32823 3889
3954 0 21 63 32830 3892
3955 0 60 0 32818 3887
3955 1 24 2 32830 3923
3955 0 2 9 32805 3935
3955 1 41 26 32819 3933
3955 0 11 36 32819 3922
3955 1 5 37 32818 3820
3955 0 63 45 32822 3838
3955 0 27 54 32823 3890
3955 0 8 63 32816 3870
3956 0 6 0 32823 3909
3956 0 1 9 32814 3940
3956 0 19 18 32817 3942
3956 0 43 36 32824 3933
3956 0 1 45 32810 3773
3956 0 27 54 32823 3891
3956 0 63 63 32823 3948
3957 0 60 0 32818 3888
3957 0 2 9 32805 3936
3957 0 10 18 32823 3931
3957 0 11 36 32819 3923
3957 0 11 45 32817 3825
3957 0 8 63 32816 3872
3958 0 6 0 32823 3910
3958 0 1 9 32814 3941
3958 0 19 18 32817 3943
3958 0 43 36 32824 3934
3958 0 1 45 32810 3774
3958 0 63 63 32823 3949
3959 0 60 0 32818 3889
3959 0 2 9 32805 3937
3959 0 10 18 32823 3932
3959 0 11 36 32819 3924
3959 0 11 45 32817 3826
3959 0 8 63 32816 3873
3960 0 6 0 32823 3911
3960 0 1 9 32814 3942
3960 0 19 18 32817 3944
3960 0 43 36 32824 3935
3960 0 1 45 32810 3775
3960 0 63 63 32823 3950
3961 0 60 0 32818 3890
3961 0 2 9 32805 3938
3961 0 10 18 32823 3933
3961 0 11 36 32819 3925
3961 0 11 45 32817 3827
3961 0 8 63 32816 3874
3962 0 6 0 32823 3912
3962 0 1 9 32814 3943
3962 0 19 18 32817 3945
3962 0 35 27 32823 3950
3962 0 43 36 32824 3936
3962 0 1 45 32810 3776
3962 1 49 55 32817 3925
3962 0 63 63 32823 3951
3963 0 18 0 32817 3920
3963 0 2 9 32805 3939
3963 0 10 18 32823 3934
3963 0 35 27 32823 3951
3963 0 11 36 32819 3926
3963 0 11 45 32817 3828
3963 0 63 63 32823 3952
3964 0 6 0 32823 3913
3964 0 1 9 32814 3944
3964 0 19 18 32817 3946
3964 0 35 27 32823 3952
3964 0 11 36 32820 3930
3964 0 1 45 32810 3777
3964 1 7 63 32821 3919
3965 0 18 0 32817 3921
3965 0 2 9 32805 3940
3965 0 10 18 32823 3935
3965 0 35 27 32823 3953
3965 0 11 36 32819 3927
3965 0 11 45 32817 3829
3965 1 53 62 32819 3947
3966 0 6 0 32823 3914
3966 0 1 9 32814 3945
3966 0 19 18 32817 3947
3966 0 35 27 32823 3954
3966 0 11 36 32820 3931
3966 0 1 45 32810 3778
3966 0 63 63 32823 3953
3967 0 18 0 32817 3922
3967 0 2 9 32805 3941
3967 0 27 18 32824 3937
3967 0 35 27 32823 3955
3967 0 11 36 32819 3928
3967 0 11 45 32817 3830
3967 0 11 63 32818 3908
3968 0 6 0 32823 3915
3968 0 19 9 32816 3931
3968 0 19 18 32817 3948
3968 0 35 27 32823 3956
3968 0 11 36 32820 3932
3968 0 60 45 32817 3866
3968 0 63 63 32823 3954
3969 0 18 0 32817 3923
3969 0 2 9 32805 3942
3969 0 27 18 32824 3938
3969 0 13 27 32816 3942
3969 0 11 36 32819 3929
3969 0 11 45 32817 3831
3969 0 11 63 32818 3909
3970 0 6 0 32823 3916
3970 0 19 9 32816 3932
3970 0 19 18 32817 3949
3970 0 35 27 32823 3957
3970 0 11 36 32820 3933
3970 0 60 45 32817 3867
3970 1 28 51 32810 3943
3970 0 63 63 32823 3955
3971 0 18 0 32817 3924
3971 0 2 9 32805 3943
3971 0 27 18 32824 3939
3971 1 10 19 32824 3954
3971 0 13 27 32816 3943
3971 0 44 36 32824 3938
3971 0 11 45 32817 3832
3971 0 6 54 32824 3934
3971 0 11 63 32818 3910
3972 0 6 0 32823 3917
3972 0 19 9 32816 3933
3972 0 19 18 32817 3950
3972 0 35 27 32823 3958
3972 0 11 36 32820 3934
3972 0 60 45 32817 3868
3972 0 6 54 32824 3935
3972 0 63 63 32823 3956
3973 0 18 0 32817 3925
3973 0 19 9 32816 3934
3973 0 27 18 32824 3940
3973 0 13 27 32816 3944
3973 0 44 36 32824 3939
3973 1 37 37 32825 3966
3973 0 11 45 32817 3833
3973 0 6 54 32824 3936
3973 0 11 63 32818 3911
3974 0 6 0 32823 3918
3974 0 19 9 32816 3935
3974 0 25 18 32818 3939
3974 0 35 27 32823 3959
3974 0 11 36 32820 3935
3974 0 60 45 32817 3869
3974 0 6 54 32824 3937
3974 1 50 56 32802 3952
3974 0 63 63 32823 3957
3975 0 18 0 32817 3926
3975 1 62 3 32822 3918
3975 0 19 9 32816 3936
3975 0 27 18 32824 3941
3975 0 13 27 32816 3945
3975 0 44 36 32824 3940
3975 0 11 45 32817 3834
3975 0 46 54 32815 3963
3975 0 11 63 32818 3912
3976 0 57 0 32828 3923
3976 0 19 9 32816 3937
3976 0 25 18 32818 3940
3976 0 27 27 32826 3963
3976 0 11 36 32820 3936
3976 0 60 45 32817 3870
3976 0 6 54 32824 3938
3976 0 11 63 32818 3913
3977 0 18 0 32817 3927
3977 0 19 9 32816 3938
3977 0 27 18 32824 3942
3977 0 13 27 32816 3946
3977 0 44 36 32824 3941
3977 0 51 45 32818 3955
3977 0 46 54 32815 3964
3977 0 11 63 32818 3914
3978 0 57 0 32828 3924
3978 0 19 9 32816 3939
3978 0 25 18 32818 3941
3978 0 27 27 32826 3964
3978 0 11 36 32820 3937
3978 0 60 45 32817 3871
3978 0 6 54 32824 3939
3978 0 11 63 32818 3915
3979 0 18 0 32817 3928
3979 0 19 9 32816 3940
3979 0 27 18 32824 3943
3979 0 13 27 32816 3947
3979 0 44 36 32824 3942
3979 0 51 45 32818 3956
3979 0 46 54 32815 3965
3979 0 11 63 32818 3916
3980 0 57 0 32828 3925
3980 0 25 18 32818 3942
3980 0 27 27 32826 3965
3980 0 11 36 32820 3938
3980 0 60 45 32817 3872
3980 0 6 54 32824 3940
3980 1 9 59 32817 3933
3980 0 11 63 32818 3917
3981 0 18 0 32817 3929
3981 1 14 14 32819 3974
3981 0 27 18 32824 3944
3981 0 13 27 32816 3949
3981 0 44 36 32824 3943
3981 0 51 45 32818 3957
3981 0 46 54 32815 3966
3982 0 57 0 32828 3926
3982 0 25 18 32818 3943
3982 0 27 27 32826 3966
3982 0 11 36 32820 3939
3982 0 60 45 32817 3873
3982 0 6 54 32824 3941
3983 0 57 0 32828 3927
3983 0 27 18 32824 3945
3983 0 13 27 32816 3950
3983 0 44 36 32824 3944
3983 0 51 45 32818 3958
3983 0 46 54 32815 3967
3984 0 45 0 32813 3916
3984 0 25 18 32818 3944
3984 0 27 27 32826 3967
3984 0 62 36 32823 3943
3984 0 60 45 32817 3874
3984 0 6 54 32824 3942
3985 0 57 0 32828 3928
3985 1 41 13 32820 3936
3985 0 27 18 32824 3946
3985 0 13 27 32816 3951
3985 0 44 36 32824 3945
3985 0 51 45 32818 3959
3985 0 46 54 32815 3968
3986 0 45 0 32813 3917
3986 0 25 18 32818 3945
3986 0 27 27 32826 3968
3986 0 62 36 32823 3944
3986 0 60 45 32817 3875
3986 0 6 54 32824 3943
3987 0 57 0 32828 3929
3987 0 25 18 32818 3946
3987 0 13 27 32816 3952
3987 0 44 36 32824 3946
3987 0 51 45 32818 3960
3987 0 46 54 32815 3969
3988 0 45 0 32813 3918
3988 0 43 18 32825 3956
3988 0 27 27 32826 3969
3988 0 62 36 32823 3945
3988 0 6 45 32820 3850
3988 1 44 46 32825 3949
3988 0 46 54 32815 3970
3989 0 57 0 32828 3930
3989 0 25 18 32818 3947
3989 0 25 27 32819 3956
3989 0 44 36 32824 3947
3989 1 44 54 32826 3955
3990 0 45 0 32813 3919
3990 0 43 18 32825 3957
3990 0 27 27 32826 3970
3990 0 62 36 32823 3946
3990 0 51 45 32818 3961
3990 0 46 54 32815 3971
3991 0 57 0 32828 3931
3991 0 25 18 32818 3948
3991 0 25 27 32819 3957
3991 0 11 36 32821 3940
3991 0 6 45 32820 3851
3991 0 46 54 32815 3972
3992 0 45 0 32813 3920
3992 0 43 18 32825 3958
3992 0 27 27 32826 3975
3992 0 62 36 32823 3947
3992 0 51 45 32818 3962
3992 1 13 54 32817 3948
3993 0 57 0 32828 3932
3993 0 43 18 32825 3959
3993 1 3 24 32823 3956
3993 0 25 27 32819 3958
3993 0 11 36 32821 3941
3993 0 6 45 32820 3852
3994 0 45 0 32813 3921
3994 1 1 14 32815 3957
3994 0 45 18 32814 3947
3994 0 27 27 32826 3977
3994 0 62 36 32823 3948
3994 0 51 45 32818 3963
3994 0 27 63 32825 3947
3995 0 45 0 32813 3922
3995 0 43 18 32825 3960
3995 0 25 27 32819 3959
3995 0 11 36 32821 3942
3995 0 6 45 32820 3853
3995 0 27 63 32825 3948
3996 0 15 0 32817 3941
3996 0 45 18 32814 3948
3996 0 25 27 32819 3960
3996 0 62 36 32823 3949
3996 0 51 45 32818 3964
3996 0 37 63 32824 3964
3997 0 45 0 32813 3923
3997 0 43 18 32825 3961
3997 1 7 20 32822 3965
3997 0 25 27 32819 3961
3997 0 11 36 32821 3943
3997 0 6 45 32820 3854
3997 0 60 54 32819 3975
3997 0 27 63 32825 3949
3998 0 15 0 32817 3942
3998 0 45 18 32814 3949
3998 0 25 27 32819 3962
3998 0 62 36 32823 3950
3998 0 26 45 32818 3899
3998 0 60 54 32819 3976
3998 0 37 63 32824 3965
3999 0 45 0 32813 3924
3999 1 39 7 32821 3972
3999 0 43 18 32825 3962
3999 0 25 27 32819 3963
3999 0 11 36 32821 3944
3999 0 6 45 32820 3855
3999 0 60 54 32819 3977
3999 0 27 63 32825 3950
4000 0 15 0 32817 3943
4000 0 45 18 32814 3950
4000 0 25 27 32819 3964
4000 0 62 36 32823 3951
4000 0 26 45 32818 3900
4000 0 60 54 32819 3978
4000 0 37 63 32824 3967
4001 0 45 0 32813 3925
4001 0 43 18 32825 3963
4001 0 25 27 32819 3965
4001 0 11 36 32821 3945
4001 0 6 45 32820 3856
4001 0 60 54 32819 3979
4001 0 27 63 32825 3951
4002 0 15 0 32817 3944
4002 0 45 18 32814 3951
4002 0 62 36 32823 3952
4002 0 26 45 32818 3901
4002 0 60 54 32819 3980
4002 0 37 63 32824 3968
4003 0 15 0 32817 3945
4003 0 43 18 32825 3964
4003 1 19 34 32818 3981
4003 0 11 36 32821 3946
4003 0 6 45 32820 3857
4003 1 23 50 32826 3951
4003 0 60 54 32819 3981
4003 0 27 63 32825 3952
4004 0 15 0 32817 3946
4004 0 45 18 32814 3952
4004 1 53 21 32820 3967
4004 0 30 36 32810 3959
4004 0 26 45 32818 3902
4004 0 54 54 32825 3997
4004 0 37 63 32824 3969
4005 0 15 0 32817 3947
4005 0 43 18 32825 3965
4005 0 19 27 32819 3993
4005 0 11 36 32821 3947
4005 0 6 45 32820 3858
4005 0 60 54 32819 3982
4005 0 27 63 32825 3953
4006 0 15 0 32817 3948
4006 0 45 18 32814 3953
4006 0 22 27 32822 3979
4006 0 30 36 32810 3960
4006 0 26 45 32818 3903
4006 0 54 54 32825 3998
4006 0 37 63 32824 3970
4007 0 15 0 32817 3949
4007 0 42 9 32816 3975
4007 0 45 18 32814 3954
4007 1 34 25 32820 3990
4007 0 19 27 32819 3994
4007 0 11 36 32821 3948
4007 0 6 45 32820 3859
4007 0 60 54 32819 3983
4007 0 27 63 32825 3954
4008 0 15 0 32817 3950
4008 0 42 9 32816 3976
4008 0 45 18 32814 3955
4008 0 22 27 32822 3980
4008 0 30 36 32810 3961
4008 0 26 45 32818 3904
4008 0 54 54 32825 3999
4008 0 37 63 32824 3971
4009 0 12 9 32814 3987
4009 0 45 18 32814 3956
4009 0 19 27 32819 3995
4009 0 11 36 32821 3949
4009 0 43 45 32827 3986
4009 0 60 54 32819 3984
4009 0 27 63 32825 3955
4010 0 42 9 32816 3977
4010 0 22 27 32822 3981
4010 0 30 36 32810 3962
4010 0 54 54 32825 4000
4010 0 37 63 32824 3972
4011 0 12 9 32814 3988
4011 0 19 27 32819 3996
4011 0 50 36 32803 3976
4011 0 26 45 32818 3905
4011 0 60 54 32820 3985
4011 0 27 63 32825 3956
4012 0 42 9 32816 3978
4012 0 22 27 32822 3982
4012 0 30 36 32810 3963
4012 0 43 45 32827 3987
4012 0 54 54 32825 4001
4012 0 37 63 32824 3973
4013 0 12 9 32814 3989
4013 0 19 27 32819 3997
4013 0 50 36 32803 3977
4013 0 26 45 32818 3906
4013 0 60 54 32820 3986
4013 0 37 63 32824 3974
4014 0 42 9 32816 3979
4014 0 22 27 32822 3983
4014 0 30 36 32810 3964
4014 0 43 45 32827 3988
4014 0 54 54 32825 4002
4014 0 12 63 32813 3949
4015 0 12 9 32814 3990
4015 0 19 27 32819 3998
4015 0 50 36 32803 3978
4015 0 26 45 32818 3907
4015 1 11 53 32822 3950
4015 0 60 54 32820 3987
4015 0 12 63 32813 3950
4016 0 42 9 32816 3980
4016 0 22 27 32822 3984
4016 0 30 36 32810 3965
4016 0 43 45 32827 3989
4016 0 54 54 32825 4003
4016 0 12 63 32813 3951
4017 0 11 0 32823 3990
4017 0 12 9 32814 3991
4017 0 19 27 32819 3999
4017 0 50 36 32803 3979
4017 0 26 45 32818 3908
4017 0 60 54 32820 3988
4017 0 60 63 32821 3995
4018 0 11 0 32823 3991
4018 0 42 9 32816 3981
4018 0 22 27 32822 3985
4018 0 30 36 32810 3966
4018 0 43 45 32827 3990
4018 0 54 54 32825 4004
4018 0 12 63 32813 3952
4019 0 11 0 32823 3992
4019 0 12 9 32814 3992
4019 1 55 21 32821 3981
4019 0 19 27 32819 4000
4019 0 50 36 32803 3980
4019 0 48 45 32825 3957
4019 0 60 54 32820 3989
4019 0 60 63 32821 3996
4020 0 11 0 32823 3993
4020 0 42 9 32816 3982
4020 0 22 27 32822 3986
4020 0 30 36 32810 3967
4020 0 43 45 32827 3991
4020 0 54 54 32825 4005
4020 0 12 63 32813 3953
4021 0 11 0 32823 3994
4021 0 12 9 32814 3993
4021 0 19 27 32819 4001
4021 0 50 36 32803 3981
4021 0 48 45 32825 3958
4021 0 60 54 32820 3990
4021 0 60 63 32821 3997
4022 0 42 9 32816 3983
4022 0 22 27 32822 3987
4022 0 30 36 32810 3968
4022 0 43 45 32827 3992
4022 0 54 54 32825 4006
4022 0 12 63 32813 3954
4023 0 11 0 32823 3995
4023 0 12 9 32814 3994
4023 0 19 27 32819 4002
4023 0 50 36 32803 3982
4023 0 48 45 32825 3959
4023 0 60 54 32820 3991
4023 0 60 63 32821 3998
4024 0 47 0 32822 3944
4024 0 42 9 32816 3984
4024 0 22 27 32822 3988
4024 0 63 36 32824 3958
4024 0 43 45 32827 3993
4024 0 60 54 32820 3992
4024 0 12 63 32813 3955
4025 0 11 0 32823 3996
4025 0 12 9 32814 3995
4025 0 62 27 32824 3972
4025 0 50 36 32803 3983
4025 0 48 45 32825 3960
4025 0 60 54 32820 3993
4025 0 60 63 32821 3999
4026 0 47 0 32822 3945
4026 1 6 9 32825 3975
4026 0 62 27 32824 3973
4026 0 63 36 32824 3959
4026 0 43 45 32827 3994
4026 0 60 54 32820 3994
4026 0 12 63 32813 3956
4027 0 11 0 32823 3997
4027 0 12 9 32814 3996
4027 0 62 27 32824 3974
4027 0 50 36 32803 3984
4027 0 48 45 32825 3961
4027 0 60 63 32821 4000
4028 0 47 0 32822 3946
4028 1 31 5 32809 3996
4028 0 62 27 32824 3975
4028 0 63 36 32824 3960
4028 0 43 45 32827 3995
4028 0 12 63 32813 3957
4029 0 11 0 32823 3998
4029 0 62 27 32824 3976
4029 0 50 36 32803 3985
4029 0 48 45 32825 3962
4029 0 60 63 32821 4001
4030 0 47 0 32822 3947
4030 0 62 27 32824 3977
4030 0 63 36 32824 3961
4030 0 51 45 32819 3996
4030 0 12 63 32813 3958
4031 0 11 0 32823 3999
4031 0 62 27 32824 3978
4031 0 7 36 32823 3976
4031 0 48 45 32825 3963
4031 0 60 63 32821 4002
4032 0 47 0 32822 3948
4032 0 62 27 32824 3979
4032 0 63 36 32824 3962
4032 0 51 45 32819 3997
4032 0 55 63 32822 4011
4033 0 47 0 32822 3949
4033 0 26 18 32820 4021
4033 0 62 27 32824 3980
4033 0 7 36 32823 3977
4033 1 20 41 32815 3996
4033 0 48 45 32825 3964
4033 0 60 63 32821 4003
4034 0 47 0 32822 3950
4034 0 26 18 32820 4022
4034 0 62 27 32824 3981
4034 0 63 36 32824 3963
4034 0 51 45 32819 3998
4034 0 55 63 32822 4012
4035 0 43 0 32826 3967
4035 0 43 9 32828 3996
4035 1 4 12 32832 4019
4035 0 26 18 32820 4023
4035 0 7 36 32823 3978
4035 0 48 45 32825 3965
4035 0 60 63 32821 4004
4036 0 47 0 32822 3951
4036 0 43 9 32828 3997
4036 0 26 18 32820 4024
4036 0 63 36 32824 3964
4036 0 51 45 32819 3999
4036 1 62 46 32826 4019
4036 0 55 63 32822 4014
4037 0 43 0 32826 3968
4037 0 43 9 32828 3998
4037 0 26 18 32820 4025
4037 0 7 36 32823 3979
4037 0 48 45 32825 3966
4037 0 39 63 32822 4001
4038 0 47 0 32822 3952
4038 0 43 9 32828 3999
4038 0 26 18 32820 4026
4038 0 63 36 32824 3965
4038 0 51 45 32819 4000
4038 0 55 63 32822 4015
4039 0 43 0 32826 3969
4039 1 51 3 32820 4002
4039 0 43 9 32828 4000
4039 0 26 18 32820 4027
4039 0 7 36 32823 3980
4039 0 44 45 32827 4027
4039 0 46 54 32816 4027
4039 0 39 63 32822 4002
4040 0 47 0 32822 3953
4040 0 43 9 32828 4001
4040 0 26 18 32820 4028
4040 0 21 27 32832 4017
4040 0 63 36 32824 3966
4040 0 51 45 32819 4001
4040 0 46 54 32816 4028
4040 0 55 63 32822 4016
4041 0 43 0 32826 3970
4041 1 30 4 32811 4009
4041 0 43 9 32828 4002
4041 0 26 18 32820 4029
4041 0 21 27 32832 4018
4041 0 7 36 32823 3981
4041 0 44 45 32827 4028
4041 0 39 63 32822 4003
4042 0 43 0 32826 3971
4042 0 43 9 32828 4003
4042 0 26 18 32820 4030
4042 1 28 27 32811 4030
4042 0 63 36 32824 3967
4042 0 51 45 32819 4003
4042 0 46 54 32816 4029
4042 0 55 63 32822 4017
4043 0 43 0 32826 3972
4043 0 43 9 32828 4004
4043 0 13 18 32818 4016
4043 0 21 27 32832 4019
4043 0 7 36 32823 3982
4043 0 44 45 32827 4029
4043 0 46 54 32816 4030
4043 0 39 63 32822 4004
4044 0 43 0 32826 3973
4044 0 43 9 32828 4006
4044 0 13 18 32818 4017
4044 0 21 27 32832 4020
4044 0 23 36 32827 3987
4044 0 51 45 32819 4004
4044 0 46 54 32816 4031
4044 0 55 63 32822 4018
4045 0 26 0 32819 4003
4045 0 13 18 32818 4018
4045 0 21 27 32832 4021
4045 0 7 36 32823 3983
4045 0 44 45 32827 4030
4045 0 46 54 32816 4032
4045 0 39 63 32822 4005
4046 0 43 0 32826 3974
4046 0 13 18 32818 4019
4046 0 21 27 32832 4022
4046 0 23 36 32827 3988
4046 0 51 45 32819 4005
4046 0 46 54 32816 4033
4046 1 14 62 32820 4009
4046 0 55 63 32822 4019
4047 0 26 0 32819 4004
4047 1 41 11 32821 4010
4047 0 13 18 32818 4020
4047 0 21 27 32832 4023
4047 0 7 36 32823 3984
4047 1 61 40 32823 4005
4047 0 44 45 32827 4031
4047 0 46 54 32816 4034
4047 0 39 63 32822 4006
4048 0 43 0 32826 3983
4048 0 13 18 32818 4021
4048 0 21 27 32832 4024
4048 0 23 36 32827 3989
4048 0 51 45 32819 4006
4048 0 46 54 32816 4035
4048 0 55 63 32822 4020
4049 0 26 0 32819 4005
4049 0 13 18 32818 4022
4049 0 21 27 32832 4025
4049 0 7 36 32823 3985
4049 0 44 45 32827 4032
4049 0 46 54 32816 4036
4049 0 39 63 32822 4007
4050 0 43 0 32826 3985
4050 0 13 18 32818 4023
4050 0 21 27 32832 4026
4050 0 23 36 32827 3990
4050 0 38 45 32829 4032
4050 0 55 63 32822 4021
4051 0 26 0 32819 4006
4051 0 13 18 32818 4024
4051 0 50 36 32804 4004
4051 0 44 45 32827 4033
4051 0 39 63 32822 4008
4052 0 0 0 32803 4043
4052 0 13 18 32818 4025
4052 0 38 45 32829 4033
4052 0 57 63 32829 4002
4053 0 26 0 32819 4007
4053 0 62 27 32825 4011
4053 0 23 36 32827 3991
4053 0 44 45 32827 4034
4053 0 39 63 32822 4009
4054 0 0 0 32803 4044
4054 0 62 27 32825 4012
4054 0 50 36 32804 4005
4054 0 38 45 32829 4034
4054 0 57 63 32829 4003
4055 0 26 0 32819 4008
4055 0 62 27 32825 4013
4055 0 23 36 32827 3992
4055 0 44 45 32827 4035
4055 1 38 57 32827 4008
4055 0 39 63 32822 4011
4056 0 0 0 32803 4045
4056 1 52 19 32824 4024
4056 0 62 27 32825 4014
4056 0 50 36 32804 4006
4056 0 38 45 32829 4035
4056 0 57 63 32829 4004
4057 0 26 0 32819 4009
4057 0 62 27 32825 4015
4057 0 23 36 32827 3993
4057 0 44 45 32827 4036
4057 0 57 63 32829 4005
4058 0 0 0 32803 4046
4058 0 62 27 32825 4016
4058 0 50 36 32804 4007
4058 0 38 45 32829 4036
4058 0 57 63 32829 4006
4059 0 26 0 32819 4010
4059 0 62 27 32825 4017
4059 0 23 36 32827 3994
4059 0 60 45 32822 4035
4059 0 57 63 32829 4007
4060 0 0 0 32803 4047
4060 0 62 27 32825 4018
4060 0 50 36 32804 4008
4060 0 38 45 32829 4037
4060 1 38 48 32828 4013
4060 0 57 63 32829 4008
4061 0 26 0 32819 4011
4061 1 42 3 32817 4024
4061 0 62 27 32825 4020
4061 0 23 36 32827 3995
4061 0 60 45 32822 4036
4061 0 57 63 32829 4009
4062 0 0 0 32803 4048
4062 0 62 27 32825 4021
4062 0 50 36 32804 4009
4062 0 38 45 32829 4038
4062 0 57 63 32829 4010
4063 0 26 0 32819 4012
4063 0 23 36 32827 3996
4063 0 60 45 32822 4037
4063 0 57 63 32829 4011
4064 0 0 0 32803 4049
4064 0 50 36 32804 4010
4064 0 38 45 32829 4039
4065 1 45 0 32815 3997
4065 1 55 18 32823 4013
4065 0 43 36 32829 4027
4065 0 60 45 32822 4038
4066 0 0 0 32803 4050
4066 0 16 9 32821 4049
4066 0 50 36 32804 4011
4066 0 38 45 32829 4040
4067 0 48 0 32826 4024
4067 0 16 9 32821 4050
4067 0 43 36 32829 4028
4067 0 60 45 32822 4039
4067 1 27 60 32827 4027
4068 0 0 0 32803 4051
4068 0 16 9 32821 4051
4068 0 50 36 32804 4012
4068 0 38 45 32829 4041
4069 0 48 0 32826 4025
4069 0 16 9 32821 4052
4069 0 43 36 32829 4029
4069 1 44 42 32828 4052
4069 0 60 45 32822 4040
4070 0 0 0 32803 4053
4070 0 16 9 32821 4053
4070 0 50 36 32804 4013
4070 1 35 45 32824 4024
4071 0 48 0 32826 4026
4071 0 16 9 32821 4054
4071 0 43 36 32829 4030
4071 0 60 45 32822 4041
4072 0 48 0 32826 4027
4072 0 16 9 32821 4055
4072 0 3 36 32824 3998
4072 0 60 45 32822 4042
4073 1 39 0 32823 4010
4073 0 16 9 32821 4056
4073 0 43 36 32829 4031
4073 0 60 45 32822 4043
4074 0 48 0 32826 4028
4074 0 16 9 32821 4057
4074 0 3 36 32824 3999
4074 0 60 45 32822 4044
4074 1 61 47 32825 4045
4075 0 48 0 32826 4029
4075 0 16 9 32821 4058
4075 0 43 36 32829 4032
4076 0 48 0 32826 4030
4076 0 3 36 32824 4000
4077 0 48 0 32826 4031
4077 0 43 36 32829 4033
4078 0 48 0 32826 4032
4078 0 19 18 32820 4066
4078 0 3 36 32824 4001
4078 0 10 54 32825 4026
4079 0 48 0 32826 4033
4079 0 8 18 32818 4057
4079 0 43 36 32829 4034
4079 0 10 54 32825 4027
4080 0 19 18 32820 4067
4080 0 3 36 32824 4002
4080 0 10 54 32825 4028
4081 0 8 18 32818 4058
4081 0 43 36 32829 4035
4081 0 10 54 32825 4029
4082 0 3 36 32824 4003
4082 0 10 54 32825 4030
4082 0 27 63 32828 4035
4083 0 19 18 32820 4068
4083 1 32 33 32825 4071
4083 0 43 36 32829 4036
4083 0 10 54 32825 4031
4083 0 27 63 32828 4036
4084 0 8 18 32818 4059
4084 0 18 27 32819 4067
4084 0 3 36 32824 4004
4084 0 48 45 32827 4047
4084 0 10 54 32825 4032
4084 0 27 63 32828 4037
4085 0 61 0 32824 4018
4085 0 19 18 32820 4069
4085 0 18 27 32819 4068
4085 0 7 36 32824 4018
4085 0 57 45 32830 4048
4085 0 10 54 32825 4033
4085 0 27 63 32828 4038
4086 0 61 0 32824 4019
4086 0 8 18 32818 4060
4086 0 18 27 32819 4069
4086 0 3 36 32824 4005
4086 0 48 45 32827 4048
4086 0 10 54 32825 4034
4086 0 27 63 32828 4039
4087 0 61 0 32824 4020
4087 0 19 18 32820 4070
4087 0 18 27 32819 4070
4087 0 7 36 32824 4019
4087 0 57 45 32830 4049
4087 0 10 54 32825 4035
4087 0 27 63 32828 4040
4088 0 61 0 32824 4021
4088 0 8 18 32818 4061
4088 0 18 27 32819 4071
4088 0 3 36 32824 4006
4088 0 48 45 32827 4049
4088 0 59 63 32825 4061
4089 0 61 0 32824 4022
4089 0 19 18 32820 4071
4089 0 18 27 32819 4072
4089 0 7 36 32824 4020
4089 0 57 45 32830 4050
4089 0 27 63 32828 4041
4090 0 61 0 32824 4023
4090 0 8 18 32818 4062
4090 0 18 27 32819 4073
4090 0 3 36 32824 4007
4090 0 48 45 32827 4050
4090 0 59 63 32825 4062
4091 0 61 0 32824 4024
4091 1 43 5 32830 4049
4091 0 19 18 32820 4072
4091 0 18 27 32819 4074
4091 0 7 36 32824 4021
4091 0 57 45 32830 4051
4091 1 14 46 32821 4064
4091 0 27 63 32828 4042
4092 0 61 0 32824 4025
4092 1 39 2 32824 4040
4092 0 8 18 32818 4063
4092 0 18 27 32819 4075
4092 0 38 36 32830 4072
4092 0 48 45 32827 4051
4092 0 59 63 32825 4063
4093 0 61 0 32824 4026
4093 0 19 18 32820 4073
4093 0 18 27 32819 4076
4093 0 7 36 32824 4022
4093 0 57 45 32830 4052
4093 0 27 63 32828 4043
4094 0 61 0 32824 4027
4094 0 8 18 32818 4064
4094 0 38 36 32830 4073
4094 0 48 45 32827 4052
4094 1 50 56 32805 4071
4094 0 59 63 32825 4064
4095 0 19 18 32820 4074
4095 0 7 36 32824 4023
4095 0 57 45 32830 4053
4095 0 27 63 32828 4044
4096 0 8 18 32818 4065
4096 0 38 36 32830 4074
4096 0 48 45 32827 4053
4096 0 59 63 32825 4065
4097 0 19 18 32820 4075
4097 0 7 36 32824 4024
4097 0 57 45 32830 4054
4097 0 41 63 32822 4044
4098 0 8 18 32818 4066
4098 0 38 36 32830 4075
4098 0 48 45 32827 4054
4098 0 59 63 32825 4066
4099 0 7 36 32824 4025
4099 0 57 45 32830 4055
4099 0 41 63 32822 4045
4100 0 23 27 32828 4068
4100 0 38 36 32830 4076
4100 0 48 45 32827 4055
4100 0 59 63 32825 4067
4101 0 23 27 32828 4069
4101 0 7 36 32824 4026
4101 0 57 45 32830 4056
4101 0 41 63 32822 4046
4102 0 22 0 32823 4055
4102 0 23 27 32828 4070
4102 0 38 36 32830 4077
4102 0 48 45 32827 4056
4102 0 59 63 32825 4068
4103 0 22 0 32823 4056
4103 0 23 27 32828 4071
4103 0 7 36 32824 4027
4103 0 57 45 32830 4057
4103 0 41 63 32822 4047
4104 0 22 0 32823 4057
4104 1 43 7 32831 4051
4104 0 23 27 32828 4072
4104 0 38 36 32830 4078
4104 0 36 45 32817 4085
4104 0 59 63 32825 4069
4105 0 22 0 32823 4058
4105 0 23 27 32828 4073
4105 0 60 36 32823 4076
4105 0 36 45 32817 4086
4105 0 41 63 32822 4048
4106 0 22 0 32823 4059
4106 0 23 27 32828 4074
4106 0 38 36 32830 4079
4106 0 36 45 32817 4087
4106 0 59 63 32825 4070
4107 0 52 0 32825 4050
4107 1 44 7 32829 4060
4107 0 23 27 32828 4075
4107 0 60 36 32823 4077
4107 0 36 45 32817 4088
4107 0 41 63 32822 4049
4108 0 22 0 32823 4060
4108 0 41 9 32823 4081
4108 0 23 27 32828 4076
4108 0 38 36 32830 4080
4108 0 36 45 32817 4089
4108 0 32 63 32824 4037
4109 0 52 0 32825 4051
4109 0 41 9 32823 4082
4109 0 23 27 32828 4077
4109 0 60 36 32823 4078
4109 1 37 54 32826 4087
4109 0 41 63 32822 4050
4110 0 22 0 32823 4061
4110 0 41 9 32823 4083
4110 0 3 18 32825 4088
4110 0 38 36 32830 4081
4110 0 36 45 32817 4090
4110 0 32 63 32824 4038
4111 0 52 0 32825 4052
4111 0 41 9 32823 4084
4111 0 3 18 32825 4089
4111 0 60 36 32823 4079
4111 0 41 63 32822 4051
4112 0 22 0 32823 4062
4112 1 4 5 32833 4100
4112 0 41 9 32823 4085
4112 0 3 18 32825 4090
4112 0 15 36 32818 4015
4112 0 36 45 32817 4091
4112 0 32 63 32824 4039
4113 0 52 0 32825 4053
4113 0 41 9 32823 4086
4113 0 3 18 32825 4091
4113 0 60 36 32823 4080
4113 0 34 54 32821 4076
4113 0 41 63 32822 4052
4114 0 22 0 32823 4063
4114 0 41 9 32823 4087
4114 0 3 18 32825 4092
4114 0 15 36 32818 4016
4114 0 36 45 32817 4092
4114 0 23 54 32829 4082
4114 0 32 63 32824 4040
4115 0 52 0 32825 4054
4115 0 41 9 32823 4088
4115 1 6 11 32827 4088
4115 0 3 18 32825 4093
4115 0 60 36 32823 4081
4115 0 34 54 32821 4077
4115 1 62 58 32827 4088
4115 0 41 63 32822 4053
4116 0 22 0 32823 4064
4116 0 41 9 32823 4089
4116 1 16 13 32822 4079
4116 0 3 18 32825 4094
4116 0 15 36 32818 4017
4116 0 36 45 32817 4093
4116 0 23 54 32829 4083
4116 0 32 63 32824 4041
4117 0 52 0 32825 4055
4117 0 41 9 32823 4090
4117 0 3 18 32825 4095
4117 0 60 36 32823 4082
4117 0 34 54 32821 4078
4117 0 32 63 32824 4042
4118 0 6 0 32826 4080
4118 0 3 18 32825 4096
4118 0 15 36 32818 4018
4118 0 36 45 32817 4094
4118 0 23 54 32829 4084
4118 0 32 63 32824 4043
4119 0 52 0 32825 4056
4119 0 3 18 32825 4097
4119 0 60 36 32823 4083
4119 0 34 54 32821 4079
4119 1 20 61 32816 4082
4119 0 32 63 32824 4044
4120 0 6 0 32826 4081
4120 0 15 36 32818 4019
4120 1 55 43 32824 4088
4120 0 23 54 32829 4085
4120 1 48 56 32828 4108
4120 0 25 63 32820 4041
4121 0 52 0 32825 4057
4121 0 60 36 32823 4084
4121 0 34 54 32821 4080
4121 0 32 63 32824 4045
4122 0 6 0 32826 4082
4122 0 15 36 32818 4020
4122 0 23 54 32829 4086
4122 0 25 63 32820 4042
4123 0 52 0 32825 4058
4123 0 60 36 32823 4085
4123 0 34 54 32821 4081
4123 0 32 63 32824 4046
4124 0 6 0 32826 4083
4124 0 15 36 32818 4021
4124 0 23 54 32829 4087
4124 0 25 63 32820 4043
4125 0 52 0 32825 4059
4125 0 18 36 32818 4047
4125 0 34 54 32821 4082
4125 0 25 63 32820 4044
4126 0 6 0 32826 4084
4126 0 57 27 32831 4089
4126 0 15 36 32818 4022
4126 0 23 54 32829 4088
4126 0 25 63 32820 4045
4127 0 19 0 32821 4087
4127 0 57 27 32831 4090
4127 0 18 36 32818 4048
4127 0 34 54 32821 4083
4127 0 25 63 32820 4046
4128 0 6 0 32826 4085
4128 0 57 27 32831 4091
4128 0 15 36 32818 4023
4128 0 23 54 32829 4089
4128 0 25 63 32820 4047
4129 0 19 0 32821 4088
4129 0 57 27 32831 4092
4129 0 18 36 32818 4049
4129 0 34 54 32821 4084
4129 0 25 63 32820 4048
4130 0 6 0 32826 4086
4130 1 63 1 32825 4058
4130 0 57 27 32831 4093
4130 0 15 36 32818 4024
4130 0 23 54 32829 4090
4130 0 25 63 32820 4049
4131 0 19 0 32821 4089
4131 0 57 27 32831 4094
4131 0 18 36 32818 4050
4131 0 34 54 32821 4085
4131 0 25 63 32820 4050
4132 0 6 0 32826 4087
4132 0 57 27 32831 4095
4132 0 18 36 32818 4051
4132 0 23 54 32829 4091
4133 0 19 0 32821 4090
4133 0 18 36 32818 4052
4133 0 55 54 32826 4118
4134 0 6 0 32826 4089
4134 0 57 27 32831 4096
4134 0 18 36 32818 4053
4134 0 55 54 32826 4119
4135 0 19 0 32821 4091
4135 0 57 27 32831 4097
4135 0 18 36 32818 4054
4135 1 58 44 32829 4108
4135 0 28 54 32812 4102
4136 0 6 0 32826 4090
4136 0 57 27 32831 4098
4136 0 18 36 32818 4055
4136 1 6 37 32828 4104
4136 0 55 54 32826 4120
4137 0 19 0 32821 4092
4137 0 23 36 32830 4097
4137 0 28 54 32812 4103
4138 0 1 0 32816 4117
4138 0 18 36 32818 4056
4138 0 55 54 32826 4121
4139 0 19 0 32821 4093
4139 0 23 36 32830 4098
4139 1 10 37 32826 4101
4139 1 38 41 32831 4102
4139 0 28 54 32812 4104
4140 0 1 0 32816 4118
4140 0 23 36 32830 4099
4140 0 55 54 32826 4122
4141 0 19 0 32821 4094
4141 0 59 9 32826 4094
4141 0 23 36 32830 4100
4141 0 28 54 32812 4105
4142 0 1 0 32816 4119
4142 0 59 9 32826 4095
4142 0 23 36 32830 4101
4142 0 28 45 32813 4120
4142 0 55 54 32826 4123
4143 0 19 0 32821 4095
4143 0 59 9 32826 4096
4143 1 49 11 32818 4100
4143 0 23 36 32830 4102
4143 0 28 45 32813 4121
4143 0 28 54 32812 4106
4144 0 1 0 32816 4120
4144 0 59 9 32826 4097
4144 0 36 27 32818 4127
4144 0 23 36 32830 4103
4144 0 28 45 32813 4122
4144 0 55 54 32826 4124
4145 0 19 0 32821 4096
4145 0 59 9 32826 4098
4145 0 36 27 32818 4128
4145 0 23 36 32830 4104
4145 0 28 45 32813 4123
4145 0 28 54 32812 4107
4146 0 1 0 32816 4121
4146 0 59 9 32826 4099
4146 0 36 27 32818 4129
4146 0 23 36 32830 4105
4146 0 28 45 32813 4124
4146 0 55 54 32826 4125
4147 0 58 0 32828 4090
4147 0 59 9 32826 4100
4147 1 38 23 32833 4123
4147 0 36 27 32818 4130
4147 0 23 36 32830 4106
4147 0 28 45 32813 4125
4147 0 28 54 32812 4108
4148 0 1 0 32816 4122
4148 0 59 9 32826 4101
4148 0 36 27 32818 4131
4148 0 28 45 32813 4126
4148 0 55 54 32826 4126
4149 0 58 0 32828 4091
4149 0 59 9 32826 4102
4149 0 36 27 32818 4132
4149 0 28 45 32813 4127
4149 1 38 52 32832 4122
4149 0 28 54 32812 4109
4150 0 1 0 32816 4123
4150 0 59 9 32826 4103
4150 0 36 27 32818 4133
4150 0 61 45 32826 4133
4150 1 3 51 32826 4113
4150 0 55 54 32826 4127
4151 0 58 0 32828 4092
4151 0 55 18 32825 4099
4151 0 36 27 32818 4134
4151 0 28 45 32813 4128
4151 0 28 54 32812 4110
4152 0 1 0 32816 4124
4152 0 55 18 32825 4100
4152 0 7 27 32826 4110
4152 0 61 45 32826 4134
4152 0 7 54 32825 4075
4153 0 58 0 32828 4093
4153 0 55 18 32825 4101
4153 0 36 27 32818 4135
4153 0 28 45 32813 4129
4153 0 28 54 32812 4111
4154 0 1 0 32816 4125
4154 0 55 18 32825 4102
4154 0 7 27 32826 4111
4154 0 61 45 32826 4135
4154 0 7 54 32825 4076
4155 0 58 0 32828 4094
4155 0 55 18 32825 4103
4155 0 36 27 32818 4136
4155 0 61 45 32826 4136
4155 0 7 54 32825 4077
4156 0 1 0 32816 4126
4156 0 56 18 32834 4114
4156 1 63 21 32827 4114
4156 0 7 27 32826 4112
4156 0 61 45 32826 4137
4156 0 7 54 32825 4078
4157 0 58 0 32828 4095
4157 0 55 18 32825 4104
4157 0 7 27 32826 4113
4157 0 7 54 32825 4079
4158 0 58 0 32828 4096
4158 0 56 18 32834 4115
4158 0 7 27 32826 4114
4158 0 61 45 32826 4138
4158 0 7 54 32825 4080
4159 0 58 0 32828 4097
4159 0 55 18 32825 4105
4159 0 7 27 32826 4115
4159 0 61 45 32826 4139
4159 0 7 54 32825 4081
4160 0 23 0 32831 4108
4160 1 13 12 32819 4148
4160 0 56 18 32834 4116
4160 0 7 27 32826 4116
4160 1 54 31 32826 4133
4160 0 61 45 32826 4140
4160 0 7 54 32825 4082
4161 0 58 0 32828 4098
4161 0 55 18 32825 4106
4161 0 7 27 32826 4117
4161 0 3 36 32827 4129
4161 0 61 45 32826 4141
4161 0 7 54 32825 4083
4162 0 23 0 32831 4109
4162 1 9 12 32819 4140
4162 0 56 18 32834 4117
4162 0 7 27 32826 4118
4162 0 3 36 32827 4130
4162 0 61 45 32826 4142
4162 0 7 54 32825 4084
4163 0 58 0 32828 4099
4163 0 55 18 32825 4107
4163 0 7 27 32826 4119
4163 0 3 36 32827 4131
4163 1 49 42 32819 4146
4163 1 53 44 32821 4146
4163 1 39 56 32825 4106
4164 0 23 0 32831 4110
4164 0 56 18 32834 4118
4164 0 3 36 32827 4132
4164 0 57 63 32833 4127
4165 0 23 0 32831 4111
4165 0 55 18 32825 4108
4165 0 3 36 32827 4133
4165 0 57 63 32833 4128
4166 0 23 0 32831 4112
4166 0 63 9 32826 4099
4166 0 56 18 32834 4119
4166 0 9 27 32818 4139
4166 0 3 36 32827 4134
4166 0 39 54 32826 4144
4166 0 57 63 32833 4129
4167 0 23 0 32831 4113
4167 0 63 9 32826 4100
4167 0 56 18 32834 4120
4167 0 9 27 32818 4141
4167 1 57 29 32832 4119
4167 0 3 36 32827 4135
4167 0 39 54 32826 4145
4167 0 57 63 32833 4130
4168 0 23 0 32831 4114
4168 0 63 9 32826 4101
4168 0 56 18 32834 4121
4168 0 9 27 32818 4142
4168 0 3 36 32827 4136
4168 0 39 54 32826 4146
4168 0 57 63 32833 4131
4169 0 51 0 32821 4117
4169 0 63 9 32826 4102
4169 0 56 18 32834 4122
4169 0 9 27 32818 4143
4169 0 31 36 32810 4142
4169 0 39 54 32826 4147
4169 0 57 63 32833 4132
4170 0 23 0 32831 4115
4170 0 63 9 32826 4103
4170 0 56 18 32834 4123
4170 0 9 27 32818 4144
4170 0 3 36 32827 4137
4170 0 39 54 32826 4148
4170 1 7 62 32827 4123
4170 0 57 63 32833 4133
4171 0 51 0 32821 4118
4171 0 63 9 32826 4104
4171 0 9 27 32818 4145
4171 0 31 36 32810 4143
4171 0 39 54 32826 4149
4171 0 57 63 32833 4134
4172 0 23 0 32831 4116
4172 0 63 9 32826 4105
4172 0 9 27 32818 4146
4172 0 3 36 32827 4138
4172 0 39 54 32826 4150
4172 0 57 63 32833 4135
4173 0 51 0 32821 4119
4173 0 63 9 32826 4106
4173 0 47 18 32823 4126
4173 0 9 27 32818 4147
4173 0 31 36 32810 4144
4173 0 39 54 32826 4151
4173 0 57 63 32833 4136
4174 0 23 0 32831 4117
4174 0 63 9 32826 4107
4174 0 47 18 32823 4127
4174 0 9 27 32818 4148
4174 0 31 36 32810 4145
4174 0 39 54 32826 4152
4175 0 51 0 32821 4120
4175 0 63 9 32826 4108
4175 0 47 18 32823 4128
4175 0 9 27 32818 4149
4175 0 39 54 32826 4153
4175 1 52 57 32826 4148
4176 0 51 0 32821 4121
4176 0 47 18 32823 4129
4176 0 31 36 32810 4146
4176 0 59 54 32827 4148
4177 0 51 0 32821 4123
4177 0 47 18 32823 4130
4177 0 31 36 32810 4147
4177 0 59 54 32827 4149
4178 0 51 0 32821 4124
4178 1 60 5 32824 4131
4178 0 47 18 32823 4131
4178 1 46 22 32817 4156
4178 0 31 36 32810 4148
4178 0 59 54 32827 4150
4179 0 51 0 32821 4125
4179 1 51 9 32822 4122
4179 0 47 18 32823 4132
4179 0 31 36 32810 4149
4179 0 59 54 32827 4151
4180 0 51 0 32821 4126
4180 1 32 16 32826 4163
4180 0 2 18 32806 4163
4180 0 31 36 32810 4150
4180 1 27 44 32829 4152
4180 0 59 54 32827 4152
4181 0 51 0 32821 4127
4181 0 47 18 32823 4133
4181 0 31 36 32810 4151
4181 0 59 54 32827 4153
4182 0 2 18 32806 4164
4182 0 59 54 32827 4154
4183 0 47 18 32823 4134
4183 1 29 24 32810 4151
4183 0 59 54 32827 4155
4184 0 2 18 32806 4165
4184 0 59 54 32827 4156
4185 0 10 9 32827 4173
4185 0 47 18 32823 4135
4185 0 33 27 32811 4163
4185 0 59 54 32827 4157
4186 0 10 9 32827 4174
4186 0 2 18 32806 4166
4186 0 11 27 32824 4169
4187 0 10 9 32827 4175
4187 0 41 18 32824 4154
4187 0 33 27 32811 4164
4187 0 55 63 32827 4175
4188 0 10 9 32827 4176
4188 0 2 18 32806 4167
4188 0 11 27 32824 4170
4188 0 55 63 32827 4176
4189 0 48 9 32829 4152
4189 0 41 18 32824 4155
4189 0 33 27 32811 4165
4189 0 35 36 32826 4177
4189 0 55 63 32827 4177
4190 0 10 9 32827 4177
4190 0 2 18 32806 4168
4190 0 11 27 32824 4171
4190 0 27 36 32830 4173
4190 0 55 63 32827 4178
4191 0 48 9 32829 4153
4191 0 41 18 32824 4156
4191 0 33 27 32811 4166
4191 0 35 36 32826 4178
4191 0 55 63 32827 4179
4192 0 10 9 32827 4178
4192 0 2 18 32806 4169
4192 0 11 27 32824 4172
4192 0 27 36 32830 4174
4192 0 55 63 32827 4180
4193 0 48 9 32829 4154
4193 0 41 18 32824 4157
4193 0 33 27 32811 4167
4193 0 35 36 32826 4179
4193 0 55 63 32827 4181
4194 0 10 9 32827 4179
4194 0 2 18 32806 4170
4194 0 11 27 32824 4173
4194 0 27 36 32830 4175
4194 0 55 63 32827 4182
4195 0 48 9 32829 4155
4195 0 41 18 32824 4158
4195 0 33 27 32811 4168
4195 0 35 36 32826 4180
4195 0 55 63 32827 4183
4196 0 10 9 32827 4180
4196 0 2 18 32806 4171
4196 0 11 27 32824 4174
4196 0 27 36 32830 4176
4196 0 55 63 32827 4184
4197 0 48 9 32829 4156
4197 0 41 18 32824 4159
4197 0 33 27 32811 4169
4197 0 35 36 32826 4181
4198 0 10 9 32827 4181
4198 0 2 18 32806 4172
4198 0 11 27 32824 4175
4198 0 27 36 32830 4177
4199 0 48 9 32829 4157
4199 0 41 18 32824 4160
4199 0 33 27 32811 4170
4199 0 35 36 32826 4182
4199 0 1 45 32817 4147
4200 0 10 9 32827 4182
4200 0 48 18 32830 4162
4200 0 11 27 32824 4176
4200 0 27 36 32830 4178
4200 0 1 45 32817 4148
4201 0 48 9 32829 4158
4201 0 41 18 32824 4161
4201 0 33 27 32811 4171
4201 0 35 36 32826 4183
4201 0 1 45 32817 4149
4201 1 40 52 32827 4169
4202 0 48 9 32829 4159
4202 0 48 18 32830 4163
4202 0 11 27 32824 4177
4202 0 27 36 32830 4179
4202 0 39 45 32828 4180
4203 0 48 9 32829 4160
4203 0 41 18 32824 4162
4203 0 33 27 32811 4172
4203 0 35 36 32826 4184
4203 0 1 45 32817 4150
4204 0 48 9 32829 4161
4204 0 48 18 32830 4164
4204 0 11 27 32824 4178
4204 0 27 36 32830 4180
4204 0 39 45 32828 4181
4204 0 6 63 32829 4157
4205 0 41 18 32824 4163
4205 0 39 27 32827 4162
4205 0 35 36 32826 4185
4205 0 1 45 32817 4151
4205 0 6 63 32829 4158
4206 0 48 18 32830 4165
4206 1 3 27 32828 4165
4206 0 27 36 32830 4181
4206 0 39 45 32828 4182
4206 0 6 63 32829 4159
4207 0 48 18 32830 4166
4207 0 39 27 32827 4163
4207 1 18 29 32820 4180
4207 0 35 36 32826 4186
4207 0 1 45 32817 4152
4207 0 6 63 32829 4160
4208 1 6 1 32830 4176
4208 0 48 18 32830 4167
4208 0 39 27 32827 4164
4208 0 27 36 32830 4182
4208 0 39 45 32828 4183
4208 0 6 63 32829 4161
4209 0 48 18 32830 4168
4209 0 39 27 32827 4165
4209 0 33 36 32812 4173
4209 0 1 45 32817 4153
4209 0 35 63 32825 4167
4210 0 48 18 32830 4169
4210 0 39 27 32827 4166
4210 0 33 36 32812 4174
4210 0 39 45 32828 4184
4210 0 6 63 32829 4162
4211 0 48 18 32830 4170
4211 0 39 27 32827 4167
4211 0 33 36 32812 4175
4211 0 1 45 32817 4154
4211 1 39 47 32829 4192
4211 0 35 63 32825 4168
4212 1 17 6 32814 4170
4212 0 12 9 32815 4190
4212 0 48 18 32830 4171
4212 0 15 27 32819 4173
4212 0 33 36 32812 4176
4212 0 39 45 32828 4185
4212 0 6 63 32829 4163
4213 0 12 9 32815 4191
4213 0 39 27 32827 4168
4213 0 36 36 32820 4206
4213 0 1 45 32817 4155
4213 0 35 63 32825 4169
4214 0 12 9 32815 4192
4214 1 22 20 32824 4197
4214 0 15 27 32819 4174
4214 1 18 35 32821 4190
4214 0 33 36 32812 4177
4214 0 39 45 32828 4186
4214 0 6 63 32829 4164
4215 0 12 9 32815 4193
4215 0 39 27 32827 4169
4215 0 36 36 32820 4207
4215 0 1 45 32817 4156
4215 1 9 50 32820 4178
4215 0 35 63 32825 4170
4216 0 40 9 32828 4184
4216 0 15 27 32819 4175
4216 1 53 32 32822 4174
4216 0 33 36 32812 4178
4216 0 39 45 32828 4187
4216 0 6 63 32829 4165
4217 0 12 9 32815 4194
4217 0 39 27 32827 4170
4217 0 36 36 32820 4208
4217 1 51 45 32823 4189
4217 0 35 63 32825 4171
4218 0 40 9 32828 4185
4218 0 15 27 32819 4176
4218 0 33 36 32812 4179
4218 0 39 45 32828 4188
4218 1 59 58 32829 4206
4218 0 6 63 32829 4166
4219 0 29 0 32811 4172
4219 0 12 9 32815 4195
4219 0 39 27 32827 4171
4219 0 36 36 32820 4209
4219 0 7 45 32828 4161
4219 0 35 63 32825 4172
4220 0 29 0 32811 4173
4220 0 40 9 32828 4186
4220 0 15 27 32819 4177
4220 0 33 36 32812 4180
4220 0 39 45 32828 4189
4220 1 59 48 32828 4193
4220 0 35 63 32825 4173
4221 0 29 0 32811 4174
4221 0 12 9 32815 4196
4221 0 27 27 32831 4207
4221 0 36 36 32820 4210
4221 0 7 45 32828 4162
4221 0 35 63 32825 4174
4222 0 29 0 32811 4175
4222 0 40 9 32828 4187
4222 0 15 27 32819 4178
4222 0 33 36 32812 4181
4222 0 7 45 32828 4163
4222 0 35 63 32825 4175
4223 0 29 0 32811 4176
4223 0 12 9 32815 4197
4223 0 27 27 32831 4208
4223 0 36 36 32820 4211
4223 0 20 45 32817 4196
4223 0 35 63 32825 4176
4224 0 29 0 32811 4177
4224 0 40 9 32828 4188
4224 0 15 27 32819 4179
4224 0 33 36 32812 4182
4224 0 7 45 32828 4164
4225 0 29 0 32811 4178
4225 0 12 9 32815 4198
4225 0 27 27 32831 4209
4225 0 36 36 32820 4212
4225 0 20 45 32817 4197
4226 0 29 0 32811 4179
4226 0 40 9 32828 4189
4226 0 15 27 32819 4180
4226 0 58 36 32830 4181
4226 0 7 45 32828 4165
4227 0 29 0 32811 4180
4227 0 12 9 32815 4199
4227 0 27 27 32831 4210
4227 0 36 36 32820 4213
4227 0 20 45 32817 4198
4228 0 29 0 32811 4181
4228 0 40 9 32828 4190
4228 0 15 27 32819 4181
4228 0 58 36 32830 4182
4228 0 7 45 32828 4166
4229 0 8 9 32819 4209
4229 0 27 27 32831 4211
4229 0 36 36 32820 4214
4229 0 20 45 32817 4199
4229 1 44 59 32830 4207
4230 0 40 9 32828 4191
4230 0 15 27 32819 4182
4230 0 58 36 32830 4183
4230 0 7 45 32828 4167
4231 0 8 9 32819 4210
4231 0 36 36 32820 4215
4231 0 20 45 32817 4200
4231 0 56 63 32835 4189
4232 0 40 9 32828 4192
4232 0 27 27 32831 4212
4232 0 58 36 32830 4184
4232 0 7 45 32828 4168
4232 0 56 63 32835 4190
4233 0 8 9 32819 4211
4233 0 36 27 32819 4196
4233 0 11 36 32825 4198
4233 0 20 45 32817 4201
4233 1 49 47 32820 4191
4233 0 56 63 32835 4191
4234 0 40 9 32828 4193
4234 0 27 27 32831 4213
4234 0 58 36 32830 4185
4234 0 7 45 32828 4169
4234 0 56 63 32835 4192
4235 0 8 9 32819 4212
4235 0 36 27 32819 4197
4235 0 11 36 32825 4199
4235 0 20 45 32817 4202
4235 0 56 63 32835 4193
4236 1 1 9 32818 4216
4236 0 27 27 32831 4214
4236 0 58 36 32830 4186
4236 0 7 45 32828 4170
4236 0 56 63 32835 4194
4237 1 20 3 32818 4215
4237 0 8 9 32819 4213
4237 0 36 27 32819 4198
4237 0 11 36 32825 4200
4237 0 20 45 32817 4203
4237 0 56 63 32835 4195
4238 0 13 9 32820 4210
4238 0 27 27 32831 4220
4238 0 58 36 32830 4187
4238 0 20 45 32817 4204
4238 0 56 63 32835 4196
4239 0 8 9 32819 4214
4239 0 36 27 32819 4199
4239 0 11 36 32825 4201
4239 0 20 45 32817 4205
4239 0 56 63 32835 4197
4240 0 13 9 32820 4211
4240 0 27 27 32831 4222
4240 0 58 36 32830 4188
4240 0 56 63 32835 4198
4241 0 8 9 32819 4215
4241 0 36 27 32819 4200
4241 0 11 36 32825 4202
4242 0 13 9 32820 4212
4242 0 32 27 32827 4191
4242 0 58 36 32830 4189
4243 0 8 9 32819 4216
4243 0 36 27 32819 4201
4243 0 11 36 32825 4203
4244 0 13 9 32820 4213
4244 0 32 27 32827 4192
4244 0 58 36 32830 4190
4245 0 8 9 32819 4217
4245 0 36 27 32819 4202
4245 0 11 36 32825 4204
4246 0 13 9 32820 4214
4246 0 32 27 32827 4193
4246 0 15 36 32820 4183
4247 0 8 9 32819 4218
4247 0 36 27 32819 4203
4247 0 11 36 32825 4205
4247 0 34 54 32822 4209
4248 0 13 9 32820 4215
4248 0 51 18 32825 4216
4248 0 32 27 32827 4194
4248 0 15 36 32820 4184
4248 0 34 54 32822 4210
4249 0 28 9 32814 4197
4249 0 51 18 32825 4217
4249 0 36 27 32819 4204
4249 0 11 36 32825 4206
4249 0 34 54 32822 4211
4250 1 2 0 32807 4233
4250 0 13 9 32820 4216
4250 0 5 18 32821 4218
4250 0 32 27 32827 4195
4250 0 15 36 32820 4185
4250 0 34 54 32822 4212
4251 0 28 9 32814 4198
4251 0 51 18 32825 4218
4251 0 36 27 32819 4205
4251 0 11 36 32825 4207
4251 0 40 54 32829 4209
4252 0 13 9 32820 4217
4252 0 5 18 32821 4219
4252 0 32 27 32827 4196
4252 0 15 36 32820 4186
4252 0 34 54 32822 4213
4253 0 28 9 32814 4199
4253 0 51 18 32825 4219
4253 0 32 27 32827 4197
4253 0 15 36 32820 4187
4253 0 40 54 32829 4210
4254 0 13 9 32820 4218
4254 0 5 18 32821 4220
4254 0 32 27 32827 4198
4254 0 20 36 32820 4237
4254 0 34 54 32822 4214
4255 0 28 9 32814 4200
4255 0 51 18 32825 4220
4255 0 32 27 32827 4199
4255 0 15 36 32820 4188
4255 0 40 54 32829 4211
4256 0 20 0 32819 4219
4256 0 13 9 32820 4219
4256 0 5 18 32821 4221
4256 0 32 27 32827 4200
4256 0 20 36 32820 4238
4256 0 34 54 32822 4215
4257 0 20 0 32819 4220
4257 0 28 9 32814 4201
4257 0 51 18 32825 4221
4257 0 15 36 32820 4189
4257 0 40 54 32829 4212
4258 0 20 0 32819 4221
4258 0 14 9 32822 4213
4258 0 5 18 32821 4222
4258 0 20 36 32820 4239
4258 0 34 54 32822 4216
4258 1 5 55 32820 4211
4259 0 20 0 32819 4222
4259 0 28 9 32814 4202
4259 0 51 18 32825 4222
4259 0 15 36 32820 4190
4259 0 24 45 32832 4212
4259 0 40 54 32829 4213
4260 0 47 0 32824 4193
4260 0 14 9 32822 4214
4260 0 5 18 32821 4223
4260 0 20 36 32820 4240
4260 0 24 45 32832 4213
4260 0 34 54 32822 4217
4261 0 20 0 32819 4223
4261 0 28 9 32814 4203
4261 0 51 18 32825 4223
4261 0 15 36 32820 4191
4261 0 24 45 32832 4214
4261 0 40 54 32829 4214
4262 0 47 0 32824 4194
4262 0 14 9 32822 4215
4262 0 5 18 32821 4224
4262 0 20 36 32820 4241
4262 0 24 45 32832 4215
4262 0 34 54 32822 4218
4263 0 20 0 32819 4224
4263 0 28 9 32814 4204
4263 0 51 18 32825 4224
4263 0 15 36 32820 4192
4263 0 24 45 32832 4216
4263 0 40 54 32829 4215
4264 0 47 0 32824 4195
4264 0 14 9 32822 4216
4264 0 5 18 32821 4225
4264 0 20 36 32820 4242
4264 0 40 54 32829 4216
4265 0 20 0 32819 4225
4265 0 28 9 32814 4205
4265 0 51 18 32825 4225
4265 0 51 27 32826 4243
4265 1 3 31 32829 4223
4265 0 20 36 32820 4243
4265 0 24 45 32832 4217
4265 0 24 54 32831 4202
4266 0 47 0 32824 4196
4266 0 14 9 32822 4217
4266 0 5 18 32821 4226
4266 0 51 27 32826 4244
4266 0 20 36 32820 4244
4266 0 40 54 32829 4217
4267 0 20 0 32819 4226
4267 0 28 9 32814 4206
4267 0 27 18 32833 4234
4267 0 51 27 32826 4245
4267 0 20 36 32820 4245
4267 0 24 45 32832 4218
4267 0 24 54 32831 4203
4268 0 47 0 32824 4197
4268 0 14 9 32822 4218
4268 0 5 18 32821 4227
4268 0 51 27 32826 4246
4268 0 20 36 32820 4246
4268 0 0 45 32804 4211
4268 0 40 54 32829 4218
4269 0 20 0 32819 4227
4269 1 59 8 32830 4213
4269 0 51 9 32824 4193
4269 0 27 18 32833 4235
4269 0 51 27 32826 4247
4269 0 24 45 32832 4219
4269 0 24 54 32831 4204
4270 0 47 0 32824 4198
4270 0 14 9 32822 4219
4270 1 54 18 32827 4208
4270 0 51 27 32826 4248
4270 0 0 45 32804 4212
4270 0 24 54 32831 4205
4271 0 20 0 32819 4228
4271 0 51 9 32824 4194
4271 0 27 18 32833 4236
4271 0 51 27 32826 4249
4271 0 24 45 32832 4220
4271 0 17 54 32815 4208
4271 0 27 63 32832 4224
4272 0 47 0 32824 4199
4272 0 14 9 32822 4220
4272 0 27 18 32833 4237
4272 0 50 27 32806 4245
4272 0 0 45 32804 4213
4272 0 24 54 32831 4206
4272 0 27 63 32832 4225
4273 0 7 0 32829 4231
4273 0 51 9 32824 4195
4273 0 37 18 32827 4239
4273 0 51 27 32826 4250
4273 0 24 45 32832 4221
4273 0 17 54 32815 4209
4273 0 27 63 32832 4226
4274 0 47 0 32824 4200
4274 1 60 3 32825 4223
4274 0 14 9 32822 4221
4274 0 27 18 32833 4238
4274 0 50 27 32806 4246
4274 0 0 45 32804 4214
4274 0 24 54 32831 4207
4274 0 27 63 32832 4227
4275 0 7 0 32829 4232
4275 0 51 9 32824 4196
4275 0 37 18 32827 4240
4275 0 51 27 32826 4251
4275 0 0 45 32804 4215
4275 0 17 54 32815 4210
4275 0 27 63 32832 4228
4276 0 47 0 32824 4201
4276 0 14 9 32822 4222
4276 0 27 18 32833 4239
4276 0 50 27 32806 4247
4276 0 0 45 32804 4216
4276 0 24 54 32831 4208
4276 0 27 63 32832 4229
4277 0 7 0 32829 4233
4277 0 51 9 32824 4197
4277 0 37 18 32827 4241
4277 0 51 27 32826 4252
4277 0 0 45 32804 4217
4277 1 44 47 32832 4255
4277 0 17 54 32815 4211
4277 1 35 58 32827 4249
4277 0 27 63 32832 4230
4278 0 47 0 32824 4202
4278 0 61 9 32827 4203
4278 0 27 18 32833 4240
4278 0 50 27 32806 4248
4278 0 0 45 32804 4218
4278 0 24 54 32831 4209
4278 0 27 63 32832 4231
4279 0 7 0 32829 4234
4279 0 51 9 32824 4198
4279 0 37 18 32827 4242
4279 0 50 27 32806 4249
4279 0 0 45 32804 4219
4279 0 17 54 32815 4212
4279 0 27 63 32832 4232
4280 0 48 0 32831 4237
4280 0 61 9 32827 4204
4280 0 27 18 32833 4241
4280 0 50 27 32806 4250
4280 0 0 45 32804 4220
4280 0 24 54 32831 4210
4280 0 27 63 32832 4233
4281 0 7 0 32829 4235
4281 0 51 9 32824 4199
4281 0 37 18 32827 4243
4281 0 50 27 32806 4251
4281 0 17 54 32815 4213
4282 0 48 0 32831 4238
4282 0 61 9 32827 4205
4282 0 27 18 32833 4242
4282 1 6 20 32831 4255
4282 0 50 27 32806 4252
4282 0 24 54 32831 4211
4283 0 7 0 32829 4236
4283 0 51 9 32824 4200
4283 0 37 18 32827 4244
4283 0 50 27 32806 4253
4283 0 17 54 32815 4214
4284 0 48 0 32831 4239
4284 0 61 9 32827 4206
4284 0 27 18 32833 4244
4284 0 50 27 32806 4254
4284 0 17 54 32815 4215
4285 0 7 0 32829 4237
4285 0 51 9 32824 4201
4285 0 37 18 32827 4245
4285 0 46 54 32818 4272
4285 0 49 63 32821 4243
4286 0 48 0 32831 4240
4286 0 61 9 32827 4207
4286 0 37 18 32827 4246
4286 0 17 54 32815 4216
4286 0 49 63 32821 4244
4287 0 7 0 32829 4238
4287 0 51 9 32824 4202
4287 0 37 18 32827 4247
4287 0 12 45 32816 4255
4287 1 1 49 32819 4250
4287 0 46 54 32818 4273
4287 0 49 63 32821 4245
4288 0 48 0 32831 4241
4288 0 61 9 32827 4208
4288 0 37 18 32827 4248
4288 0 12 45 32816 4256
4288 0 17 54 32815 4217
4288 0 49 63 32821 4246
4289 0 7 0 32829 4239
4289 0 7 9 32830 4241
4289 1 20 30 32821 4267
4289 0 12 45 32816 4257
4289 1 61 49 32828 4257
4289 0 46 54 32818 4274
4289 0 49 63 32821 4247
4290 0 48 0 32831 4242
4290 0 61 9 32827 4209
4290 0 12 45 32816 4258
4290 0 46 54 32818 4275
4290 0 49 63 32821 4248
4291 0 7 0 32829 4240
4291 0 7 9 32830 4242
4291 0 12 45 32816 4259
4291 0 38 54 32834 4247
4291 0 49 63 32821 4249
4292 0 48 0 32831 4243
4292 0 61 9 32827 4210
4292 1 9 25 32822 4275
4292 0 12 45 32816 4260
4292 0 46 54 32818 4276
4292 0 49 63 32821 4250
4293 0 39 0 32830 4194
4293 0 7 9 32830 4243
4293 0 45 45 32816 4286
4293 0 38 54 32834 4248
4293 0 49 63 32821 4251
4294 0 48 0 32831 4244
4294 0 12 45 32816 4261
4294 0 46 54 32818 4277
4294 0 49 63 32821 4252
4295 0 39 0 32830 4195
4295 0 61 9 32827 4211
4295 1 23 44 32832 4258
4295 0 45 45 32816 4287
4295 0 38 54 32834 4249
4295 1 32 59 32828 4258
4296 0 48 0 32831 4245
4296 0 7 9 32830 4244
4296 0 12 45 32816 4262
4296 0 46 54 32818 4278
4297 0 39 0 32830 4196
4297 0 61 9 32827 4212
4297 0 45 45 32816 4288
4297 0 38 54 32834 4250
4298 0 48 0 32831 4246
4298 0 7 9 32830 4245
4298 1 9 32 32821 4271
4298 0 12 45 32816 4263
4298 0 46 54 32818 4279
4299 0 39 0 32830 4197
4299 1 31 1 32811 4247
4299 1 0 9 32806 4280
4299 1 14 41 32823 4247
4299 0 45 45 32816 4289
4299 0 38 54 32834 4251
4299 0 23 63 32833 4267
4300 0 39 0 32830 4198
4300 0 7 9 32830 4246
4300 1 50 18 32807 4273
4300 0 12 45 32816 4264
4300 0 46 54 32818 4280
4300 0 23 63 32833 4268
4301 0 30 0 32812 4231
4301 0 7 9 32830 4247
4301 0 45 45 32816 4290
4301 0 38 54 32834 4252
4301 0 23 63 32833 4269
4302 0 39 0 32830 4199
4302 0 7 9 32830 4248
4302 0 42 45 32818 4277
4302 0 46 54 32818 4281
4302 0 23 63 32833 4270
4303 0 30 0 32812 4232
4303 0 7 9 32830 4249
4303 0 45 45 32816 4291
4303 0 38 54 32834 4253
4303 0 23 63 32833 4271
4304 0 39 0 32830 4200
4304 0 7 9 32830 4250
4304 0 42 45 32818 4278
4304 0 38 54 32834 4254
4304 0 23 63 32833 4272
4305 0 30 0 32812 4233
4305 0 30 9 32813 4263
4305 0 45 45 32816 4292
4305 0 17 54 32816 4253
4305 0 23 63 32833 4273
4306 0 39 0 32830 4204
4306 0 30 9 32813 4264
4306 0 42 45 32818 4279
4306 0 38 54 32834 4264
4306 0 23 63 32833 4274
4307 0 30 0 32812 4234
4307 0 30 9 32813 4265
4307 0 45 45 32816 4293
4307 0 17 54 32816 4254
4307 0 23 63 32833 4275
4308 0 39 0 32830 4207
4308 0 30 9 32813 4266
4308 0 42 45 32818 4280
4308 0 38 54 32834 4266
4308 0 23 63 32833 4276
4309 0 30 0 32812 4235
4309 0 30 9 32813 4267
4309 0 49 27 32822 4277
4309 0 42 36 32819 4287
4309 0 45 45 32816 4294
4309 0 17 54 32816 4255
4310 0 39 0 32830 4208
4310 0 30 9 32813 4268
4310 0 49 27 32822 4278
4310 0 42 36 32819 4288
4310 0 42 45 32818 4281
4310 0 17 54 32816 4256
4310 1 12 60 32817 4273
4311 0 30 0 32812 4236
4311 0 30 9 32813 4269
4311 1 28 22 32815 4289
4311 0 49 27 32822 4279
4311 0 42 36 32819 4289
4311 0 45 45 32816 4295
4311 0 32 54 32829 4259
4312 0 30 0 32812 4237
4312 0 30 9 32813 4270
4312 0 49 27 32822 4280
4312 0 42 36 32819 4290
4312 0 42 45 32818 4282
4312 0 17 54 32816 4257
4313 0 44 0 32831 4237
4313 0 30 9 32813 4271
4313 0 49 27 32822 4281
4313 0 42 36 32819 4291
4313 0 20 45 32822 4282
4313 0 32 54 32829 4260
4314 0 30 0 32812 4238
4314 0 30 9 32813 4272
4314 0 49 27 32822 4282
4314 0 42 36 32819 4292
4314 0 42 45 32818 4283
4314 0 17 54 32816 4258
4315 0 44 0 32831 4238
4315 1 48 4 32832 4258
4315 1 52 22 32827 4278
4315 0 49 27 32822 4283
4315 0 20 45 32822 4283
4315 0 32 54 32829 4261
4316 0 30 0 32812 4239
4316 1 47 22 32825 4289
4316 0 49 27 32822 4284
4316 0 42 45 32818 4284
4316 0 17 54 32816 4259
4317 0 44 0 32831 4239
4317 0 49 27 32822 4285
4317 0 50 36 32808 4290
4317 0 20 45 32822 4284
4317 0 32 54 32829 4262
4318 0 30 0 32812 4240
4318 0 49 27 32822 4286
4318 0 42 36 32819 4293
4318 0 17 54 32816 4260
4319 0 44 0 32831 4240
4319 0 50 36 32808 4291
4319 0 42 45 32818 4285
4319 0 32 54 32829 4263
4319 1 33 56 32814 4292
4320 0 44 0 32831 4241
4320 0 37 18 32828 4288
4320 0 42 36 32819 4294
4320 0 20 45 32822 4285
4320 0 17 54 32816 4261
4321 0 44 0 32831 4242
4321 0 18 18 32822 4314
4321 0 50 36 32808 4292
4321 0 42 45 32818 4286
4321 0 32 54 32829 4264
4322 0 44 0 32831 4243
4322 0 37 18 32828 4289
4322 0 42 36 32819 4295
4322 0 20 45 32822 4286
4322 0 17 54 32816 4262
4323 0 44 0 32831 4244
4323 0 18 18 32822 4315
4323 0 50 36 32808 4293
4323 0 20 45 32822 4287
4323 1 42 53 32820 4296
4323 0 32 54 32829 4265
4324 0 44 0 32831 4245
4324 0 37 18 32828 4290
4324 0 42 36 32819 4297
4324 0 20 45 32822 4288
4324 0 32 54 32829 4266
4325 0 44 0 32831 4246
4325 0 18 18 32822 4316
4325 0 50 36 32808 4294
4325 0 20 45 32822 4289
4325 1 27 49 32834 4293
4325 0 36 54 32821 4284
4326 1 2 10 32808 4314
4326 0 37 18 32828 4291
4326 0 50 36 32808 4295
4326 1 35 38 32828 4297
4326 0 39 45 32832 4304
4326 0 32 54 32829 4267
4327 0 14 0 32824 4285
4327 0 18 18 32822 4317
4327 0 50 36 32808 4296
4327 0 20 45 32822 4290
4327 0 36 54 32821 4285
4328 0 14 0 32824 4286
4328 0 37 18 32828 4292
4328 0 50 36 32808 4297
4328 0 39 45 32832 4305
4328 0 32 54 32829 4268
4329 0 14 0 32824 4287
4329 0 18 18 32822 4318
4329 1 11 36 32826 4302
4329 0 20 45 32822 4291
4329 0 36 54 32821 4286
4330 0 14 0 32824 4288
4330 0 14 9 32825 4298
4330 0 37 18 32828 4293
4330 0 50 36 32808 4298
4330 0 39 45 32832 4306
4330 0 36 54 32821 4287
4331 0 14 0 32824 4289
4331 0 14 9 32825 4299
4331 0 18 18 32822 4319
4331 0 50 36 32808 4299
4331 0 39 45 32832 4307
4331 0 36 54 32821 4288
4332 0 14 0 32824 4290
4332 0 14 9 32825 4300
4332 0 37 18 32828 4294
4332 1 33 44 32815 4304
4332 0 39 45 32832 4308
4332 1 4 54 32834 4285
4333 0 14 0 32824 4291
4333 0 14 9 32825 4301
4333 0 18 18 32822 4320
4333 0 39 45 32832 4309
4333 0 36 54 32821 4289
4334 0 14 0 32824 4292
4334 0 14 9 32825 4302
4334 0 37 18 32828 4295
4334 1 0 45 32805 4277
4334 0 36 54 32821 4290
4334 0 58 63 32832 4302
4335 0 14 0 32824 4293
4335 0 14 9 32825 4303
4335 0 18 18 32822 4321
4335 0 25 36 32821 4308
4335 0 39 45 32832 4310
4335 0 42 54 32821 4298
4335 0 58 63 32832 4303
4336 0 14 0 32824 4294
4336 0 14 9 32825 4304
4336 0 37 18 32828 4296
4336 0 25 36 32821 4309
4336 0 39 45 32832 4311
4336 0 36 54 32821 4291
4336 0 58 63 32832 4304
4337 0 22 0 32825 4290
4337 0 14 9 32825 4305
4337 0 18 18 32822 4322
4337 0 25 36 32821 4310
4337 0 39 45 32832 4312
4337 0 42 54 32821 4299
4337 0 58 63 32832 4305
4338 0 22 0 32825 4291
4338 0 14 9 32825 4306
4338 0 37 18 32828 4297
4338 1 49 21 32823 4290
4338 1 34 29 32823 4310
4338 0 25 36 32821 4311
4338 0 39 45 32832 4313
4338 0 36 54 32821 4292
4338 0 58 63 32832 4306
4339 0 22 0 32825 4292
4339 0 23 9 32834 4297
4339 0 18 18 32822 4323
4339 0 25 36 32821 4312
4339 0 42 54 32821 4300
4339 0 58 63 32832 4307
4340 0 22 0 32825 4293
4340 0 14 9 32825 4307
4340 0 18 18 32823 4330
4340 0 25 36 32821 4313
4340 0 36 54 32821 4293
4340 0 58 63 32832 4308
4341 0 22 0 32825 4294
4341 0 23 9 32834 4298
4341 0 28 18 32816 4302
4341 0 25 36 32821 4314
4341 0 42 54 32821 4301
4341 0 58 63 32832 4309
4342 0 22 0 32825 4295
4342 0 23 9 32834 4299
4342 0 18 18 32823 4331
4342 1 42 34 32822 4329
4342 0 25 36 32821 4315
4342 1 25 40 32822 4320
4342 0 42 54 32821 4302
4342 0 58 63 32832 4310
4343 0 22 0 32825 4296
4343 0 23 9 32834 4300
4343 0 28 18 32816 4303
4343 0 41 36 32825 4308
4343 0 43 54 32832 4307
4343 0 58 63 32832 4311
4344 0 22 0 32825 4297
4344 0 23 9 32834 4301
4344 0 18 18 32823 4332
4344 1 58 22 32831 4292
4344 0 25 36 32821 4316
4344 0 42 54 32821 4303
4345 0 22 0 32825 4298
4345 0 23 9 32834 4302
4345 0 28 18 32816 4304
4345 0 41 36 32825 4309
4345 0 43 54 32832 4308
4346 0 39 0 32831 4284
4346 0 23 9 32834 4303
4346 0 18 18 32823 4333
4346 0 25 36 32821 4317
4346 0 42 54 32821 4304
4347 0 22 0 32825 4299
4347 0 23 9 32834 4304
4347 0 28 18 32816 4305
4347 0 41 36 32825 4310
4347 0 43 54 32832 4309
4348 0 39 0 32831 4285
4348 0 12 9 32818 4326
4348 0 18 18 32823 4334
4348 0 9 36 32823 4308
4348 0 42 54 32821 4305
4348 0 33 63 32813 4293
4349 0 39 0 32831 4286
4349 0 23 9 32834 4305
4349 1 47 34 32826 4312
4349 0 41 36 32825 4311
4349 1 7 45 32831 4307
4349 0 43 54 32832 4310
4349 0 33 63 32813 4294
4350 0 39 0 32831 4287
4350 0 12 9 32818 4327
4350 0 28 18 32816 4306
4350 0 9 36 32823 4309
4350 0 42 54 32821 4306
4350 0 33 63 32813 4295
4351 0 39 0 32831 4288
4351 0 23 9 32834 4306
4351 0 18 18 32823 4335
4351 0 41 36 32825 4312
4351 0 44 45 32833 4339
4351 0 43 54 32832 4311
4351 0 33 63 32813 4296
4352 0 39 0 32831 4289
4352 0 12 9 32818 4328
4352 0 28 18 32816 4307
4352 0 9 36 32823 4310
4352 0 44 45 32833 4340
4352 0 42 54 32821 4307
4352 0 33 63 32813 4297
4353 0 39 0 32831 4290
4353 0 12 9 32818 4329
4353 0 18 18 32823 4336
4353 0 41 36 32825 4313
4353 0 55 45 32830 4331
4353 0 43 54 32832 4312
4353 0 33 63 32813 4298
4354 0 39 0 32831 4291
4354 0 12 9 32818 4330
4354 1 46 10 32819 4307
4354 0 28 18 32816 4308
4354 0 17 27 32817 4332
4354 0 9 36 32823 4311
4354 0 44 45 32833 4341
4354 0 43 54 32832 4313
4354 0 33 63 32813 4299
4355 0 39 0 32831 4292
4355 0 12 9 32818 4331
4355 0 18 18 32823 4337
4355 0 17 27 32817 4333
4355 0 41 36 32825 4314
4355 0 55 45 32830 4332
4355 0 43 54 32832 4314
4355 0 33 63 32813 4300
4356 0 36 0 32822 4306
4356 0 12 9 32818 4332
4356 0 28 18 32816 4309
4356 0 17 27 32817 4334
4356 0 9 36 32823 4312
4356 0 44 45 32833 4342
4356 0 43 54 32832 4315
4356 0 33 63 32813 4301
4357 0 39 0 32831 4293
4357 0 12 9 32818 4333
4357 0 18 18 32823 4339
4357 0 17 27 32817 4335
4357 0 41 36 32825 4315
4357 0 55 45 32830 4333
4357 0 43 54 32832 4316
4357 0 33 63 32813 4302
4358 0 36 0 32822 4307
4358 0 12 9 32818 4334
4358 0 28 18 32816 4310
4358 0 17 27 32817 4336
4358 0 9 36 32823 4313
4358 0 44 45 32833 4343
4359 0 36 0 32822 4308
4359 0 12 9 32818 4335
4359 0 18 18 32823 4341
4359 1 21 25 32833 4327
4359 0 17 27 32817 4337
4359 0 41 36 32825 4316
4359 0 55 45 32830 4334
4360 0 36 0 32822 4309
4360 1 54 4 32828 4313
4360 0 28 18 32816 4311
4360 0 17 27 32817 4338
4360 0 9 36 32823 4314
4360 0 44 45 32833 4344
4360 1 40 47 32830 4308
4361 0 36 0 32822 4310
4361 0 20 18 32823 4335
4361 0 17 27 32817 4339
4361 0 41 36 32825 4317
4361 0 55 45 32830 4335
4362 0 36 0 32822 4311
4362 0 20 18 32823 4336
4362 0 17 27 32817 4340
4362 0 9 36 32823 4315
4362 0 44 45 32833 4345
4363 0 36 0 32822 4312
4363 0 55 18 32828 4311
4363 0 17 27 32817 4341
4363 0 55 36 32829 4321
4363 0 55 45 32830 4336
4363 0 5 54 32822 4321
4364 0 36 0 32822 4313
4364 0 20 18 32823 4337
4364 0 43 27 32833 4347
4364 0 9 36 32823 4316
4364 0 44 45 32833 4346
4364 0 5 54 32822 4322
4365 0 36 0 32822 4314
4365 0 55 18 32828 4312
4365 0 43 27 32833 4348
4365 0 55 36 32829 4322
4365 0 55 45 32830 4337
4365 0 5 54 32822 4323
4366 0 36 0 32822 4316
4366 0 20 18 32823 4338
4366 0 43 27 32833 4349
4366 0 9 36 32823 4317
4366 0 44 45 32833 4347
4366 0 5 54 32822 4324
4367 0 37 0 32829 4312
4367 0 55 18 32828 4313
4367 0 4 27 32836 4340
4367 0 55 36 32829 4323
4367 0 55 45 32830 4338
4367 0 5 54 32822 4325
4368 0 37 0 32829 4313
4368 0 20 18 32823 4339
4368 0 43 27 32833 4350
4368 0 55 36 32829 4324
4368 0 44 45 32833 4348
4368 0 5 54 32822 4326
4369 0 37 0 32829 4314
4369 0 55 18 32828 4314
4369 0 4 27 32836 4341
4369 0 55 36 32829 4325
4369 1 63 37 32828 4337
4369 0 55 45 32830 4339
4369 0 5 54 32822 4327
4370 0 37 0 32829 4315
4370 0 20 18 32823 4340
4370 0 43 27 32833 4351
4370 0 55 36 32829 4326
4370 0 4 45 32835 4317
4370 0 5 54 32822 4328
4371 0 37 0 32829 4316
4371 0 55 18 32828 4315
4371 0 4 27 32836 4342
4371 0 55 36 32829 4327
4371 0 55 45 32830 4340
4371 0 5 54 32822 4329
4372 0 37 0 32829 4317
4372 0 20 18 32823 4341
4372 0 43 27 32833 4352
4372 0 55 36 32829 4328
4372 0 4 45 32835 4318
4372 0 5 54 32822 4330
4373 0 37 0 32829 4318
4373 1 37 17 32830 4336
4373 0 55 18 32828 4316
4373 0 4 27 32836 4343
4373 0 55 36 32829 4329
4373 0 35 45 32829 4334
4374 0 37 0 32829 4319
4374 0 20 18 32823 4342
4374 0 43 27 32833 4353
4374 0 55 36 32829 4330
4374 0 4 45 32835 4319
4375 0 48 0 32834 4338
4375 0 55 18 32828 4317
4375 0 4 27 32836 4344
4375 0 35 45 32829 4335
4376 0 37 0 32829 4320
4376 0 20 18 32823 4343
4376 0 43 27 32833 4354
4376 0 4 45 32835 4320
4377 0 48 0 32834 4339
4377 0 55 18 32828 4318
4377 0 4 27 32836 4345
4377 0 35 45 32829 4336
4378 0 37 0 32829 4321
4378 0 20 18 32823 4344
4378 0 43 27 32833 4355
4378 0 4 45 32835 4321
4379 0 48 0 32834 4340
4379 0 55 18 32828 4319
4379 0 4 27 32836 4346
4379 0 35 45 32829 4337
4379 1 6 52 32832 4323
4380 0 48 0 32834 4341
4380 1 48 18 32833 4331
4380 0 43 27 32833 4356
4380 0 4 45 32835 4322
4380 0 63 63 32829 4373
4381 0 48 0 32834 4342
4381 0 55 18 32828 4320
4381 0 4 27 32836 4347
4381 0 35 45 32829 4338
4381 0 61 54 32832 4364
4381 0 63 63 32829 4374
4382 0 48 0 32834 4343
4382 0 34 9 32824 4355
4382 0 42 27 32824 4358
4382 1 33 29 32816 4350
4382 0 4 45 32835 4323
4382 0 61 54 32832 4365
4382 0 63 63 32829 4375
4383 0 48 0 32834 4344
4383 0 34 9 32824 4356
4383 0 42 18 32823 4348
4383 0 4 27 32836 4348
4383 0 35 45 32829 4339
4383 0 61 54 32832 4366
4383 0 63 63 32829 4376
4384 0 48 0 32834 4345
4384 0 34 9 32824 4357
4384 0 33 18 32817 4357
4384 0 42 27 32824 4359
4384 0 4 45 32835 4324
4384 0 61 54 32832 4367
4384 0 30 63 32814 4352
4385 0 48 0 32834 4346
4385 0 34 9 32824 4358
4385 0 42 18 32823 4349
4385 0 4 27 32836 4349
4385 0 35 45 32829 4340
4385 0 61 54 32832 4368
4385 0 63 63 32829 4377
4386 0 48 0 32834 4347
4386 0 51 9 32827 4343
4386 0 33 18 32817 4358
4386 0 42 27 32824 4360
4386 0 4 45 32835 4325
4386 0 61 54 32832 4369
4386 0 30 63 32814 4353
4387 0 34 9 32824 4359
4387 0 42 18 32823 4350
4387 0 56 27 32836 4337
4387 0 35 45 32829 4341
4387 0 61 54 32832 4370
4387 0 63 63 32829 4378
4388 0 51 9 32827 4344
4388 0 33 18 32817 4359
4388 0 42 27 32824 4361
4388 0 4 45 32835 4326
4388 0 61 54 32832 4371
4388 0 30 63 32814 4354
4389 0 34 9 32824 4360
4389 0 42 18 32823 4351
4389 0 56 27 32836 4338
4389 0 33 36 32818 4367
4389 0 35 45 32829 4342
4389 0 61 54 32832 4372
4389 0 63 63 32829 4379
4390 0 51 9 32827 4345
4390 0 33 18 32817 4360
4390 0 42 27 32824 4362
4390 0 33 36 32818 4368
4390 0 41 45 32826 4338
4390 0 61 54 32832 4373
4390 0 30 63 32814 4355
4391 0 34 9 32824 4361
4391 0 42 18 32823 4352
4391 0 56 27 32836 4339
4391 1 21 29 32834 4379
4391 0 33 36 32818 4369
4391 0 35 45 32829 4343
4391 0 63 63 32829 4380
4392 0 51 9 32827 4346
4392 0 33 18 32817 4361
4392 0 42 27 32824 4363
4392 0 33 36 32818 4370
4392 0 41 45 32826 4339
4392 0 30 63 32814 4356
4393 0 34 9 32824 4362
4393 0 42 18 32823 4353
4393 0 56 27 32836 4340
4393 0 33 36 32818 4371
4393 0 41 45 32826 4340
4393 0 63 63 32829 4381
4394 0 51 9 32827 4347
4394 0 33 18 32817 4362
4394 0 42 27 32824 4364
4394 0 41 45 32826 4341
4394 0 30 63 32814 4357
4395 0 34 9 32824 4363
4395 0 42 18 32823 4354
4395 0 56 27 32836 4341
4395 1 6 36 32833 4358
4395 0 41 45 32826 4342
4395 0 63 63 32829 4382
4396 0 51 9 32827 4348
4396 0 33 18 32817 4363
4396 0 42 27 32824 4365
4396 0 33 36 32818 4372
4396 0 41 45 32826 4343
4396 0 30 63 32814 4358
4397 0 34 9 32824 4364
4397 0 42 18 32823 4355
4397 1 46 26 32820 4345
4397 0 56 27 32836 4342
4397 0 33 36 32818 4373
4397 0 41 45 32826 4344
4397 0 53 63 32823 4375
4398 0 51 9 32827 4349
4398 0 33 18 32817 4364
4398 0 42 27 32824 4366
4398 0 33 36 32818 4374
4398 0 41 45 32826 4345
4398 0 30 63 32814 4359
4399 0 5 9 32823 4365
4399 0 42 18 32823 4356
4399 0 56 27 32836 4343
4399 0 33 36 32818 4375
4399 0 41 45 32826 4346
4399 0 53 63 32823 4376
4400 0 51 9 32827 4350
4400 0 33 18 32817 4365
4400 0 42 27 32824 4367
4400 0 33 36 32818 4376
4400 0 41 45 32826 4347
4400 0 30 63 32814 4360
4401 0 5 9 32823 4366
4401 0 42 18 32823 4357
4401 0 56 27 32836 4344
4401 0 53 63 32823 4377
4402 0 51 9 32827 4351
4402 0 33 18 32817 4366
4402 0 3 27 32830 4357
4402 0 30 63 32814 4361
4403 0 5 9 32823 4367
4403 0 56 27 32836 4345
4403 0 53 63 32823 4378
4404 0 51 9 32827 4352
4404 0 27 18 32835 4368
4404 0 3 27 32830 4358
4404 1 35 41 32830 4382
4404 0 53 63 32823 4379
4405 0 5 9 32823 4368
4405 0 56 27 32836 4346
4405 0 1 63 32820 4327
4406 1 33 9 32819 4380
4406 0 27 18 32835 4369
4406 0 3 27 32830 4359
4406 0 53 63 32823 4380
4407 0 5 9 32823 4369
4407 0 27 18 32835 4370
4407 0 31 27 32812 4367
4407 0 1 63 32820 4328
4408 0 5 9 32823 4370
4408 1 14 10 32826 4381
4408 0 61 18 32829 4334
4408 0 3 27 32830 4360
4408 1 24 52 32833 4366
4408 0 53 63 32823 4381
4409 0 51 9 32828 4366
4409 0 27 18 32835 4371
4409 0 31 27 32812 4368
4409 0 1 63 32820 4329
4410 0 5 9 32823 4371
4410 0 61 18 32829 4335
4410 0 3 27 32830 4361
4410 0 53 63 32823 4382
4411 0 61 0 32830 4344
4411 0 51 9 32828 4367
4411 0 27 18 32835 4372
4411 0 31 27 32812 4369
4411 0 1 63 32820 4330
4412 0 61 0 32830 4345
4412 0 5 9 32823 4372
4412 0 61 18 32829 4336
4412 0 3 27 32830 4362
4412 0 53 63 32823 4383
4413 0 61 0 32830 4346
4413 0 51 9 32828 4368
4413 0 27 18 32835 4373
4413 0 31 27 32812 4370
4413 1 17 49 32818 4386
4413 0 1 63 32820 4331
4414 0 61 0 32830 4347
4414 0 5 9 32823 4373
4414 0 61 18 32829 4337
4414 0 3 27 32830 4363
4414 0 40 54 32831 4372
4414 0 53 63 32823 4384
4415 0 61 0 32830 4348
4415 1 50 2 32809 4348
4415 0 51 9 32828 4369
4415 0 27 18 32835 4374
4415 0 31 27 32812 4371
4415 0 40 54 32831 4373
4415 0 1 63 32820 4332
4416 0 61 0 32830 4349
4416 0 5 9 32823 4374
4416 0 61 18 32829 4338
4416 0 3 27 32830 4364
4416 0 40 54 32831 4374
4416 0 1 63 32820 4333
4417 0 61 0 32830 4350
4417 0 51 9 32828 4370
4417 0 27 18 32835 4375
4417 0 31 27 32812 4372
4417 1 38 44 32836 4395
4417 0 40 54 32831 4375
4417 0 12 63 32819 4348
4418 0 61 0 32830 4351
4418 0 5 9 32824 4383
4418 0 61 18 32829 4339
4418 0 3 27 32830 4365
4418 0 60 54 32826 4396
4418 0 1 63 32820 4334
4419 0 61 0 32830 4352
4419 0 51 9 32828 4371
4419 0 27 18 32835 4376
4419 1 27 22 32836 4392
4419 0 31 27 32812 4373
4419 0 40 54 32831 4376
4419 0 12 63 32819 4349
4420 0 61 0 32830 4353
4420 0 5 9 32824 4384
4420 0 61 18 32829 4340
4420 0 3 27 32830 4366
4420 0 60 54 32826 4397
4420 0 1 63 32820 4335
4421 0 51 9 32828 4372
4421 0 27 18 32835 4377
4421 0 31 27 32812 4374
4421 1 0 42 32807 4379
4421 1 23 47 32836 4399
4421 0 40 54 32831 4377
4421 0 12 63 32819 4350
4422 0 5 9 32824 4385
4422 0 61 18 32829 4341
4422 0 61 27 32831 4354
4422 0 60 54 32826 4398
4422 0 1 63 32820 4336
4423 0 51 9 32828 4373
4423 0 21 18 32835 4387
4423 0 31 27 32812 4375
4423 0 40 54 32831 4378
4423 0 12 63 32819 4351
4424 0 5 9 32824 4386
4424 0 61 18 32829 4342
4424 0 61 27 32831 4355
4424 0 60 54 32826 4399
4424 0 12 63 32819 4352
4425 0 51 9 32828 4374
4425 0 21 18 32835 4388
4425 0 31 27 32812 4376
4425 0 40 54 32831 4379
4425 0 12 63 32819 4353
4426 0 5 9 32824 4387
4426 0 61 18 32829 4343
4426 0 61 27 32831 4356
4426 0 60 54 32826 4400
4426 0 12 63 32819 4354
4427 0 51 9 32828 4375
4427 0 21 18 32835 4389
4427 0 42 27 32825 4368
4427 0 3 45 32831 4385
4427 0 40 54 32831 4380
4427 0 12 63 32819 4355
4428 0 1 0 32822 4416
4428 0 5 9 32824 4388
4428 0 44 18 32834 4349
4428 0 61 27 32831 4357
4428 0 3 45 32831 4386
4428 0 60 54 32826 4401
4428 0 12 63 32819 4356
4429 0 1 0 32822 4417
4429 0 22 9 32826 4382
4429 0 21 18 32835 4390
4429 1 37 24 32831 4392
4429 0 42 27 32825 4369
4429 0 3 45 32831 4387
4429 0 40 54 32831 4381
4429 0 12 63 32819 4357
4430 0 26 0 32821 4398
4430 0 5 9 32824 4389
4430 0 44 18 32834 4350
4430 0 61 27 32831 4358
4430 0 3 45 32831 4388
4430 0 60 54 32826 4402
4431 0 1 0 32822 4418
4431 0 22 9 32826 4383
4431 0 21 18 32835 4391
4431 0 42 27 32825 4370
4431 1 54 39 32831 4409
4431 0 3 45 32831 4389
4431 0 60 54 32826 4403
4432 0 26 0 32821 4399
4432 0 5 9 32824 4390
4432 0 44 18 32834 4351
4432 0 61 27 32831 4359
4432 0 3 45 32831 4390
4432 0 60 54 32826 4404
4433 0 1 0 32822 4419
4433 0 22 9 32826 4384
4433 0 21 18 32835 4392
4433 0 42 27 32825 4371
4433 0 3 45 32831 4391
4433 0 60 54 32826 4405
4434 0 26 0 32821 4400
4434 0 5 9 32824 4391
4434 0 44 18 32834 4352
4434 0 61 27 32831 4360
4434 0 3 45 32831 4392
4435 0 1 0 32822 4420
4435 0 22 9 32826 4385
4435 0 21 18 32835 4393
4435 0 42 27 32825 4372
4435 0 3 45 32831 4393
4436 0 26 0 32821 4401
4436 0 5 9 32824 4392
4436 0 44 18 32834 4353
4436 0 61 27 32831 4361
4436 0 3 45 32831 4394
4437 0 1 0 32822 4421
4437 0 22 9 32826 4386
4437 0 21 18 32835 4394
4437 0 42 27 32825 4373
4438 0 26 0 32821 4402
4438 0 28 9 32817 4395
4438 0 44 18 32834 4354
4438 0 61 27 32831 4362
4439 0 1 0 32822 4422
4439 0 22 9 32826 4387
4439 0 21 18 32835 4395
4439 0 42 27 32825 4374
4440 0 26 0 32821 4403
4440 0 28 9 32817 4396
4440 1 56 16 32837 4408
4440 0 44 18 32834 4355
4440 0 61 27 32831 4363
4441 0 1 0 32822 4423
4441 0 22 9 32826 4388
4441 0 21 18 32835 4396
4441 0 42 27 32825 4375
4441 0 46 54 32821 4429
4442 0 26 0 32821 4404
4442 0 28 9 32817 4397
4442 0 44 18 32834 4356
4442 0 3 27 32832 4395
4442 0 46 54 32821 4430
4443 0 1 0 32822 4424
4443 0 22 9 32826 4389
4443 0 23 18 32835 4383
4443 0 42 27 32825 4376
4443 1 14 54 32827 4411
4444 0 26 0 32821 4405
4444 0 28 9 32817 4398
4444 0 44 18 32834 4357
4444 0 3 27 32832 4396
4444 0 46 54 32821 4431
4445 0 1 0 32822 4425
4445 0 22 9 32826 4390
4445 0 23 18 32835 4384
4445 0 42 27 32825 4377
4445 0 46 54 32821 4432
4446 0 26 0 32821 4406
4446 0 28 9 32817 4399
4446 0 44 18 32834 4358
4446 0 3 27 32832 4397
4446 0 46 54 32821 4433
4447 0 26 0 32821 4407
4447 0 22 9 32826 4391
4447 0 23 18 32835 4385
4447 0 19 27 32822 4410
4447 0 10 45 32828 4405
4447 0 46 54 32821 4434
4448 0 4 0 32837 4412
4448 0 28 9 32817 4400
4448 0 23 18 32835 4386
4448 0 3 27 32832 4398
4448 0 10 45 32828 4406
4448 0 46 54 32821 4435
4449 0 4 0 32837 4413
4449 0 28 9 32817 4401
4449 1 23 17 32837 4406
4449 0 23 18 32835 4387
4449 1 5 19 32825 4403
4449 0 19 27 32822 4411
4449 0 10 45 32828 4407
4449 0 46 54 32821 4436
4450 0 53 0 32824 4385
4450 1 48 7 32835 4378
4450 0 45 9 32817 4384
4450 0 23 18 32835 4388
4450 0 3 27 32832 4399
4450 0 10 45 32828 4408
4450 0 46 54 32821 4437
4451 0 4 0 32837 4414
4451 0 28 9 32817 4402
4451 0 23 18 32835 4389
4451 0 19 27 32822 4412
4451 0 10 45 32828 4409
4451 0 46 54 32821 4438
4451 1 24 56 32834 4424
4452 0 53 0 32824 4386
4452 1 42 5 32826 4405
4452 0 45 9 32817 4385
4452 0 23 18 32835 4390
4452 0 3 27 32832 4400
4452 0 10 45 32828 4410
4453 0 4 0 32837 4415
4453 0 28 9 32817 4403
4453 0 23 18 32835 4391
4453 0 19 27 32822 4413
4453 0 38 45 32838 4436
4454 0 53 0 32824 4387
4454 0 45 9 32817 4386
4454 0 23 18 32835 4392
4454 0 3 27 32832 4401
4454 0 10 45 32828 4411
4454 1 40 63 32832 4402
4455 0 4 0 32837 4416
4455 0 28 9 32817 4404
4455 0 19 27 32822 4414
4455 0 38 45 32838 4437
4455 1 47 58 32827 4413
4456 0 53 0 32824 4388
4456 0 45 9 32817 4387
4456 0 3 27 32832 4402
4456 0 10 45 32828 4412
4457 0 4 0 32837 4417
4457 0 45 9 32817 4388
4457 0 19 27 32822 4415
4457 0 38 45 32838 4438
4458 0 53 0 32824 4389
4458 0 61 9 32833 4374
4458 0 3 27 32832 4403
4458 0 10 45 32828 4413
4459 0 4 0 32837 4418
4459 0 45 9 32817 4389
4459 0 19 27 32822 4416
4459 1 51 33 32829 4432
4459 0 38 45 32838 4439
4459 1 1 62 32821 4391
4460 0 53 0 32824 4390
4460 0 61 9 32833 4375
4460 0 3 27 32832 4404
4460 0 10 45 32828 4414
4461 0 4 0 32837 4419
4461 0 45 9 32817 4390
4461 0 19 27 32822 4417
4461 0 38 45 32838 4440
4462 0 53 0 32824 4391
4462 0 61 9 32833 4376
4462 0 38 27 32835 4390
4462 0 38 45 32838 4441
4463 0 4 0 32837 4420
4463 0 45 9 32817 4391
4463 0 19 27 32822 4418
4463 0 30 45 32815 4434
4463 1 47 57 32828 4415
4464 0 53 0 32824 4392
4464 0 61 9 32833 4377
4464 0 38 27 32835 4391
4464 0 38 45 32838 4442
4464 1 26 58 32823 4437
4465 0 4 0 32837 4421
4465 0 45 9 32817 4392
4465 0 19 27 32822 4419
4465 0 30 45 32815 4435
4466 0 53 0 32824 4393
4466 0 61 9 32833 4378
4466 0 38 27 32835 4392
4466 0 38 45 32838 4443
4467 0 54 0 32829 4388
4467 0 45 9 32817 4393
4467 0 27 27 32837 4460
4467 0 30 45 32815 4436
4468 0 53 0 32824 4394
4468 0 61 9 32833 4379
4468 0 38 27 32835 4393
4468 0 38 45 32838 4444
4469 0 54 0 32829 4389
4469 0 0 9 32808 4447
4469 1 21 26 32836 4442
4469 0 27 27 32837 4461
4469 0 30 45 32815 4437
4470 0 54 0 32829 4390
4470 0 61 9 32833 4380
4470 0 38 27 32835 4394
4470 0 38 45 32838 4445
4471 0 26 0 32822 4438
4471 0 0 9 32808 4448
4471 0 27 27 32837 4462
4471 0 30 45 32815 4438
4472 0 54 0 32829 4391
4472 0 61 9 32833 4381
4472 0 38 27 32835 4396
4472 0 30 45 32815 4439
4473 0 26 0 32822 4439
4473 0 0 9 32808 4449
4473 1 17 21 32819 4446
4473 0 27 27 32837 4463
4473 0 30 45 32815 4440
4473 1 16 55 32823 4411
4474 0 54 0 32829 4392
4474 0 61 9 32833 4382
4474 0 38 27 32835 4397
4474 0 30 45 32815 4441
4475 0 26 0 32822 4440
4475 0 0 9 32808 4450
4475 0 27 27 32837 4464
4475 0 30 45 32815 4442
4476 0 54 0 32829 4393
4476 0 61 9 32833 4383
4476 0 38 27 32835 4398
4476 0 30 45 32815 4443
4476 1 38 56 32837 4424
4477 0 26 0 32822 4441
4477 0 0 9 32808 4451
4477 0 27 27 32837 4465
4478 0 54 0 32829 4394
4478 0 0 9 32808 4452
4478 0 38 27 32835 4399
4479 0 26 0 32822 4442
4479 0 0 9 32808 4453
4479 0 27 27 32837 4466
4480 0 54 0 32829 4395
4480 1 60 1 32827 4422
4480 0 0 9 32808 4454
4480 1 18 23 32824 4448
4480 0 38 27 32835 4400
4480 0 21 54 32837 4448
4481 0 26 0 32822 4443
4481 0 0 9 32808 4455
4481 0 27 27 32837 4467
4481 0 21 54 32837 4449
4482 0 54 0 32829 4396
4482 0 0 9 32808 4456
4482 0 44 27 32835 4390
4482 1 55 38 32832 4460
4482 0 21 54 32837 4450
4483 0 26 0 32822 4444
4483 0 27 27 32837 4468
4483 1 6 51 32834 4404
4483 0 21 54 32837 4451
4484 0 54 0 32829 4397
4484 0 44 27 32835 4391
4484 0 21 54 32837 4452
4485 0 26 0 32822 4445
4485 0 27 27 32837 4469
4485 0 21 54 32837 4453
4486 0 26 0 32822 4446
4486 0 44 27 32835 4392
4486 0 21 54 32837 4454
4487 0 13 0 32821 4436
4487 1 12 23 32820 4460
4487 0 33 27 32820 4383
4487 0 21 54 32837 4455
4488 0 26 0 32822 4447
4488 0 44 27 32835 4393
4488 0 21 54 32837 4456
4489 0 13 0 32821 4437
4489 0 47 18 32829 4442
4489 0 33 27 32820 4384
4489 0 21 54 32837 4457
4490 0 13 0 32821 4438
4490 0 47 18 32829 4443
4490 0 44 27 32835 4394
4490 0 59 63 32831 4463
4491 0 35 0 32831 4433
4491 0 47 18 32829 4444
4491 0 33 27 32820 4385
4491 0 52 45 32828 4474
4491 0 59 63 32831 4464
4492 0 13 0 32821 4439
4492 0 47 18 32829 4445
4492 0 44 27 32835 4395
4492 0 52 45 32828 4475
4492 0 60 63 32829 4470
4493 0 35 0 32831 4434
4493 0 47 18 32829 4446
4493 0 33 27 32820 4386
4493 1 46 42 32822 4466
4493 0 52 45 32828 4476
4493 0 59 63 32831 4465
4494 0 13 0 32821 4440
4494 0 47 18 32829 4447
4494 0 44 27 32835 4396
4494 0 52 45 32828 4477
4494 0 60 63 32829 4471
4495 0 35 0 32831 4435
4495 0 47 18 32829 4448
4495 0 33 27 32820 4387
4495 0 52 45 32828 4478
4495 0 59 63 32831 4466
4496 0 13 0 32821 4441
4496 0 47 18 32829 4449
4496 0 44 27 32835 4397
4496 0 52 45 32828 4479
4496 0 60 63 32829 4472
4497 0 35 0 32831 4436
4497 0 47 18 32829 4450
4497 0 33 27 32820 4388
4497 0 52 45 32828 4480
4497 0 59 63 32831 4467
4498 0 13 0 32821 4442
4498 0 47 18 32829 4451
4498 0 44 27 32835 4398
4498 0 52 45 32828 4481
4498 0 60 63 32829 4473
4499 0 35 0 32831 4437
4499 0 40 9 32833 4467
4499 0 33 27 32820 4389
4499 0 52 45 32828 4482
4499 0 59 63 32831 4468
4500 0 13 0 32821 4443
4500 0 40 9 32833 4468
4500 0 44 27 32835 4399
4500 0 52 45 32828 4483
4500 0 60 63 32829 4474
4501 0 35 0 32831 4438
4501 0 40 9 32833 4469
4501 0 33 27 32820 4390
4501 0 59 63 32831 4469
4502 0 13 0 32821 4444
4502 0 40 9 32833 4470
4502 0 8 27 32820 4404
4502 0 60 63 32829 4475
4503 0 35 0 32831 4439
4503 0 44 9 32836 4461
4503 0 33 27 32820 4391
4503 0 23 45 32838 4471
4503 0 59 63 32831 4470
4504 0 13 0 32821 4445
4504 0 40 9 32833 4471
4504 0 8 27 32820 4405
4504 0 23 45 32838 4472
4504 0 60 63 32829 4476
4505 0 35 0 32831 4440
4505 0 44 9 32836 4462
4505 0 33 27 32820 4392
4505 0 23 45 32838 4473
4505 0 59 63 32831 4471
4506 0 35 0 32831 4441
4506 0 40 9 32833 4472
4506 0 8 27 32820 4406
4506 0 23 45 32838 4474
4506 0 10 54 32829 4450
4506 0 60 63 32829 4477
4507 0 11 0 32827 4475
4507 0 44 9 32836 4463
4507 0 61 27 32834 4393
4507 0 23 45 32838 4475
4507 0 10 54 32829 4451
4507 0 59 63 32831 4472
4508 0 35 0 32831 4442
4508 0 40 9 32833 4473
4508 0 8 27 32820 4407
4508 1 16 34 32824 4481
4508 0 23 45 32838 4476
4508 0 10 54 32829 4452
4508 0 60 63 32829 4478
4509 0 11 0 32827 4476
4509 0 44 9 32836 4464
4509 0 61 27 32834 4394
4509 0 10 54 32829 4453
4509 0 18 63 32825 4450
4510 0 11 0 32827 4477
4510 0 40 9 32833 4474
4510 0 38 18 32840 4473
4510 0 8 27 32820 4408
4510 0 23 45 32838 4477
4510 0 10 54 32829 4454
4510 0 60 63 32829 4479
4511 0 60 0 32828 4445
4511 0 44 9 32836 4465
4511 0 38 18 32840 4474
4511 0 61 27 32834 4395
4511 0 23 45 32838 4478
4511 0 10 54 32829 4455
4511 0 18 63 32825 4451
4512 0 11 0 32827 4478
4512 1 55 5 32833 4465
4512 0 40 9 32833 4475
4512 0 38 18 32840 4475
4512 0 8 27 32820 4409
4512 0 23 45 32838 4479
4512 0 10 54 32829 4456
4512 1 39 59 32833 4470
4512 0 18 63 32825 4452
4513 0 60 0 32828 4446
4513 0 44 9 32836 4466
4513 0 38 18 32840 4476
4513 1 42 19 32827 4412
4513 0 61 27 32834 4396
4513 0 23 45 32838 4480
4513 0 1 54 32823 4451
4513 0 18 63 32825 4453
4514 0 11 0 32827 4479
4514 0 40 9 32833 4476
4514 0 38 18 32840 4477
4514 0 8 27 32820 4410
4514 0 5 36 32826 4482
4514 1 57 51 32834 4492
4514 1 36 53 32823 4492
4514 0 10 54 32829 4457
4514 0 18 63 32825 4454
4515 0 60 0 32828 4447
4515 0 44 9 32836 4467
4515 0 38 18 32840 4478
4515 0 61 27 32834 4397
4515 0 5 36 32826 4483
4515 0 1 54 32823 4452
4515 0 18 63 32825 4455
4516 0 11 0 32827 4480
4516 0 44 9 32836 4468
4516 0 38 18 32840 4479
4516 0 8 27 32820 4411
4516 0 5 36 32826 4484
4516 0 6 45 32835 4477
4516 0 10 54 32829 4458
4516 0 18 63 32825 4456
4517 0 60 0 32828 4448
4517 0 38 9 32839 4463
4517 0 38 18 32840 4480
4517 1 25 23 32823 4475
4517 0 61 27 32834 4398
4517 0 5 36 32826 4485
4517 0 6 45 32835 4478
4517 0 1 54 32823 4453
4517 0 18 63 32825 4457
4518 0 11 0 32827 4481
4518 0 44 9 32836 4469
4518 0 38 18 32840 4481
4518 0 8 27 32820 4412
4518 0 5 36 32826 4486
4518 0 6 45 32835 4479
4518 1 63 47 32830 4501
4518 0 10 54 32829 4459
4518 0 18 63 32825 4458
4519 0 60 0 32828 4449
4519 0 38 9 32839 4464
4519 0 38 18 32840 4482
4519 0 61 27 32834 4399
4519 0 5 36 32826 4487
4519 0 6 45 32835 4480
4519 0 1 54 32823 4454
4519 0 18 63 32825 4459
4520 0 11 0 32827 4482
4520 0 44 9 32836 4470
4520 0 8 27 32820 4413
4520 0 5 36 32826 4488
4520 1 44 39 32837 4493
4520 0 24 45 32835 4478
4520 0 1 54 32823 4455
4521 0 60 0 32828 4450
4521 0 38 9 32839 4465
4521 0 61 27 32834 4400
4521 0 5 36 32826 4489
4521 0 6 45 32835 4481
4521 0 1 54 32823 4456
4522 0 11 0 32827 4483
4522 0 38 9 32839 4466
4522 1 4 27 32838 4430
4522 0 5 36 32826 4490
4522 0 24 45 32835 4479
4522 0 1 54 32823 4457
4523 0 60 0 32828 4451
4523 0 61 27 32834 4401
4523 0 5 36 32826 4491
4523 0 6 45 32835 4482
4523 0 1 54 32823 4458
4524 0 11 0 32827 4484
4524 0 38 9 32839 4467
4524 0 29 27 32812 4499
4524 0 24 45 32835 4480
4524 0 38 54 32841 4507
4525 0 60 0 32828 4452
4525 0 38 9 32839 4468
4525 1 20 17 32824 4503
4525 0 61 27 32834 4402
4525 0 6 45 32835 4483
4525 0 1 54 32823 4459
4526 0 60 0 32828 4453
4526 0 38 9 32839 4469
4526 0 53 18 32825 4464
4526 0 29 27 32812 4500
4526 0 24 45 32835 4481
4526 0 38 54 32841 4508
4527 0 55 0 32831 4438
4527 0 38 9 32839 4470
4527 0 53 18 32825 4465
4527 0 8 27 32821 4427
4527 1 5 37 32827 4500
4527 1 1 42 32824 4490
4527 0 6 45 32835 4484
4527 0 1 54 32823 4460
4528 0 60 0 32828 4454
4528 1 51 1 32830 4461
4528 0 38 9 32839 4471
4528 0 53 18 32825 4466
4528 0 29 27 32812 4501
4528 0 24 45 32835 4482
4528 0 38 54 32841 4509
4529 0 55 0 32831 4439
4529 0 38 9 32839 4472
4529 0 53 18 32825 4467
4529 0 8 27 32821 4428
4529 0 6 45 32835 4485
4529 0 38 54 32841 4511
4530 0 55 0 32831 4440
4530 0 53 18 32825 4468
4530 0 29 27 32812 4502
4530 0 24 45 32835 4483
4530 0 38 54 32841 4512
4531 0 40 0 32834 4494
4531 0 53 18 32825 4469
4531 0 8 27 32821 4429
4531 0 6 45 32835 4486
4531 0 39 54 32834 4509
4532 0 55 0 32831 4441
4532 0 53 18 32825 4470
4532 0 29 27 32812 4503
4532 0 24 45 32835 4484
4532 0 38 54 32841 4513
4533 0 40 0 32834 4495
4533 0 53 18 32825 4471
4533 0 8 27 32821 4430
4533 0 24 45 32835 4485
4533 0 39 54 32834 4510
4534 0 55 0 32831 4442
4534 0 53 18 32825 4472
4534 0 29 27 32812 4504
4534 0 24 45 32835 4486
4534 0 38 54 32841 4514
4535 0 40 0 32834 4496
4535 0 53 18 32825 4473
4535 0 8 27 32821 4431
4535 0 24 45 32835 4487
4535 0 39 54 32834 4511
4536 0 55 0 32831 4443
4536 0 62 9 32829 4474
4536 0 37 18 32832 4504
4536 0 29 27 32812 4505
4536 0 38 54 32841 4515
4537 0 40 0 32834 4497
4537 0 62 9 32829 4475
4537 0 37 18 32832 4505
4537 1 38 20 32842 4510
4537 0 8 27 32821 4432
4537 0 39 54 32834 4512
4538 0 55 0 32831 4444
4538 0 62 9 32829 4476
4538 0 57 18 32835 4501
4538 0 29 27 32812 4506
4538 0 38 54 32841 4516
4538 1 56 62 32838 4501
4539 0 40 0 32834 4498
4539 0 62 9 32829 4477
4539 0 37 18 32832 4506
4539 0 39 54 32834 4513
4540 0 55 0 32831 4445
4540 0 62 9 32829 4478
4540 0 57 18 32835 4502
4540 0 8 27 32821 4433
4540 1 11 44 32828 4508
4540 0 38 54 32841 4517
4541 0 40 0 32834 4499
4541 0 62 9 32829 4479
4541 0 37 18 32832 4507
4541 0 29 27 32812 4507
4541 0 39 54 32834 4514
4542 0 55 0 32831 4446
4542 0 62 9 32829 4480
4542 0 57 18 32835 4503
4542 0 8 27 32821 4434
4542 0 39 54 32834 4515
4543 0 40 0 32834 4500
4543 0 62 9 32829 4481
4543 0 37 18 32832 4508
4543 0 29 27 32812 4508
4543 1 9 34 32825 4516
4543 0 39 54 32834 4516
4544 0 55 0 32831 4447
4544 0 46 9 32824 4492
4544 0 57 18 32835 4504
4544 0 8 27 32821 4435
4544 0 39 54 32834 4517
4545 0 40 0 32834 4501
4545 0 62 9 32829 4482
4545 0 37 18 32832 4509
4545 0 54 27 32830 4410
4545 0 39 54 32834 4518
4546 0 40 0 32834 4502
4546 0 46 9 32824 4493
4546 0 57 18 32835 4505
4546 0 8 27 32821 4436
4547 0 62 0 32828 4445
4547 0 62 9 32829 4483
4547 0 37 18 32832 4510
4547 0 54 27 32830 4411
4548 0 40 0 32834 4503
4548 0 46 9 32824 4494
4548 0 57 18 32835 4506
4548 1 38 23 32843 4525
4548 0 46 27 32823 4482
4549 0 62 0 32828 4446
4549 0 46 9 32824 4495
4549 0 37 18 32832 4511
4549 0 54 27 32830 4412
4550 0 62 0 32828 4447
4550 0 22 9 32827 4508
4550 1 35 14 32832 4513
4550 0 57 18 32835 4507
4550 0 46 27 32823 4483
4551 0 34 0 32825 4497
4551 0 46 9 32824 4496
4551 0 37 18 32832 4512
4551 0 54 27 32830 4413
4552 0 62 0 32828 4448
4552 1 5 6 32828 4540
4552 0 22 9 32827 4509
4552 0 57 18 32835 4508
4552 0 46 27 32823 4484
4553 0 34 0 32825 4498
4553 0 46 9 32824 4497
4553 0 37 18 32832 4513
4553 0 54 27 32830 4414
4554 0 62 0 32828 4449
4554 0 22 9 32827 4510
4554 0 57 18 32835 4509
4554 0 46 27 32823 4485
4554 1 6 55 32836 4512
4555 0 34 0 32825 4499
4555 0 46 9 32824 4498
4555 0 57 18 32835 4510
4555 1 39 23 32835 4538
4555 0 54 27 32830 4415
4556 0 62 0 32828 4450
4556 0 22 9 32827 4511
4556 0 46 27 32823 4486
4556 0 55 36 32834 4524
4557 0 34 0 32825 4500
4557 0 46 9 32824 4499
4557 1 53 20 32826 4525
4557 0 54 27 32830 4416
4557 0 55 36 32834 4525
4558 0 62 0 32828 4451
4558 0 22 9 32827 4512
4558 0 46 27 32823 4487
4558 0 55 36 32834 4526
4558 1 42 42 32828 4551
4559 0 34 0 32825 4501
4559 0 46 9 32824 4500
4559 0 54 27 32830 4417
4559 0 55 36 32834 4527
4559 1 14 59 32828 4472
4560 0 62 0 32828 4452
4560 0 22 9 32827 4513
4560 0 46 27 32823 4488
4560 0 28 36 32818 4548
4561 0 34 0 32825 4502
4561 0 46 9 32824 4501
4561 0 54 27 32830 4418
4561 0 55 36 32834 4528
4562 0 62 0 32828 4453
4562 0 22 9 32827 4514
4562 0 46 27 32823 4489
4562 0 28 36 32818 4549
4563 0 34 0 32825 4503
4563 0 22 9 32827 4515
4563 0 54 27 32830 4419
4563 0 55 36 32834 4529
4564 0 62 0 32828 4454
4564 0 27 9 32838 4525
4564 0 46 27 32823 4490
4564 0 28 36 32818 4550
4565 0 34 0 32825 4504
4565 0 22 9 32827 4516
4565 0 11 27 32829 4534
4565 0 55 36 32834 4530
4565 0 19 54 32823 4523
4566 0 34 0 32825 4505
4566 0 27 9 32838 4526
4566 0 46 27 32823 4491
4566 0 28 36 32818 4551
4566 0 19 54 32823 4524
4567 0 50 0 32810 4475
4567 0 22 9 32827 4517
4567 0 11 27 32829 4535
4567 0 55 36 32834 4531
4567 0 19 54 32823 4525
4568 0 34 0 32825 4506
4568 1 23 3 32839 4531
4568 0 27 9 32838 4527
4568 0 8 27 32822 4481
4568 0 28 36 32818 4552
4568 0 19 54 32823 4526
4569 0 50 0 32810 4476
4569 0 27 9 32838 4528
4569 0 11 27 32829 4536
4569 0 55 36 32834 4532
4569 0 19 54 32823 4527
4569 0 17 63 32820 4507
4570 0 50 0 32810 4477
4570 0 27 9 32838 4529
4570 0 8 27 32822 4482
4570 0 28 36 32818 4553
4570 0 19 54 32823 4528
4570 0 13 63 32822 4523
4571 0 48 0 32836 4515
4571 0 27 9 32838 4530
4571 0 11 27 32829 4537
4571 1 23 31 32840 4558
4571 0 55 36 32834 4533
4571 0 50 54 32811 4544
4571 0 17 63 32820 4508
4572 0 50 0 32810 4478
4572 0 27 9 32838 4531
4572 0 8 27 32822 4483
4572 0 28 36 32818 4554
4572 0 19 54 32823 4529
4572 0 13 63 32822 4524
4573 0 48 0 32836 4516
4573 0 27 9 32838 4532
4573 0 11 27 32829 4538
4573 0 22 36 32828 4533
4573 0 50 54 32811 4545
4573 0 17 63 32820 4509
4574 0 50 0 32810 4479
4574 0 27 9 32838 4533
4574 0 8 27 32822 4484
4574 0 28 36 32818 4555
4574 0 19 54 32823 4530
4574 0 13 63 32822 4525
4575 0 48 0 32836 4517
4575 0 27 9 32838 4534
4575 1 15 15 32822 4568
4575 1 18 21 32826 4553
4575 0 11 27 32829 4539
4575 0 22 36 32828 4534
4575 0 50 54 32811 4546
4575 0 17 63 32820 4510
4576 0 50 0 32810 4480
4576 0 8 27 32822 4485
4576 0 28 36 32818 4556
4576 0 19 54 32823 4531
4576 1 9 61 32826 4519
4576 0 13 63 32822 4526
4577 0 48 0 32836 4518
4577 0 11 27 32829 4540
4577 0 22 36 32828 4535
4577 0 50 54 32811 4547
4577 0 17 63 32820 4511
4578 0 50 0 32810 4481
4578 0 32 9 32830 4548
4578 0 8 27 32822 4486
4578 0 28 36 32818 4557
4578 0 19 54 32823 4532
4578 0 13 63 32822 4527
4579 0 48 0 32836 4519
4579 0 32 9 32830 4549
4579 0 11 27 32829 4541
4579 0 22 36 32828 4536
4579 0 50 54 32811 4548
4579 0 17 63 32820 4512
4580 0 50 0 32810 4482
4580 0 32 9 32830 4550
4580 0 8 27 32822 4487
4580 0 22 36 32828 4537
4580 0 14 54 32829 4544
4580 0 13 63 32822 4528
4581 0 48 0 32836 4520
4581 0 32 9 32830 4551
4581 0 11 27 32829 4542
4581 0 16 36 32825 4534
4581 0 50 54 32811 4549
4581 0 17 63 32820 4513
4582 0 50 0 32810 4483
4582 0 32 9 32830 4552
4582 0 8 27 32822 4488
4582 0 22 36 32828 4538
4582 0 14 54 32829 4545
4582 0 13 63 32822 4529
4583 0 48 0 32836 4521
4583 0 32 9 32830 4553
4583 0 11 27 32829 4543
4583 0 16 36 32825 4535
4583 0 50 54 32811 4550
4583 0 17 63 32820 4514
4584 0 50 0 32810 4484
4584 0 32 9 32830 4554
4584 0 8 27 32822 4489
4584 0 22 36 32828 4539
4584 0 14 54 32829 4546
4584 0 13 63 32822 4530
4585 0 48 0 32836 4522
4585 0 32 9 32830 4555
4585 0 31 27 32813 4547
4585 0 16 36 32825 4536
4585 0 50 54 32811 4551
4585 0 17 63 32820 4515
4586 0 48 0 32836 4523
4586 0 32 9 32830 4556
4586 0 8 27 32822 4490
4586 0 22 36 32828 4540
4586 0 14 54 32829 4547
4586 0 13 63 32822 4531
4587 0 49 0 32824 4516
4587 0 32 9 32830 4557
4587 0 56 18 32839 4545
4587 0 31 27 32813 4548
4587 0 16 36 32825 4537
4587 1 26 46 32824 4541
4587 1 46 52 32825 4565
4587 0 50 54 32811 4552
4587 0 17 63 32820 4516
4588 0 48 0 32836 4524
4588 0 56 18 32839 4546
4588 0 57 27 32836 4519
4588 0 22 36 32828 4541
4588 0 14 54 32829 4548
4588 0 13 63 32822 4532
4589 0 49 0 32824 4517
4589 0 56 18 32839 4547
4589 0 31 27 32813 4549
4589 0 16 36 32825 4538
4589 0 50 54 32811 4553
4590 0 49 0 32824 4518
4590 0 56 18 32839 4548
4590 0 57 27 32836 4520
4590 0 22 36 32828 4542
4590 0 14 54 32829 4549
4591 0 49 0 32824 4519
4591 0 56 18 32839 4549
4591 0 31 27 32813 4550
4591 0 16 36 32825 4539
4591 0 14 54 32829 4550
4591 0 22 63 32829 4552
4592 0 49 0 32824 4520
4592 0 56 18 32839 4550
4592 0 57 27 32836 4521
4592 0 16 36 32825 4540
4592 0 14 54 32829 4551
4592 0 45 63 32818 4561
4593 0 49 0 32824 4521
4593 0 56 18 32839 4552
4593 0 31 27 32813 4551
4593 0 2 36 32809 4548
4593 0 14 54 32829 4552
4593 0 22 63 32829 4553
4594 0 49 0 32824 4522
4594 0 56 18 32839 4553
4594 0 57 27 32836 4522
4594 0 16 36 32825 4541
4594 0 14 54 32829 4553
4594 1 36 57 32824 4557
4594 0 45 63 32818 4562
4595 0 49 0 32824 4523
4595 0 56 18 32839 4554
4595 0 31 27 32813 4552
4595 0 2 36 32809 4549
4595 0 22 63 32829 4554
4596 0 49 0 32824 4524
4596 0 56 18 32839 4555
4596 0 57 27 32836 4523
4596 0 16 36 32825 4542
4596 0 45 63 32818 4563
4597 0 49 0 32824 4525
4597 0 31 27 32813 4553
4597 0 2 36 32809 4550
4597 0 22 63 32829 4555
4598 0 57 27 32836 4524
4598 0 16 36 32825 4543
4598 0 40 45 32835 4566
4598 0 45 63 32818 4564
4599 0 17 9 32821 4587
4599 0 31 27 32813 4554
4599 0 2 36 32809 4551
4599 0 40 45 32835 4567
4599 0 22 63 32829 4556
4600 0 17 9 32821 4588
4600 0 57 27 32836 4525
4600 0 2 36 32809 4552
4600 1 29 40 32813 4558
4600 0 40 45 32835 4568
4600 0 45 63 32818 4565
4601 0 17 9 32821 4589
4601 0 31 27 32813 4555
4601 0 24 36 32836 4568
4601 0 40 45 32835 4569
4601 0 22 63 32829 4557
4602 0 17 9 32821 4590
4602 0 57 27 32836 4526
4602 0 2 36 32809 4553
4602 0 40 45 32835 4570
4602 0 45 63 32818 4566
4603 0 17 9 32821 4591
4603 0 31 27 32813 4556
4603 0 24 36 32836 4569
4603 0 40 45 32835 4571
4603 0 22 63 32829 4558
4604 0 17 9 32821 4592
4604 0 57 27 32836 4527
4604 0 2 36 32809 4554
4604 0 40 45 32835 4572
4604 0 45 63 32818 4567
4605 0 17 9 32821 4593
4605 0 54 27 32832 4538
4605 0 24 36 32836 4570
4605 0 40 45 32835 4573
4605 0 22 63 32829 4559
4606 0 17 9 32821 4594
4606 0 57 27 32836 4528
4606 0 2 36 32809 4555
4606 0 40 45 32835 4574
4606 0 45 63 32818 4568
4607 0 17 9 32821 4595
4607 0 54 27 32832 4539
4607 0 24 36 32836 4571
4607 1 13 38 32824 4580
4607 0 40 45 32835 4575
4607 0 22 63 32829 4560
4608 0 17 9 32821 4596
4608 0 15 27 32821 4524
4608 0 2 36 32809 4556
4608 0 45 63 32818 4569
4609 0 54 27 32832 4540
4609 0 24 36 32836 4572
4609 0 22 63 32829 4561
4610 0 15 27 32821 4525
4610 0 2 36 32809 4557
4610 0 45 63 32818 4570
4611 0 50 18 32812 4584
4611 0 54 27 32832 4541
4611 0 24 36 32836 4573
4611 0 60 63 32830 4573
4612 0 50 18 32812 4585
4612 0 15 27 32821 4526
4612 0 24 36 32836 4574
4612 0 51 63 32831 4579
4613 0 7 9 32833 4571
4613 0 50 18 32812 4586
4613 0 54 27 32832 4542
4613 0 24 36 32836 4575
4613 0 8 45 32823 4543
4613 1 13 56 32823 4550
4613 0 60 63 32830 4574
4614 0 7 9 32833 4572
4614 0 41 18 32828 4587
4614 0 15 27 32821 4527
4614 0 24 36 32836 4576
4614 0 49 45 32825 4582
4614 0 51 63 32831 4580
4615 0 55 9 32835 4553
4615 0 50 18 32812 4587
4615 0 54 27 32832 4543
4615 1 35 32 32833 4593
4615 0 24 36 32836 4577
4615 0 8 45 32823 4544
4615 0 60 63 32830 4575
4616 1 0 2 32810 4599
4616 0 7 9 32833 4573
4616 0 41 18 32828 4588
4616 0 15 27 32821 4528
4616 1 28 34 32820 4594
4616 0 49 45 32825 4583
4616 0 51 63 32831 4581
4617 0 55 9 32835 4554
4617 0 50 18 32812 4588
4617 0 54 27 32832 4544
4617 0 8 45 32823 4545
4617 0 60 63 32830 4576
4618 1 56 5 32840 4551
4618 0 7 9 32833 4574
4618 0 41 18 32828 4589
4618 0 15 27 32821 4529
4618 0 49 45 32825 4584
4618 0 51 63 32831 4582
4619 0 55 9 32835 4555
4619 0 50 18 32812 4589
4619 0 54 27 32832 4545
4619 0 8 45 32823 4546
4619 0 60 63 32830 4577
4620 0 7 9 32833 4575
4620 0 41 18 32828 4590
4620 0 15 27 32821 4530
4620 0 49 45 32825 4585
4620 1 20 50 32825 4583
4620 0 51 63 32831 4583
4621 0 55 9 32835 4556
4621 0 50 18 32812 4590
4621 0 54 27 32832 4546
4621 0 8 45 32823 4547
4621 0 60 63 32830 4578
4622 0 7 9 32833 4576
4622 0 41 18 32828 4591
4622 0 15 27 32821 4531
4622 0 49 45 32825 4586
4622 1 11 54 32830 4575
4622 0 51 63 32831 4584
4623 0 55 9 32835 4557
4623 0 50 18 32812 4591
4623 0 54 27 32832 4547
4623 0 8 45 32823 4548
4623 0 60 63 32830 4579
4624 0 7 9 32833 4577
4624 0 41 18 32828 4592
4624 0 15 27 32821 4532
4624 0 36 36 32826 4617
4624 0 49 45 32825 4587
4624 0 51 63 32831 4585
4625 1 63 7 32831 4583
4625 0 55 9 32835 4558
4625 0 50 18 32812 4592
4625 0 9 27 32824 4504
4625 0 36 36 32826 4618
4625 0 8 45 32823 4549
4625 0 60 63 32830 4580
4626 0 7 9 32833 4578
4626 0 41 18 32828 4593
4626 0 15 27 32821 4533
4626 0 36 36 32826 4619
4626 0 49 45 32825 4588
4626 0 51 63 32831 4586
4627 0 55 9 32835 4559
4627 0 50 18 32812 4593
4627 0 9 27 32824 4505
4627 0 36 36 32826 4620
4627 0 8 45 32823 4550
4627 0 60 63 32830 4581
4628 0 7 9 32833 4579
4628 0 41 18 32828 4594
4628 0 30 27 32816 4605
4628 0 24 36 32837 4596
4628 0 49 45 32825 4589
4628 0 51 63 32831 4587
4629 0 55 9 32835 4560
4629 0 41 18 32828 4595
4629 0 9 27 32824 4506
4629 0 36 36 32826 4621
4629 0 8 45 32823 4551
4629 0 60 63 32830 4582
4630 0 7 9 32833 4580
4630 0 36 18 32825 4600
4630 0 30 27 32816 4606
4630 0 24 36 32837 4597
4630 0 49 45 32825 4590
4630 0 51 63 32831 4588
4631 0 55 9 32835 4561
4631 0 41 18 32828 4596
4631 0 9 27 32824 4507
4631 0 36 36 32826 4622
4631 0 8 45 32823 4552
4631 0 28 63 32819 4565
4632 1 10 9 32830 4614
4632 0 36 18 32825 4601
4632 0 30 27 32816 4607
4632 0 49 45 32825 4591
4632 0 28 63 32819 4566
4633 0 55 9 32835 4562
4633 0 36 18 32825 4602
4633 0 9 27 32824 4508
4633 0 24 36 32837 4598
4633 0 26 45 32825 4599
4633 0 25 63 32824 4514
4634 1 19 0 32824 4602
4634 0 36 18 32825 4603
4634 0 30 27 32816 4608
4634 0 36 36 32826 4623
4634 0 26 45 32825 4600
4634 0 28 63 32819 4567
4635 0 36 18 32825 4604
4635 0 9 27 32824 4509
4635 0 24 36 32837 4599
4635 0 26 45 32825 4601
4635 0 25 63 32824 4515
4636 0 8 18 32824 4614
4636 0 30 27 32816 4609
4636 0 36 36 32826 4624
4636 0 0 45 32809 4579
4636 0 28 63 32819 4568
4637 0 11 0 32831 4609
4637 0 36 18 32825 4605
4637 0 9 27 32824 4510
4637 0 24 36 32837 4600
4637 0 26 45 32825 4602
4637 1 34 55 32826 4575
4637 0 25 63 32824 4516
4638 0 11 0 32831 4610
4638 0 8 18 32824 4615
4638 0 30 27 32816 4610
4638 1 44 31 32838 4606
4638 0 36 36 32826 4625
4638 0 0 45 32809 4580
4638 0 28 63 32819 4569
4639 0 11 0 32831 4611
4639 0 36 18 32825 4606
4639 0 9 27 32824 4511
4639 0 24 36 32837 4601
4639 0 26 45 32825 4603
4639 0 25 63 32824 4517
4640 0 11 0 32831 4612
4640 0 8 18 32824 4616
4640 0 30 27 32816 4611
4640 0 36 36 32826 4626
4640 0 0 45 32809 4581
4640 0 28 63 32819 4570
4641 0 11 0 32831 4613
4641 1 10 12 32831 4624
4641 0 36 18 32825 4607
4641 0 9 27 32824 4512
4641 0 24 36 32837 4602
4641 0 26 45 32825 4604
4641 0 25 63 32824 4518
4642 0 11 0 32831 4614
4642 0 8 18 32824 4617
4642 0 30 27 32816 4612
4642 0 24 36 32837 4603
4642 0 0 45 32809 4582
4642 0 28 63 32819 4571
4643 0 11 0 32831 4615
4643 0 36 18 32825 4608
4643 0 9 27 32824 4513
4643 0 24 36 32837 4604
4643 0 26 45 32825 4605
4643 0 25 63 32824 4519
4644 0 11 0 32831 4616
4644 0 8 18 32824 4618
4644 0 30 27 32816 4613
4644 0 24 36 32837 4605
4644 0 0 45 32809 4583
4644 0 28 63 32819 4572
4645 0 11 0 32831 4617
4645 0 36 18 32825 4609
4645 0 33 27 32822 4573
4645 0 26 45 32825 4606
4645 0 25 63 32824 4520
4646 0 58 0 32833 4594
4646 0 8 18 32824 4619
4646 0 30 27 32816 4614
4646 0 0 45 32809 4584
4646 0 28 63 32819 4573
4647 0 11 0 32831 4618
4647 0 8 18 32824 4620
4647 0 33 27 32822 4574
4647 0 26 45 32825 4607
4647 1 6 60 32838 4595
4647 0 25 63 32824 4521
4648 0 58 0 32833 4595
4648 0 50 18 32813 4621
4648 0 33 27 32821 4559
4648 0 0 45 32809 4585
4648 0 28 63 32819 4574
4649 0 58 0 32833 4596
4649 0 8 18 32824 4621
4649 0 33 27 32822 4575
4649 0 26 45 32825 4608
4649 0 25 63 32824 4522
4650 0 58 0 32833 4597
4650 0 50 18 32813 4622
4650 0 33 27 32821 4560
4650 0 0 45 32809 4586
4650 0 25 63 32824 4523
4651 0 24 0 32838 4629
4651 0 8 18 32824 4622
4651 0 33 27 32822 4576
4651 0 0 45 32809 4587
4651 0 16 63 32826 4564
4652 0 58 0 32833 4598
4652 0 50 18 32813 4623
4652 0 33 27 32821 4561
4652 0 0 45 32809 4588
4652 0 16 63 32826 4565
4653 0 24 0 32838 4630
4653 0 8 18 32824 4623
4653 0 33 27 32822 4577
4653 0 46 63 32826 4624
4654 0 58 0 32833 4599
4654 0 50 18 32813 4624
4654 0 33 27 32821 4562
4654 0 16 63 32826 4566
4655 0 24 0 32838 4631
4655 0 50 18 32813 4625
4655 0 33 27 32822 4578
4655 0 46 63 32826 4625
4656 0 58 0 32833 4600
4656 0 54 18 32833 4609
4656 0 33 27 32821 4563
4656 0 16 63 32826 4567
4657 0 24 0 32838 4632
4657 0 50 18 32813 4626
4657 0 33 27 32822 4579
4657 0 46 63 32826 4626
4658 0 58 0 32833 4601
4658 0 54 18 32833 4610
4658 0 33 27 32821 4564
4658 0 16 63 32826 4568
4659 0 24 0 32838 4633
4659 0 50 18 32813 4627
4659 0 33 27 32822 4580
4659 0 46 63 32826 4627
4660 0 58 0 32833 4602
4660 0 54 18 32833 4611
4660 0 33 27 32821 4565
4660 0 16 63 32826 4569
4661 0 24 0 32838 4634
4661 0 50 18 32813 4628
4661 0 33 27 32822 4581
4661 0 46 63 32826 4628
4662 0 58 0 32833 4603
4662 0 54 18 32833 4612
4662 0 33 27 32821 4566
4662 0 16 63 32826 4570
4663 0 24 0 32838 4635
4663 0 14 9 32830 4631
4663 0 50 18 32813 4629
4663 0 33 27 32822 4582
4663 0 46 63 32826 4629
4664 0 24 0 32838 4636
4664 0 14 9 32830 4632
4664 0 54 18 32833 4613
4664 0 33 27 32821 4567
4664 0 16 63 32826 4571
4665 0 24 0 32838 4637
4665 0 47 9 32830 4608
4665 0 50 18 32813 4630
4665 0 20 27 32826 4602
4665 0 46 63 32826 4630
4666 0 40 0 32836 4634
4666 0 14 9 32830 4633
4666 0 54 18 32833 4614
4666 0 33 27 32821 4568
4666 0 16 63 32826 4572
4667 0 24 0 32838 4638
4667 0 47 9 32830 4609
4667 0 54 18 32833 4615
4667 0 20 27 32826 4603
4667 0 46 63 32826 4631
4668 0 40 0 32836 4635
4668 0 14 9 32830 4634
4668 0 42 18 32829 4643
4668 0 7 27 32832 4512
4668 0 16 63 32826 4573
4669 0 40 0 32836 4636
4669 0 47 9 32830 4610
4669 0 54 18 32833 4616
4669 0 20 27 32826 4604
4669 0 46 63 32826 4632
4670 0 40 0 32836 4637
4670 0 14 9 32830 4635
4670 0 42 18 32829 4644
4670 1 23 21 32841 4653
4670 0 7 27 32832 4513
4670 0 57 63 32837 4624
4671 0 40 0 32836 4638
4671 1 61 6 32835 4624
4671 0 47 9 32830 4611
4671 0 54 18 32833 4617
4671 0 20 27 32826 4605
4671 0 46 63 32826 4633
4672 0 40 0 32836 4639
4672 0 14 9 32830 4636
4672 0 42 18 32829 4645
4672 0 7 27 32832 4514
4672 0 57 63 32837 4625
4673 0 40 0 32836 4640
4673 0 47 9 32830 4612
4673 0 54 18 32833 4618
4673 0 20 27 32826 4606
4673 0 57 63 32837 4626
4674 0 40 0 32836 4641
4674 0 14 9 32830 4637
4674 0 42 18 32829 4646
4674 0 7 27 32832 4515
4674 0 57 63 32837 4627
4675 0 40 0 32836 4642
4675 0 47 9 32830 4613
4675 1 0 12 32811 4643
4675 0 42 18 32829 4647
4675 0 20 27 32826 4607
4675 0 57 63 32837 4628
4676 0 40 0 32836 4643
4676 0 14 9 32830 4638
4676 1 45 18 32819 4635
4676 0 7 27 32832 4516
4676 0 57 63 32837 4629
4677 0 47 9 32830 4614
4677 0 42 18 32829 4648
4677 0 20 27 32826 4608
4677 0 57 63 32837 4630
4678 0 14 9 32830 4639
4678 0 42 18 32829 4649
4678 0 7 27 32832 4517
4678 0 57 63 32837 4631
4679 0 47 9 32830 4615
4679 0 42 18 32829 4650
4679 0 20 27 32826 4609
4679 0 57 63 32837 4632
4680 0 14 9 32830 4640
4680 0 42 18 32829 4651
4680 0 7 27 32832 4518
4680 0 57 63 32837 4633
4681 0 48 0 32837 4644
4681 1 41 7 32829 4611
4681 0 47 9 32830 4616
4681 0 42 18 32829 4652
4681 0 20 27 32826 4610
4682 0 48 0 32837 4645
4682 1 5 4 32829 4670
4682 0 50 9 32814 4638
4682 0 7 27 32832 4519
4683 0 48 0 32837 4646
4683 0 47 9 32830 4617
4683 0 20 27 32826 4611
4684 0 48 0 32837 4647
4684 0 50 9 32814 4639
4684 0 7 27 32832 4520
4685 0 48 0 32837 4648
4685 0 50 9 32814 4640
4685 0 56 27 32841 4556
4686 0 48 0 32837 4649
4686 1 59 9 32832 4629
4686 0 7 27 32832 4521
4687 0 48 0 32837 4650
4687 0 50 9 32814 4641
4687 0 56 27 32841 4557
4688 0 48 0 32837 4651
4688 1 1 4 32825 4666
4688 0 50 9 32814 4642
4688 0 32 18 32832 4661
4688 0 41 27 32827 4577
4689 0 48 0 32837 4652
4689 0 50 9 32814 4643
4689 0 32 18 32832 4662
4689 0 56 27 32841 4558
4689 1 14 30 32831 4672
4690 0 48 0 32837 4653
4690 0 50 9 32814 4644
4690 0 32 18 32832 4663
4690 0 41 27 32827 4578
4691 0 50 9 32814 4645
4691 0 32 18 32832 4664
4691 0 56 27 32841 4559
4692 0 50 9 32814 4646
4692 0 43 18 32834 4665
4692 0 41 27 32827 4579
4693 0 50 9 32814 4647
4693 0 32 18 32832 4665
4693 0 56 27 32841 4560
4693 1 9 37 32827 4651
4694 0 43 18 32834 4666
4694 0 41 27 32827 4580
4695 0 32 18 32832 4666
4695 0 56 27 32841 4561
4695 0 58 45 32834 4663
4696 0 43 18 32834 4667
4696 0 41 27 32827 4581
4696 0 58 45 32834 4664
4697 0 32 18 32832 4667
4697 0 56 27 32841 4562
4697 0 58 45 32834 4665
4698 0 43 18 32834 4668
4698 0 41 27 32827 4582
4698 0 58 45 32834 4666
4699 1 19 17 32825 4682
4699 0 32 18 32832 4668
4699 0 56 27 32841 4563
4699 0 58 45 32834 4667
4700 0 43 18 32834 4669
4700 0 41 27 32827 4583
4700 0 21 36 32838 4678
4700 0 58 45 32834 4668
4701 0 32 18 32832 4669
4701 0 56 27 32841 4564
4701 0 21 36 32838 4679
4701 0 58 45 32834 4669
4702 0 43 18 32834 4670
4702 0 41 27 32827 4584
4702 0 21 36 32838 4680
4702 0 40 45 32837 4670
4703 0 32 18 32832 4670
4703 0 56 27 32841 4565
4703 0 21 36 32838 4681
4703 0 58 45 32834 4670
4704 0 43 18 32834 4671
4704 0 41 27 32827 4585
4704 0 21 36 32838 4682
4704 0 40 45 32837 4671
4705 0 43 18 32834 4672
4705 1 26 22 32826 4673
4705 0 6 27 32837 4537
4705 0 21 36 32838 4683
4705 0 58 45 32834 4671
4706 0 43 18 32834 4673
4706 0 41 27 32827 4586
4706 0 21 36 32838 4684
4706 0 40 45 32837 4672
4707 0 43 18 32834 4674
4707 0 6 27 32837 4538
4707 0 21 36 32838 4685
4707 0 58 45 32834 4672
4708 0 32 27 32831 4622
4708 0 21 36 32838 4686
4708 0 40 45 32837 4673
4708 1 16 62 32827 4646
4709 0 4 18 32839 4682
4709 0 6 27 32837 4539
4709 0 21 36 32838 4687
4709 0 14 45 32832 4673
4710 0 51 0 32832 4658
4710 0 4 18 32839 4683
4710 0 32 27 32831 4623
4710 0 40 45 32837 4674
4711 0 51 0 32832 4659
4711 0 4 18 32839 4684
4711 0 6 27 32837 4540
4711 0 14 45 32832 4674
4712 0 51 0 32832 4660
4712 0 4 18 32839 4685
4712 0 32 27 32831 4624
4712 0 40 45 32837 4675
4713 0 51 0 32832 4661
4713 0 4 18 32839 4686
4713 0 6 27 32837 4541
4713 0 14 45 32832 4675
4714 0 51 0 32832 4662
4714 0 4 18 32839 4687
4714 0 32 27 32831 4625
4714 0 40 45 32837 4676
4715 0 51 0 32832 4663
4715 0 4 18 32839 4688
4715 0 6 27 32837 4542
4715 0 14 45 32832 4676
4716 0 51 0 32832 4664
4716 0 4 18 32839 4689
4716 0 32 27 32831 4626
4716 0 40 45 32837 4677
4717 0 51 0 32832 4665
4717 0 4 18 32839 4690
4717 0 6 27 32837 4543
4717 0 14 45 32832 4677
4718 0 51 0 32832 4666
4718 0 4 18 32839 4691
4718 0 32 27 32831 4627
4718 0 40 45 32837 4678
4719 0 51 0 32832 4667
4719 0 6 27 32837 4544
4719 0 14 45 32832 4678
4719 1 29 54 32814 4692
4720 0 32 27 32831 4628
4720 0 40 45 32837 4679
4720 0 7 54 32834 4677
4721 0 6 27 32837 4545
4721 0 14 45 32832 4679
4721 0 7 54 32834 4678
4722 0 32 27 32831 4629
4722 0 50 45 32815 4692
4722 0 23 54 32842 4690
4723 0 60 0 32831 4661
4723 0 6 27 32837 4546
4723 0 14 45 32832 4680
4723 0 7 54 32834 4679
4724 0 60 0 32831 4662
4724 0 32 27 32831 4630
4724 0 50 45 32815 4693
4724 0 23 54 32842 4691
4725 0 60 0 32831 4663
4725 0 2 27 32810 4686
4725 1 46 32 32827 4683
4725 0 14 45 32832 4681
4725 0 7 54 32834 4680
4726 0 60 0 32831 4664
4726 0 16 9 32828 4709
4726 0 32 27 32831 4631
4726 0 50 45 32815 4694
4726 0 23 54 32842 4692
4727 0 60 0 32831 4665
4727 0 52 9 32829 4679
4727 0 2 27 32810 4687
4727 0 14 45 32832 4682
4727 0 7 54 32834 4681
4728 0 60 0 32831 4666
4728 0 16 9 32828 4710
4728 1 8 10 32826 4710
4728 0 2 27 32810 4688
4728 0 50 45 32815 4695
4728 0 23 54 32842 4693
4729 0 60 0 32831 4667
4729 0 52 9 32829 4680
4729 0 2 27 32810 4689
4729 0 12 45 32821 4680
4729 0 7 54 32834 4682
4730 0 60 0 32831 4668
4730 0 16 9 32828 4711
4730 0 2 27 32810 4690
4730 0 50 45 32815 4696
4730 0 23 54 32842 4694
4731 0 60 0 32831 4669
4731 0 52 9 32829 4681
4731 0 2 27 32810 4691
4731 0 12 45 32821 4681
4731 0 7 54 32834 4683
4732 0 60 0 32831 4670
4732 0 16 9 32828 4712
4732 1 39 25 32836 4690
4732 0 2 27 32810 4692
4732 0 23 36 32843 4700
4732 0 50 45 32815 4697
4732 0 23 54 32842 4695
4733 0 52 9 32829 4682
4733 1 30 16 32817 4691
4733 0 2 27 32810 4693
4733 0 23 36 32843 4701
4733 0 12 45 32821 4682
4733 0 7 54 32834 4684
4734 0 16 9 32828 4713
4734 0 2 27 32810 4694
4734 0 23 36 32843 4702
4734 0 50 45 32815 4698
4734 0 23 54 32842 4696
4735 0 52 9 32829 4683
4735 0 2 27 32810 4695
4735 0 23 36 32843 4703
4735 0 12 45 32821 4683
4735 0 7 54 32834 4685
4736 0 16 9 32828 4714
4736 0 23 36 32843 4704
4736 0 50 45 32815 4699
4736 0 23 54 32842 4697
4737 0 52 9 32829 4684
4737 0 25 36 32826 4710
4737 0 12 45 32821 4684
4737 0 7 54 32834 4686
4738 0 16 9 32828 4715
4738 0 23 36 32843 4705
4738 0 50 45 32815 4700
4738 0 23 54 32842 4698
4739 1 51 7 32833 4682
4739 0 52 9 32829 4685
4739 0 25 36 32826 4711
4739 0 12 45 32821 4685
4739 0 23 54 32842 4699
4740 0 16 9 32828 4716
4740 0 23 36 32843 4706
4740 1 22 37 32830 4718
4740 0 50 45 32815 4701
4740 0 25 54 32825 4689
4741 0 52 9 32829 4686
4741 1 37 14 32833 4714
4741 0 12 27 32822 4719
4741 0 25 36 32826 4712
4741 0 12 45 32821 4686
4741 0 25 54 32825 4690
4742 0 16 9 32828 4717
4742 0 12 27 32822 4720
4742 0 23 36 32843 4707
4742 0 12 45 32821 4687
4742 0 25 54 32825 4691
4743 0 52 9 32829 4687
4743 0 12 27 32822 4721
4743 0 25 36 32826 4713
4743 1 14 37 32833 4713
4743 0 12 45 32821 4688
4743 0 42 54 32830 4711
4744 0 16 9 32828 4718
4744 0 12 27 32822 4722
4744 0 23 36 32843 4708
4744 0 12 45 32821 4689
4744 0 25 54 32825 4692
4745 0 52 9 32829 4688
4745 0 12 27 32822 4723
4745 0 25 36 32826 4714
4745 0 42 54 32830 4712
4746 0 30 0 32818 4693
4746 0 12 27 32822 4724
4746 0 23 36 32843 4709
4746 0 25 54 32825 4693
4747 0 30 0 32818 4694
4747 1 12 4 32823 4735
4747 0 34 9 32827 4711
4747 0 12 27 32822 4725
4747 0 25 36 32826 4715
4747 0 31 45 32814 4714
4747 0 42 54 32830 4713
4748 0 30 0 32818 4695
4748 0 34 9 32827 4712
4748 0 12 27 32822 4726
4748 0 25 36 32826 4716
4748 0 31 45 32814 4715
4748 0 25 54 32825 4694
4749 0 30 0 32818 4696
4749 0 34 9 32827 4713
4749 0 12 27 32822 4727
4749 0 18 36 32827 4716
4749 0 31 45 32814 4716
4749 0 42 54 32830 4714
4749 0 0 63 32812 4672
4750 0 30 0 32818 4697
4750 0 34 9 32827 4714
4750 0 12 27 32822 4728
4750 0 25 36 32826 4717
4750 0 31 45 32814 4717
4750 0 25 54 32825 4695
4750 0 0 63 32812 4673
4751 0 30 0 32818 4698
4751 0 34 9 32827 4715
4751 0 32 18 32833 4724
4751 0 18 36 32827 4717
4751 0 13 45 32826 4721
4751 0 42 54 32830 4715
4751 0 0 63 32812 4674
4752 0 30 0 32818 4699
4752 0 34 9 32827 4716
4752 0 32 18 32833 4725
4752 0 25 36 32826 4718
4752 0 31 45 32814 4718
4752 0 25 54 32825 4696
4752 0 0 63 32812 4675
4753 0 30 0 32818 4700
4753 0 34 9 32827 4717
4753 0 32 18 32833 4726
4753 0 18 36 32827 4718
4753 0 13 45 32826 4722
4753 0 42 54 32830 4716
4753 0 0 63 32812 4676
4754 0 30 0 32818 4701
4754 0 34 9 32827 4718
4754 0 32 18 32833 4727
4754 0 25 36 32826 4719
4754 0 31 45 32814 4719
4754 0 25 54 32825 4697
4754 0 0 63 32812 4677
4755 0 30 0 32818 4702
4755 0 34 9 32827 4719
4755 0 32 18 32833 4728
4755 0 18 36 32827 4719
4755 0 13 45 32826 4723
4755 0 42 54 32830 4717
4755 0 0 63 32812 4678
4756 0 34 9 32827 4720
4756 0 32 18 32833 4729
4756 0 18 36 32827 4720
4756 0 31 45 32814 4720
4756 0 25 54 32825 4698
4756 0 0 63 32812 4679
4757 0 32 18 32833 4730
4757 0 48 36 32838 4720
4757 0 13 45 32826 4724
4757 0 42 54 32830 4718
4757 0 0 63 32812 4680
4758 0 32 18 32833 4731
4758 0 7 27 32835 4716
4758 0 18 36 32827 4721
4758 0 31 45 32814 4721
4758 0 42 54 32830 4719
4758 0 13 63 32825 4711
4759 0 32 18 32833 4732
4759 0 7 27 32835 4717
4759 0 48 36 32838 4721
4759 0 13 45 32826 4725
4759 0 22 54 32831 4731
4759 0 0 63 32812 4681
4760 0 32 18 32833 4733
4760 0 7 27 32835 4718
4760 0 18 36 32827 4722
4760 0 31 45 32814 4722
4760 0 42 54 32830 4720
4760 0 13 63 32825 4712
4761 0 7 27 32835 4719
4761 0 48 36 32838 4722
4761 0 13 45 32826 4726
4761 0 22 54 32831 4732
4761 0 13 63 32825 4713
4762 0 7 27 32835 4720
4762 0 18 36 32827 4723
4762 0 31 45 32814 4723
4762 0 22 54 32831 4733
4762 0 28 63 32821 4718
4763 0 7 27 32835 4721
4763 0 48 36 32838 4723
4763 0 13 45 32826 4727
4763 0 22 54 32831 4734
4763 0 13 63 32825 4714
4764 1 6 13 32839 4747
4764 1 14 19 32834 4737
4764 0 7 27 32835 4722
4764 0 18 36 32827 4724
4764 0 13 45 32826 4728
4764 0 22 54 32831 4735
4764 0 28 63 32821 4719
4765 0 7 27 32835 4723
4765 0 48 36 32838 4724
4765 0 8 45 32825 4699
4765 0 22 54 32831 4736
4765 0 13 63 32825 4715
4766 0 7 27 32835 4724
4766 0 18 36 32827 4725
4766 0 13 45 32826 4729
4766 0 22 54 32831 4737
4766 0 28 63 32821 4720
4767 0 7 27 32835 4725
4767 0 48 36 32838 4725
4767 0 8 45 32825 4700
4767 0 22 54 32831 4738
4767 0 13 63 32825 4716
4768 1 30 13 32819 4746
4768 0 39 36 32837 4738
4768 0 13 45 32826 4730
4768 0 22 54 32831 4739
4768 0 28 63 32821 4721
4769 0 48 36 32838 4726
4769 0 8 45 32825 4701
4769 0 22 54 32831 4740
4769 0 13 63 32825 4717
4770 0 39 36 32837 4739
4770 0 8 45 32825 4702
4770 0 28 63 32821 4722
4771 0 48 36 32838 4727
4771 0 8 45 32825 4703
4771 0 13 63 32825 4718
4772 0 39 36 32837 4740
4772 0 8 45 32825 4704
4772 0 28 63 32821 4723
4773 0 48 36 32838 4728
4773 0 8 45 32825 4705
4773 0 13 63 32825 4719
4774 0 39 36 32837 4741
4774 0 8 45 32825 4706
4774 0 28 63 32821 4724
4775 0 48 36 32838 4729
4775 0 8 45 32825 4707
4775 0 24 54 32839 4723
4775 0 13 63 32825 4720
4776 0 39 36 32837 4742
4776 0 49 45 32826 4743
4776 0 24 54 32839 4724
4776 0 28 63 32821 4725
4777 1 5 27 32831 4745
4777 0 57 36 32838 4723
4777 0 8 45 32825 4708
4777 0 4 54 32840 4730
4777 0 28 63 32821 4726
4778 0 31 9 32815 4731
4778 0 39 36 32837 4743
4778 0 49 45 32826 4744
4778 0 24 54 32839 4725
4778 1 50 63 32816 4739
4779 0 31 9 32815 4732
4779 0 57 36 32838 4724
4779 0 49 45 32826 4745
4779 0 4 54 32840 4731
4779 0 28 63 32821 4727
4780 0 31 9 32815 4733
4780 0 39 36 32837 4744
4780 0 7 45 32836 4738
4780 0 24 54 32839 4726
4781 0 31 9 32815 4734
4781 0 14 27 32835 4749
4781 0 57 36 32838 4725
4781 0 49 45 32826 4746
4781 0 4 54 32840 4732
4781 0 5 63 32830 4724
4782 0 31 9 32815 4735
4782 0 14 27 32835 4750
4782 0 39 36 32837 4745
4782 0 7 45 32836 4739
4782 0 24 54 32839 4727
4782 0 5 63 32830 4725
4783 0 31 9 32815 4736
4783 0 14 27 32835 4751
4783 0 57 36 32838 4726
4783 0 49 45 32826 4747
4783 0 4 54 32840 4733
4783 0 28 63 32822 4741
4784 0 31 9 32815 4737
4784 0 14 27 32835 4752
4784 0 39 36 32837 4746
4784 0 7 45 32836 4740
4784 0 24 54 32839 4728
4784 0 5 63 32830 4726
4785 0 31 9 32815 4738
4785 0 14 27 32835 4753
4785 0 57 36 32838 4727
4785 0 49 45 32826 4748
4785 0 4 54 32840 4734
4785 0 28 63 32822 4742
4786 0 5 0 32832 4754
4786 0 31 9 32815 4739
4786 0 14 27 32835 4754
4786 0 39 36 32837 4747
4786 0 7 45 32836 4741
4786 0 24 54 32839 4729
4786 0 5 63 32830 4727
4787 0 5 0 32832 4755
4787 0 14 27 32835 4755
4787 0 57 36 32838 4728
4787 0 49 45 32826 4749
4787 0 4 54 32840 4735
4787 0 28 63 32822 4743
4788 0 22 0 32832 4741
4788 0 31 9 32815 4740
4788 0 14 27 32835 4756
4788 0 53 36 32827 4755
4788 0 7 45 32836 4742
4788 0 24 54 32839 4730
4788 0 5 63 32830 4728
4789 0 5 0 32832 4756
4789 0 21 27 32840 4757
4789 0 57 36 32838 4729
4789 0 49 45 32826 4750
4789 0 4 54 32840 4736
4789 0 28 63 32822 4744
4790 0 22 0 32832 4742
4790 0 28 18 32823 4768
4790 0 14 27 32835 4757
4790 0 53 36 32827 4756
4790 0 7 45 32836 4743
4790 0 24 54 32839 4731
4790 0 5 63 32830 4729
4791 0 5 0 32832 4757
4791 0 28 18 32823 4769
4791 0 21 27 32840 4758
4791 0 57 36 32838 4730
4791 0 49 45 32826 4751
4791 0 4 54 32840 4737
4791 0 28 63 32822 4745
4792 0 22 0 32832 4743
4792 1 62 1 32830 4725
4792 0 28 18 32823 4770
4792 0 14 27 32835 4758
4792 0 53 36 32827 4757
4792 0 7 45 32836 4744
4792 1 9 48 32828 4755
4792 0 24 54 32839 4732
4792 0 5 63 32830 4730
4793 0 5 0 32832 4758
4793 0 52 9 32830 4746
4793 0 28 18 32823 4771
4793 0 21 27 32840 4759
4793 0 57 36 32838 4731
4793 0 49 45 32826 4752
4793 0 4 54 32840 4738
4793 0 28 63 32822 4746
4794 0 22 0 32832 4744
4794 0 52 9 32830 4747
4794 0 42 18 32831 4772
4794 0 35 27 32834 4782
4794 0 53 36 32827 4758
4794 0 7 45 32836 4745
4794 0 60 54 32832 4764
4794 1 49 56 32827 4777
4794 0 5 63 32830 4731
4795 0 5 0 32832 4759
4795 0 52 9 32830 4748
4795 0 28 18 32823 4772
4795 0 57 36 32838 4732
4795 0 7 45 32836 4746
4795 0 4 54 32840 4739
4795 0 28 63 32822 4747
4796 0 22 0 32832 4745
4796 0 52 9 32830 4749
4796 0 42 18 32831 4773
4796 0 21 27 32840 4760
4796 0 53 36 32827 4759
4796 0 7 45 32836 4747
4796 0 60 54 32832 4765
4796 0 5 63 32830 4732
4797 0 5 0 32832 4760
4797 0 52 9 32830 4750
4797 0 28 18 32823 4773
4797 0 35 27 32834 4783
4797 0 21 36 32839 4747
4797 0 60 54 32832 4766
4797 0 28 63 32822 4748
4798 0 22 0 32832 4746
4798 0 52 9 32830 4751
4798 0 42 18 32831 4774
4798 0 21 27 32840 4761
4798 0 53 36 32827 4760
4798 0 60 54 32832 4767
4798 0 5 63 32830 4733
4799 0 5 0 32832 4761
4799 0 52 9 32830 4752
4799 0 28 18 32823 4774
4799 0 35 27 32834 4784
4799 0 21 36 32839 4748
4799 0 60 54 32832 4768
4799 0 28 63 32822 4749
4800 0 22 0 32832 4747
4800 0 52 9 32830 4753
4800 0 42 18 32831 4775
4800 0 21 27 32840 4762
4800 1 23 35 32844 4754
4800 0 53 36 32827 4761
4800 0 60 54 32832 4769
4800 0 28 63 32822 4750
4801 0 5 0 32832 4762
4801 0 52 9 32830 4754
4801 0 28 18 32823 4775
4801 0 35 27 32834 4785
4801 0 21 36 32839 4749
4801 0 60 54 32832 4770
4801 0 50 63 32817 4759
4802 0 22 0 32832 4748
4802 0 52 9 32830 4755
4802 0 42 18 32831 4776
4802 0 21 27 32840 4763
4802 1 11 32 32832 4765
4802 0 53 36 32827 4762
4802 0 60 54 32832 4771
4802 0 50 63 32817 4760
4803 0 5 0 32832 4763
4803 0 28 18 32823 4776
4803 0 35 27 32834 4786
4803 0 21 36 32839 4750
4803 1 39 44 32838 4776
4803 0 29 54 32815 4776
4803 0 31 63 32816 4758
4804 0 22 0 32832 4749
4804 0 42 18 32831 4777
4804 0 21 27 32840 4764
4804 0 53 36 32827 4763
4804 0 60 54 32832 4772
4804 1 58 56 32835 4787
4804 0 50 63 32817 4761
4805 0 22 0 32832 4750
4805 0 28 18 32823 4777
4805 0 35 27 32834 4787
4805 0 21 36 32839 4751
4805 0 29 54 32815 4777
4805 0 31 63 32816 4759
4806 0 42 18 32831 4778
4806 0 21 27 32840 4772
4806 0 53 36 32827 4764
4806 1 6 37 32840 4774
4806 0 60 54 32832 4773
4806 0 50 63 32817 4762
4807 0 4 18 32841 4769
4807 0 35 27 32834 4788
4807 0 21 36 32839 4752
4807 0 20 45 32827 4780
4807 0 29 54 32815 4778
4807 0 31 63 32816 4760
4808 0 42 18 32831 4779
4808 0 21 27 32840 4774
4808 0 61 36 32836 4761
4808 0 20 45 32827 4781
4808 0 29 54 32815 4779
4808 0 50 63 32817 4763
4809 0 38 0 32844 4751
4809 0 4 18 32841 4770
4809 0 35 27 32834 4789
4809 0 21 36 32839 4753
4809 0 20 45 32827 4782
4809 0 29 54 32815 4780
4809 0 31 63 32816 4761
4810 0 38 0 32844 4752
4810 1 9 4 32829 4783
4810 0 42 18 32831 4780
4810 1 13 27 32827 4771
4810 0 61 36 32836 4762
4810 0 20 45 32827 4783
4810 0 29 54 32815 4781
4810 0 50 63 32817 4764
4811 0 38 0 32844 4753
4811 0 4 18 32841 4771
4811 0 35 27 32834 4790
4811 0 21 36 32839 4754
4811 0 20 45 32827 4784
4811 0 29 54 32815 4782
4811 0 31 63 32816 4762
4812 0 38 0 32844 4754
4812 0 42 18 32831 4781
4812 0 35 27 32834 4791
4812 0 61 36 32836 4763
4812 0 20 45 32827 4785
4812 0 29 54 32815 4783
4812 0 50 63 32817 4765
4813 0 38 0 32844 4755
4813 1 27 5 32839 4781
4813 1 44 17 32839 4776
4813 0 4 18 32841 4772
4813 0 21 36 32839 4755
4813 0 20 45 32827 4786
4813 0 29 54 32815 4784
4813 0 31 63 32816 4763
4814 0 38 0 32844 4756
4814 0 4 18 32841 4773
4814 0 61 36 32836 4764
4814 0 20 45 32827 4787
4814 0 29 54 32815 4785
4814 0 50 63 32817 4766
4815 0 38 0 32844 4757
4815 0 4 18 32841 4774
4815 0 21 36 32839 4756
4815 0 20 45 32827 4788
4815 0 31 63 32816 4764
4816 0 38 0 32844 4758
4816 0 10 9 32832 4804
4816 0 4 18 32841 4775
4816 0 61 36 32836 4765
4816 0 20 45 32827 4789
4816 0 50 63 32817 4767
4817 0 38 0 32844 4759
4817 0 10 9 32832 4805
4817 0 4 18 32841 4776
4817 0 3 36 32833 4759
4817 0 31 63 32816 4765
4818 0 38 0 32844 4760
4818 0 10 9 32832 4806
4818 0 4 18 32841 4777
4818 0 61 36 32836 4766
4818 0 50 63 32817 4768
4819 0 10 9 32832 4807
4819 0 4 18 32841 4778
4819 0 3 36 32833 4760
4819 0 31 63 32816 4775
4820 0 10 9 32832 4808
4820 0 61 36 32836 4767
4820 0 6 45 32841 4783
4820 0 31 63 32816 4777
4821 0 10 9 32832 4809
4821 0 3 36 32833 4761
4821 0 6 45 32841 4784
4821 0 45 63 32820 4790
4822 0 19 9 32826 4800
4822 0 61 36 32836 4768
4822 0 27 45 32840 4795
4822 0 45 63 32820 4791
4823 0 10 9 32832 4810
4823 0 7 18 32837 4781
4823 0 3 36 32833 4762
4823 0 6 45 32841 4785
4823 0 55 63 32837 4807
4824 0 19 9 32826 4801
4824 0 7 18 32837 4782
4824 0 61 36 32836 4769
4824 0 27 45 32840 4796
4824 0 45 63 32820 4792
4825 0 10 9 32832 4811
4825 0 7 18 32837 4783
4825 0 3 36 32833 4763
4825 0 6 45 32841 4786
4825 0 55 63 32837 4808
4826 0 19 9 32826 4802
4826 0 7 18 32837 4784
4826 0 61 36 32836 4770
4826 0 27 45 32840 4797
4826 0 45 63 32820 4793
4827 0 10 9 32832 4812
4827 0 47 18 32831 4780
4827 0 3 36 32833 4764
4827 0 6 45 32841 4787
4827 0 55 63 32837 4809
4828 0 19 9 32826 4803
4828 0 7 18 32837 4785
4828 1 15 19 32823 4796
4828 0 21 36 32841 4775
4828 0 27 45 32840 4798
4828 0 45 63 32820 4794
4829 0 10 9 32832 4813
4829 0 47 18 32831 4781
4829 0 3 36 32833 4765
4829 0 6 45 32841 4788
4829 1 45 62 32821 4807
4829 0 55 63 32837 4810
4830 0 19 9 32826 4804
4830 0 7 18 32837 4786
4830 0 21 36 32841 4776
4830 0 27 45 32840 4799
4830 0 45 63 32820 4795
4831 0 19 9 32826 4805
4831 0 47 18 32831 4782
4831 0 3 36 32833 4766
4831 0 6 45 32841 4789
4831 0 55 63 32837 4811
4832 0 19 9 32826 4806
4832 0 7 18 32837 4787
4832 0 21 36 32841 4777
4832 0 27 45 32840 4800
4832 0 45 63 32820 4796
4833 0 19 9 32826 4807
4833 0 47 18 32831 4783
4833 0 3 36 32833 4767
4833 0 6 45 32841 4790
4833 0 55 63 32837 4812
4834 0 19 9 32826 4808
4834 1 7 15 32839 4822
4834 0 7 18 32837 4788
4834 0 21 36 32841 4778
4834 0 27 45 32840 4801
4834 0 31 54 32818 4807
4834 0 45 63 32820 4797
4835 0 19 9 32826 4809
4835 0 47 18 32831 4784
4835 0 3 36 32833 4768
4835 0 6 45 32841 4791
4835 0 31 54 32818 4808
4835 0 55 63 32837 4813
4836 0 7 18 32837 4789
4836 0 21 36 32841 4779
4836 0 27 45 32840 4802
4836 0 31 54 32818 4809
4836 0 45 63 32820 4798
4837 0 47 18 32831 4785
4837 0 38 27 32845 4810
4837 0 55 36 32836 4774
4837 1 31 40 32817 4785
4837 0 6 45 32841 4792
4837 0 31 54 32818 4810
4837 0 55 63 32837 4814
4838 0 51 0 32834 4786
4838 0 7 18 32837 4790
4838 0 38 27 32845 4811
4838 0 21 36 32841 4780
4838 0 27 45 32840 4803
4838 0 31 54 32818 4811
4838 0 45 63 32820 4799
4839 0 51 0 32834 4787
4839 0 47 18 32831 4786
4839 1 16 21 32830 4807
4839 0 38 27 32845 4812
4839 0 55 36 32836 4775
4839 1 59 45 32834 4796
4839 0 31 54 32818 4812
4839 0 55 63 32837 4817
4840 0 51 0 32834 4788
4840 0 7 18 32838 4791
4840 0 38 27 32845 4813
4840 0 21 36 32841 4781
4840 0 27 45 32840 4804
4840 0 31 54 32818 4813
4840 0 55 63 32837 4819
4841 0 51 0 32834 4789
4841 1 57 15 32839 4774
4841 0 47 18 32831 4787
4841 0 38 27 32845 4814
4841 0 55 36 32836 4776
4841 1 49 41 32828 4829
4841 0 39 45 32839 4813
4841 0 31 54 32818 4814
4841 0 29 63 32816 4800
4842 0 51 0 32834 4790
4842 0 7 18 32838 4792
4842 0 38 27 32845 4815
4842 0 21 36 32841 4782
4842 0 39 45 32839 4814
4842 0 31 54 32818 4815
4842 0 29 63 32816 4801
4843 0 51 0 32834 4791
4843 0 47 18 32831 4788
4843 0 38 27 32845 4816
4843 0 55 36 32836 4777
4843 0 16 45 32829 4782
4843 0 31 54 32818 4816
4843 0 0 63 32813 4762
4844 0 51 0 32834 4792
4844 0 7 18 32838 4793
4844 0 38 27 32845 4817
4844 0 21 36 32841 4783
4844 0 39 45 32839 4815
4844 0 29 63 32816 4802
4845 0 51 0 32834 4793
4845 0 47 18 32831 4789
4845 0 38 27 32845 4818
4845 0 55 36 32836 4778
4845 0 16 45 32829 4783
4845 0 0 63 32813 4763
4846 0 51 0 32834 4794
4846 0 7 18 32838 4794
4846 0 38 27 32845 4819
4846 0 21 36 32841 4784
4846 0 39 45 32839 4816
4846 0 29 63 32816 4803
4847 0 51 0 32834 4795
4847 0 34 18 32828 4826
4847 0 55 36 32836 4779
4847 0 16 45 32829 4784
4847 0 0 63 32813 4764
4848 0 7 18 32838 4795
4848 0 62 36 32831 4778
4848 0 39 45 32839 4817
4848 0 29 63 32816 4804
4849 0 34 18 32828 4827
4849 0 55 36 32836 4780
4849 0 16 45 32829 4785
4849 0 0 63 32813 4765
4850 0 7 18 32838 4796
4850 0 62 36 32831 4779
4850 0 39 45 32839 4818
4850 0 29 63 32816 4805
4851 0 34 18 32828 4828
4851 0 55 36 32836 4781
4851 0 16 45 32829 4786
4851 1 48 56 32839 4839
4851 0 0 63 32813 4766
4852 0 7 18 32838 4797
4852 0 62 36 32831 4780
4852 0 39 45 32839 4819
4852 0 29 63 32816 4806
4853 0 22 9 32833 4816
4853 0 34 18 32828 4829
4853 0 55 36 32836 4782
4853 0 16 45 32829 4787
4853 0 0 63 32813 4767
4854 0 22 9 32833 4817
4854 0 7 18 32838 4798
4854 0 62 36 32831 4781
4854 0 39 45 32839 4820
4854 0 29 63 32816 4807
4855 0 22 9 32833 4818
4855 0 34 18 32828 4830
4855 0 55 36 32836 4783
4855 0 16 45 32829 4788
4855 0 0 63 32813 4768
4856 0 22 9 32833 4819
4856 0 7 18 32838 4799
4856 0 62 36 32831 4782
4856 0 39 45 32839 4821
4856 0 29 63 32816 4808
4857 1 3 0 32834 4835
4857 0 22 9 32833 4820
4857 0 34 18 32828 4831
4857 0 38 27 32846 4829
4857 0 15 36 32824 4814
4857 0 16 45 32829 4789
4857 0 0 63 32813 4769
4858 0 22 9 32833 4821
4858 0 7 18 32838 4800
4858 0 38 27 32846 4830
4858 1 6 33 32842 4793
4858 0 62 36 32831 4783
4858 0 39 45 32839 4822
4858 0 29 63 32816 4809
4859 0 22 9 32833 4822
4859 0 34 18 32828 4832
4859 0 5 27 32833 4827
4859 0 15 36 32824 4815
4859 0 16 45 32829 4790
4859 0 0 63 32813 4770
4860 0 22 9 32833 4823
4860 1 46 16 32828 4808
4860 0 51 18 32835 4820
4860 0 38 27 32846 4831
4860 0 62 36 32831 4784
4860 0 16 45 32829 4791
4860 0 0 63 32813 4771
4861 0 22 9 32833 4824
4861 0 34 18 32828 4833
4861 0 5 27 32833 4828
4861 0 15 36 32824 4816
4861 0 12 45 32824 4808
4861 0 25 63 32827 4783
4862 0 22 9 32833 4825
4862 0 51 18 32835 4821
4862 0 38 27 32846 4832
4862 0 62 36 32831 4785
4862 0 12 45 32824 4809
4862 0 25 63 32827 4784
4863 0 34 18 32828 4834
4863 0 5 27 32833 4829
4863 0 15 36 32824 4817
4863 0 24 45 32840 4793
4863 0 28 63 32824 4813
4864 0 51 18 32835 4822
4864 0 38 27 32846 4833
4864 0 62 36 32831 4786
4864 0 12 45 32824 4810
4864 0 25 63 32827 4785
4865 0 34 18 32828 4835
4865 0 5 27 32833 4830
4865 0 15 36 32824 4818
4865 0 24 45 32840 4794
4865 0 28 63 32824 4814
4866 0 51 18 32835 4823
4866 0 38 27 32846 4834
4866 0 62 36 32831 4787
4866 0 12 45 32824 4811
4866 0 25 63 32827 4786
4867 0 51 18 32835 4824
4867 0 5 27 32833 4831
4867 0 15 36 32824 4819
4867 1 11 40 32833 4825
4867 0 24 45 32840 4795
4867 0 45 54 32822 4850
4867 0 28 63 32824 4815
4868 0 63 18 32832 4804
4868 0 38 27 32846 4835
4868 0 59 36 32833 4776
4868 0 12 45 32824 4812
4868 0 45 54 32822 4851
4868 0 25 63 32827 4787
4869 0 51 18 32835 4825
4869 0 5 27 32833 4832
4869 0 15 36 32824 4820
4869 0 24 45 32840 4796
4869 0 45 54 32822 4852
4869 0 28 63 32824 4816
4870 0 63 18 32832 4805
4870 1 56 22 32842 4808
4870 0 38 27 32846 4836
4870 0 59 36 32833 4777
4870 0 12 45 32824 4813
4870 0 45 54 32822 4853
4870 0 25 63 32827 4788
4871 0 51 18 32835 4826
4871 0 5 27 32833 4833
4871 0 15 36 32824 4821
4871 1 16 39 32831 4819
4871 0 24 45 32840 4797
4871 0 45 54 32822 4854
4871 0 28 63 32824 4817
4872 0 7 9 32840 4830
4872 0 63 18 32832 4806
4872 0 38 27 32846 4837
4872 0 59 36 32833 4778
4872 0 12 45 32824 4814
4872 0 45 54 32822 4855
4872 0 25 63 32827 4789
4873 0 7 9 32840 4831
4873 0 51 18 32835 4827
4873 0 5 27 32833 4834
4873 0 15 36 32824 4822
4873 0 24 45 32840 4798
4873 0 45 54 32822 4856
4873 0 28 63 32824 4818
4874 1 15 6 32825 4857
4874 0 7 9 32840 4832
4874 0 63 18 32832 4807
4874 0 38 27 32846 4838
4874 0 59 36 32833 4779
4874 0 12 45 32824 4815
4874 0 45 54 32822 4857
4874 0 25 63 32827 4790
4875 1 5 1 32834 4848
4875 1 26 5 32827 4838
4875 0 7 9 32840 4833
4875 0 51 18 32835 4828
4875 0 5 27 32833 4835
4875 0 15 36 32824 4823
4875 0 24 45 32840 4799
4875 0 45 54 32822 4858
4875 0 28 63 32824 4819
4876 0 7 9 32840 4834
4876 0 63 18 32832 4808
4876 0 5 27 32833 4836
4876 0 59 36 32833 4780
4876 0 12 45 32824 4816
4876 0 45 54 32822 4859
4876 0 25 63 32827 4791
4877 0 7 9 32840 4835
4877 0 51 18 32835 4829
4877 0 54 36 32834 4794
4877 0 24 45 32840 4800
4877 1 62 47 32832 4855
4877 0 28 63 32824 4820
4878 0 7 9 32840 4836
4878 0 63 18 32832 4809
4878 0 59 36 32833 4781
4878 0 12 45 32824 4817
4878 0 25 63 32827 4792
4879 0 7 9 32840 4837
4879 0 11 18 32834 4857
4879 0 54 36 32834 4795
4879 0 24 45 32840 4801
4879 0 28 63 32824 4823
4880 1 37 8 32834 4832
4880 0 7 9 32840 4838
4880 0 63 18 32832 4810
4880 0 59 36 32833 4782
4880 0 24 45 32840 4802
4880 0 28 63 32824 4825
4881 0 7 9 32840 4839
4881 0 11 18 32834 4858
4881 0 54 36 32834 4796
4881 0 52 63 32832 4852
4882 0 63 18 32832 4811
4882 0 59 36 32833 4783
4882 0 52 63 32832 4853
4883 0 11 18 32834 4859
4883 0 54 36 32834 4797
4883 0 52 63 32832 4854
4884 0 32 0 32835 4857
4884 0 63 18 32832 4812
4884 0 59 36 32833 4784
4884 0 52 63 32832 4855
4885 0 32 0 32835 4858
4885 0 11 18 32834 4860
4885 0 54 36 32834 4798
4885 0 52 63 32832 4856
4886 0 32 0 32835 4859
4886 0 63 18 32832 4813
4886 0 59 36 32833 4785
4886 0 52 63 32832 4857
4887 0 32 0 32835 4860
4887 0 11 18 32834 4861
4887 0 54 36 32834 4799
4887 0 38 45 32847 4870
4887 0 52 63 32832 4858
4888 0 32 0 32835 4861
4888 0 3 18 32835 4864
4888 0 22 36 32834 4836
4888 0 38 45 32847 4871
4888 1 17 56 32822 4851
4888 0 52 63 32832 4859
4889 0 32 0 32835 4862
4889 0 11 18 32834 4862
4889 0 54 36 32834 4800
4889 0 38 45 32847 4872
4889 0 52 63 32832 4860
4890 0 32 0 32835 4863
4890 0 3 18 32835 4865
4890 0 22 36 32834 4837
4890 0 20 45 32828 4863
4890 0 52 63 32832 4861
4891 0 32 0 32835 4864
4891 0 9 9 32831 4884
4891 0 11 18 32834 4863
4891 0 54 36 32834 4801
4891 0 38 45 32847 4874
4892 0 32 0 32835 4865
4892 0 9 9 32831 4885
4892 0 3 18 32835 4866
4892 0 22 36 32834 4838
4892 0 20 45 32828 4864
4893 0 32 0 32835 4866
4893 0 7 9 32841 4851
4893 0 11 18 32834 4864
4893 0 54 36 32834 4802
4893 0 38 45 32847 4875
4893 0 62 54 32834 4881
4894 0 9 9 32831 4886
4894 0 3 18 32835 4867
4894 0 6 27 32843 4857
4894 0 22 36 32834 4839
4894 0 20 45 32828 4865
4894 0 62 54 32834 4882
4895 0 7 9 32841 4852
4895 0 11 18 32834 4865
4895 0 6 27 32843 4858
4895 0 54 36 32834 4803
4895 0 38 45 32847 4876
4895 0 62 54 32834 4883
4896 0 9 9 32831 4887
4896 1 54 11 32835 4849
4896 0 3 18 32835 4868
4896 0 3 27 32836 4874
4896 0 22 36 32834 4840
4896 0 20 45 32828 4866
4896 0 62 54 32834 4884
4897 0 7 9 32841 4853
4897 0 11 18 32834 4866
4897 0 6 27 32843 4859
4897 0 26 36 32828 4857
4897 0 38 45 32847 4877
4897 0 62 54 32834 4885
4898 0 9 9 32831 4888
4898 0 3 18 32835 4869
4898 0 3 27 32836 4875
4898 0 22 36 32834 4841
4898 0 20 45 32828 4867
4898 0 62 54 32834 4886
4899 0 7 9 32841 4854
4899 0 46 18 32829 4823
4899 0 6 27 32843 4860
4899 0 26 36 32828 4858
4899 0 38 45 32847 4878
4899 0 62 54 32834 4887
4900 0 9 9 32831 4889
4900 0 3 18 32835 4870
4900 0 3 27 32836 4876
4900 0 22 36 32834 4842
4900 0 20 45 32828 4868
4900 0 46 54 32831 4888
4900 1 38 63 32848 4873
4901 0 7 9 32841 4855
4901 0 46 18 32829 4824
4901 0 6 27 32843 4861
4901 0 26 36 32828 4859
4901 0 38 45 32847 4879
4901 0 62 54 32834 4888
4902 0 9 9 32831 4890
4902 0 3 18 32835 4871
4902 0 3 27 32836 4877
4902 0 22 36 32834 4843
4902 0 20 45 32828 4869
4902 0 46 54 32831 4889
4903 0 7 9 32841 4856
4903 0 46 18 32829 4825
4903 0 6 27 32843 4862
4903 1 58 34 32837 4881
4903 0 26 36 32828 4860
4903 0 38 45 32847 4880
4903 0 62 54 32834 4889
4904 0 9 9 32831 4891
4904 0 3 18 32835 4872
4904 0 3 27 32836 4878
4904 0 22 36 32834 4844
4904 0 20 45 32828 4870
4904 0 46 54 32831 4890
4905 0 7 9 32841 4857
4905 0 46 18 32829 4826
4905 0 6 27 32843 4863
4905 0 26 36 32828 4861
4905 0 20 45 32828 4871
4905 0 62 54 32834 4890
4906 0 9 9 32831 4892
4906 0 3 18 32835 4873
4906 0 3 27 32836 4879
4906 0 22 36 32834 4845
4906 0 20 45 32828 4872
4906 0 46 54 32831 4891
4907 0 7 9 32841 4858
4907 0 46 18 32829 4827
4907 0 6 27 32843 4864
4907 0 26 36 32828 4862
4907 0 46 54 32831 4892
4908 0 9 9 32831 4893
4908 0 32 18 32834 4847
4908 0 3 27 32836 4880
4908 0 50 36 32818 4815
4908 0 46 54 32831 4893
4909 0 7 9 32841 4859
4909 0 46 18 32829 4828
4909 0 6 27 32843 4865
4909 0 26 36 32828 4863
4909 1 13 48 32828 4852
4909 0 46 54 32831 4894
4910 0 16 9 32832 4877
4910 0 32 18 32834 4848
4910 0 3 27 32836 4881
4910 0 50 36 32818 4816
4910 0 46 54 32831 4895
4911 0 13 0 32829 4874
4911 0 7 9 32841 4860
4911 0 46 18 32829 4829
4911 0 6 27 32843 4866
4911 0 26 36 32828 4864
4911 1 9 47 32830 4854
4911 0 46 54 32831 4896
4912 0 13 0 32829 4875
4912 0 16 9 32832 4878
4912 0 32 18 32834 4849
4912 0 3 27 32836 4882
4912 0 50 36 32818 4817
4912 0 46 54 32831 4897
4913 0 13 0 32829 4876
4913 0 17 9 32825 4884
4913 0 46 18 32829 4830
4913 0 62 27 32833 4865
4913 0 26 36 32828 4865
4914 0 13 0 32829 4877
4914 0 16 9 32832 4879
4914 0 32 18 32834 4850
4914 0 3 27 32836 4883
4914 0 50 36 32818 4818
4914 0 59 63 32835 4887
4915 0 13 0 32829 4878
4915 0 17 9 32825 4885
4915 0 46 18 32829 4831
4915 0 62 27 32833 4866
4915 0 26 36 32828 4866
4915 0 59 63 32835 4888
4916 0 13 0 32829 4879
4916 0 16 9 32832 4880
4916 0 32 18 32834 4851
4916 0 10 27 32833 4891
4916 0 50 36 32818 4819
4916 0 59 63 32835 4889
4917 0 13 0 32829 4880
4917 0 17 9 32825 4886
4917 0 46 18 32829 4832
4917 0 62 27 32833 4867
4917 0 46 36 32830 4862
4917 0 59 63 32835 4890
4918 0 13 0 32829 4881
4918 0 16 9 32832 4881
4918 0 32 18 32834 4852
4918 0 10 27 32833 4892
4918 0 50 36 32818 4820
4918 0 59 63 32835 4891
4919 0 13 0 32829 4882
4919 0 17 9 32825 4887
4919 0 16 18 32833 4898
4919 0 62 27 32833 4868
4919 0 46 36 32830 4863
4919 0 59 63 32835 4892
4920 0 58 0 32836 4868
4920 0 16 9 32832 4882
4920 0 32 18 32834 4853
4920 0 10 27 32833 4893
4920 0 50 36 32818 4821
4920 0 59 63 32835 4893
4921 0 13 0 32829 4883
4921 0 17 9 32825 4888
4921 0 16 18 32833 4899
4921 0 62 27 32833 4869
4921 1 8 29 32827 4879
4921 0 46 36 32830 4864
4921 0 59 63 32835 4894
4922 0 58 0 32836 4869
4922 0 16 9 32832 4883
4922 0 32 18 32834 4854
4922 0 10 27 32833 4894
4922 0 50 36 32818 4822
4922 1 17 62 32824 4865
4922 0 17 63 32823 4860
4923 0 58 0 32836 4870
4923 0 17 9 32825 4889
4923 0 16 18 32833 4900
4923 0 62 27 32833 4870
4923 0 46 36 32830 4865
4923 0 59 63 32835 4895
4924 0 58 0 32836 4871
4924 0 16 9 32832 4884
4924 0 32 18 32834 4855
4924 0 10 27 32833 4895
4924 0 50 36 32818 4823
4924 0 17 63 32823 4861
4925 0 58 0 32836 4872
4925 0 17 9 32825 4890
4925 0 16 18 32833 4901
4925 0 62 27 32833 4871
4925 0 46 36 32830 4866
4925 0 59 63 32835 4896
4926 0 58 0 32836 4873
4926 0 16 9 32832 4885
4926 0 32 18 32834 4856
4926 0 10 27 32833 4896
4926 0 50 36 32818 4824
4926 0 17 63 32823 4862
4927 0 58 0 32836 4874
4927 0 17 9 32825 4891
4927 0 16 18 32833 4902
4927 0 62 27 32833 4872
4927 0 46 36 32830 4867
4927 0 38 63 32849 4899
4928 0 58 0 32836 4875
4928 0 16 9 32832 4886
4928 1 52 18 32831 4835
4928 0 10 27 32833 4897
4928 0 13 36 32830 4893
4928 0 17 63 32823 4863
4929 0 58 0 32836 4876
4929 0 17 9 32825 4892
4929 0 16 18 32833 4903
4929 1 14 20 32837 4900
4929 0 62 27 32833 4873
4929 1 34 33 32830 4917
4929 0 46 36 32830 4868
4929 0 38 63 32849 4900
4930 0 58 0 32836 4877
4930 0 17 9 32825 4893
4930 0 16 18 32833 4904
4930 0 10 27 32833 4898
4930 0 13 36 32830 4894
4930 0 17 63 32823 4864
4931 0 54 9 32836 4855
4931 0 16 18 32833 4905
4931 0 62 27 32833 4874
4931 0 38 63 32849 4901
4932 0 54 9 32836 4856
4932 1 34 14 32829 4890
4932 0 16 18 32833 4906
4932 0 10 27 32833 4899
4932 0 46 36 32830 4869
4932 0 17 63 32823 4866
4933 0 23 9 32845 4875
4933 0 16 18 32833 4907
4933 0 10 27 32833 4900
4933 0 13 36 32830 4895
4933 0 38 63 32849 4902
4934 0 54 9 32836 4857
4934 0 39 27 32840 4897
4934 0 46 36 32830 4870
4934 0 17 63 32823 4867
4935 0 23 9 32845 4876
4935 0 41 18 32831 4908
4935 0 39 27 32840 4898
4935 1 58 35 32838 4908
4935 0 13 36 32830 4896
4935 0 38 63 32849 4903
4936 0 54 9 32836 4858
4936 0 41 18 32831 4909
4936 0 39 27 32840 4899
4936 0 46 36 32830 4871
4936 0 17 63 32823 4868
4937 0 23 9 32845 4877
4937 0 41 18 32831 4910
4937 0 39 27 32840 4900
4937 0 13 36 32830 4897
4937 0 38 63 32849 4904
4938 0 54 9 32836 4859
4938 0 41 18 32831 4911
4938 0 39 27 32840 4901
4938 1 6 36 32844 4879
4938 0 17 63 32823 4869
4939 0 23 9 32845 4878
4939 1 50 17 32819 4907
4939 0 41 18 32831 4912
4939 0 39 27 32840 4902
4939 0 13 36 32830 4898
4939 0 38 63 32849 4905
4940 0 54 9 32836 4860
4940 0 11 18 32835 4923
4940 0 39 27 32840 4903
4940 0 13 36 32830 4899
4940 0 17 63 32823 4870
4941 0 23 9 32845 4879
4941 0 41 18 32831 4913
4941 0 39 27 32840 4904
4941 0 3 36 32837 4891
4941 0 38 63 32849 4906
4942 0 54 9 32836 4861
4942 0 11 18 32835 4924
4942 0 39 27 32840 4905
4942 0 13 36 32830 4900
4942 0 61 63 32837 4907
4943 0 23 9 32845 4880
4943 0 41 18 32831 4914
4943 0 3 36 32837 4892
4943 1 14 56 32836 4876
4943 0 38 63 32849 4907
4944 0 54 9 32836 4862
4944 0 11 18 32835 4925
4944 0 39 27 32840 4906
4944 0 13 36 32830 4901
4944 0 61 63 32837 4908
4945 0 23 9 32845 4881
4945 1 41 13 32830 4898
4945 0 41 18 32831 4915
4945 0 3 36 32837 4893
4945 0 38 63 32849 4908
4946 0 54 9 32836 4863
4946 0 11 18 32835 4926
4946 0 13 36 32830 4902
4946 0 61 63 32837 4909
4947 0 23 9 32845 4882
4947 0 41 18 32831 4916
4947 1 7 28 32843 4910
4947 0 3 36 32837 4894
4947 0 7 54 32842 4905
4947 0 56 63 32843 4896
4948 0 51 0 32836 4896
4948 0 54 9 32836 4864
4948 0 11 18 32835 4927
4948 1 0 28 32814 4901
4948 0 3 36 32837 4895
4948 0 7 54 32842 4906
4948 0 61 63 32837 4910
4949 0 51 0 32836 4897
4949 0 23 9 32845 4883
4949 0 41 18 32831 4917
4949 1 31 36 32820 4920
4949 0 7 54 32842 4907
4949 0 56 63 32843 4897
4950 0 51 0 32836 4898
4950 0 23 9 32845 4884
4950 0 11 18 32835 4928
4950 0 3 36 32837 4896
4950 0 40 54 32838 4908
4950 0 61 63 32837 4911
4951 0 51 0 32836 4899
4951 1 59 4 32836 4904
4951 0 11 18 32835 4929
4951 1 15 21 32826 4929
4951 0 3 36 32837 4897
4951 0 7 54 32842 4908
4951 0 56 63 32843 4898
4952 0 51 0 32836 4900
4952 0 11 18 32835 4930
4952 0 3 36 32837 4898
4952 0 40 54 32838 4909
4952 0 61 63 32837 4912
4953 0 51 0 32836 4901
4953 0 11 18 32835 4931
4953 0 3 36 32837 4899
4953 1 40 43 32840 4931
4953 0 7 54 32842 4909
4953 0 56 63 32843 4899
4954 0 47 0 32832 4887
4954 0 11 18 32835 4932
4954 0 3 36 32837 4900
4954 0 40 54 32838 4910
4954 0 61 63 32837 4913
4955 0 51 0 32836 4902
4955 1 26 47 32830 4907
4955 0 7 54 32842 4911
4955 0 56 63 32843 4900
4956 0 47 0 32832 4888
4956 0 42 27 32832 4934
4956 0 40 54 32838 4911
4956 0 61 63 32837 4914
4957 0 51 0 32836 4903
4957 0 42 27 32832 4935
4957 0 7 54 32842 4912
4957 1 62 60 32835 4940
4957 0 56 63 32843 4901
4958 0 47 0 32832 4889
4958 1 50 3 32820 4915
4958 0 42 27 32832 4936
4958 0 40 54 32838 4912
4958 1 28 59 32825 4926
4958 0 61 63 32837 4915
4959 0 51 0 32836 4904
4959 0 42 27 32832 4937
4959 1 44 51 32840 4942
4959 0 7 54 32842 4913
4959 0 56 63 32843 4902
4960 0 47 0 32832 4890
4960 0 42 27 32832 4938
4960 0 40 54 32838 4913
4960 0 61 63 32837 4916
4961 0 51 0 32836 4905
4961 0 42 27 32832 4939
4961 0 7 54 32842 4914
4961 0 56 63 32843 4903
4962 0 47 0 32832 4891
4962 1 9 26 32832 4937
4962 0 42 27 32832 4940
4962 0 40 54 32838 4914
4962 0 30 63 32820 4903
4963 0 47 0 32832 4892
4963 0 42 27 32832 4941
4963 0 7 54 32842 4915
4963 0 56 63 32843 4904
4964 0 53 0 32828 4893
4964 0 42 27 32832 4942
4964 0 40 54 32838 4916
4964 0 30 63 32820 4904
4965 0 47 0 32832 4893
4965 0 42 27 32832 4943
4965 0 40 54 32838 4917
4965 0 56 63 32843 4905
4966 0 53 0 32828 4894
4966 0 40 54 32838 4918
4966 0 30 63 32820 4905
4967 0 47 0 32832 4894
4967 0 26 63 32829 4890
4968 0 53 0 32828 4895
4968 0 29 18 32817 4941
4968 0 30 63 32820 4906
4969 0 47 0 32832 4895
4969 1 61 18 32838 4922
4969 0 26 63 32829 4891
4970 0 53 0 32828 4896
4970 0 29 18 32817 4942
4970 0 30 63 32820 4907
4971 0 47 0 32832 4896
4971 0 29 18 32817 4943
4971 1 30 49 32821 4924
4971 0 26 63 32829 4892
4972 0 53 0 32828 4897
4972 0 29 18 32817 4944
4972 0 42 36 32833 4950
4972 0 30 63 32820 4908
4973 0 53 0 32828 4898
4973 1 0 16 32817 4954
4973 0 29 18 32817 4945
4973 0 60 27 32833 4941
4973 1 26 29 32831 4951
4973 0 42 36 32833 4951
4973 0 26 63 32829 4893
4974 0 38 0 32850 4909
4974 0 29 18 32817 4946
4974 0 60 27 32833 4942
4974 0 42 36 32833 4952
4974 0 30 63 32820 4909
4975 0 53 0 32828 4899
4975 0 29 18 32817 4947
4975 0 60 27 32833 4943
4975 0 42 36 32833 4953
4975 1 31 56 32819 4913
4975 0 26 63 32829 4894
4976 0 38 0 32850 4910
4976 0 29 18 32817 4948
4976 0 60 27 32833 4944
4976 0 42 36 32833 4954
4976 0 30 63 32820 4910
4977 0 53 0 32828 4900
4977 1 40 5 32839 4915
4977 0 29 18 32817 4949
4977 0 60 27 32833 4945
4977 0 42 36 32833 4955
4977 0 26 63 32829 4895
4978 0 38 0 32850 4911
4978 0 41 9 32832 4951
4978 0 29 18 32817 4950
4978 0 60 27 32833 4946
4978 0 42 36 32833 4956
4978 0 15 54 32827 4941
4978 0 30 63 32820 4911
4979 0 53 0 32828 4901
4979 0 41 9 32832 4952
4979 0 60 27 32833 4947
4979 0 42 36 32833 4957
4979 1 50 37 32821 4947
4979 0 15 54 32827 4942
4979 0 26 63 32829 4896
4980 0 38 0 32850 4912
4980 0 41 9 32832 4953
4980 0 60 27 32833 4948
4980 0 42 36 32833 4958
4980 0 15 54 32827 4943
4980 0 30 63 32820 4912
4981 0 53 0 32828 4902
4981 0 41 9 32832 4954
4981 0 60 27 32833 4949
4981 0 42 36 32833 4959
4981 0 15 54 32827 4944
4981 0 26 63 32829 4897
4982 0 38 0 32850 4913
4982 0 41 9 32832 4955
4982 1 43 13 32835 4945
4982 0 60 27 32833 4950
4982 0 60 36 32834 4960
4982 0 15 54 32827 4945
4982 0 26 63 32829 4898
4983 0 0 0 32818 4968
4983 0 41 9 32832 4956
4983 0 60 36 32834 4961
4983 0 15 54 32827 4946
4983 0 22 63 32835 4911
4984 0 38 0 32850 4914
4984 0 41 9 32832 4957
4984 0 60 36 32834 4962
4984 0 15 54 32827 4947
4984 0 26 63 32829 4899
4985 0 0 0 32818 4969
4985 0 41 9 32832 4958
4985 0 60 36 32834 4963
4985 0 15 54 32827 4948
4985 0 22 63 32835 4912
4986 0 38 0 32850 4915
4986 0 41 9 32832 4959
4986 0 60 36 32834 4964
4986 0 15 54 32827 4949
4986 0 22 63 32835 4913
4987 0 0 0 32818 4970
4987 0 41 9 32832 4960
4987 0 46 36 32832 4965
4987 0 15 54 32827 4950
4987 0 22 63 32835 4914
4988 0 38 0 32850 4916
4988 0 60 36 32834 4965
4988 0 10 63 32834 4920
4989 0 0 0 32818 4971
4989 0 46 36 32832 4966
4989 0 53 54 32830 4977
4989 0 22 63 32835 4915
4990 0 38 0 32850 4917
4990 0 60 36 32834 4966
4990 0 53 54 32830 4978
4990 0 10 63 32834 4921
4991 0 0 0 32818 4972
4991 0 46 36 32832 4967
4991 0 53 54 32830 4979
4991 0 22 63 32835 4916
4992 0 38 0 32850 4918
4992 0 60 36 32834 4967
4992 0 54 45 32837 4975
4992 0 53 54 32830 4980
4992 0 10 63 32834 4922
4993 0 0 0 32818 4973
4993 0 46 36 32832 4968
4993 0 54 45 32837 4976
4993 0 53 54 32830 4981
4993 0 22 63 32835 4917
4994 0 0 0 32818 4974
4994 0 60 36 32834 4968
4994 0 54 45 32837 4977
4994 0 53 54 32830 4982
4994 0 10 63 32834 4923
4995 0 0 0 32818 4975
4995 1 31 23 32822 4983
4995 0 46 36 32832 4969
4995 0 54 45 32837 4978
4995 0 53 54 32830 4983
4995 0 22 63 32835 4918
4996 0 0 0 32818 4982
4996 0 60 36 32834 4969
4996 0 54 45 32837 4979
4996 0 53 54 32830 4984
4996 0 10 63 32834 4924
4997 0 0 0 32818 4984
4997 0 29 18 32818 4970
4997 0 46 36 32832 4970
4997 0 54 45 32837 4980
4997 0 19 54 32827 4955
4997 0 22 63 32835 4919
4998 1 47 16 32833 4940
4998 0 29 18 32818 4971
4998 0 46 36 32832 4971
4998 0 54 45 32837 4981
4998 0 53 54 32830 4985
4998 0 10 63 32834 4925
4999 0 29 18 32818 4972
4999 0 10 27 32835 4977
4999 0 46 36 32832 4972
4999 0 54 45 32837 4982
4999 0 19 54 32827 4956
4999 0 22 63 32835 4920
5000 0 29 18 32818 4973
5000 0 10 27 32835 4978
5000 0 46 36 32832 4973
5000 0 54 45 32837 4983
5000 0 53 54 32830 4986
5000 0 10 63 32834 4926
5001 0 63 18 32833 4944
5001 0 10 27 32835 4979
5001 0 46 36 32832 4974
5001 0 0 45 32816 4944
5001 0 19 54 32827 4957
5001 0 10 63 32834 4927
5002 0 29 18 32818 4974
5002 0 10 27 32835 4980
5002 0 54 45 32837 4984
5002 0 19 54 32827 4958
5002 0 34 63 32831 4940
5003 0 63 18 32833 4945
5003 0 10 27 32835 4981
5003 0 0 45 32816 4945
5003 0 19 54 32827 4959
5003 0 10 63 32834 4928
5004 0 29 18 32818 4975
5004 0 10 27 32835 4982
5004 0 0 45 32816 4946
5004 0 19 54 32827 4960
5004 0 34 63 32831 4941
5005 0 63 18 32833 4946
5005 0 10 27 32835 4983
5005 0 0 45 32816 4947
5005 0 19 54 32827 4961
5005 0 10 63 32834 4929
5006 0 29 18 32818 4976
5006 0 10 27 32835 4984
5006 0 0 45 32816 4948
5006 1 9 49 32833 4974
5006 0 19 54 32827 4962
5006 0 34 63 32831 4942
5007 0 43 0 32836 4960
5007 0 63 18 32833 4947
5007 0 10 27 32835 4985
5007 0 0 45 32816 4949
5007 0 19 54 32827 4963
5007 0 34 63 32831 4943
5008 0 43 0 32836 4961
5008 0 29 18 32818 4977
5008 0 10 27 32835 4986
5008 0 0 45 32816 4950
5008 0 19 54 32827 4964
5008 0 34 63 32831 4944
5009 0 43 0 32836 4962
5009 0 63 18 32833 4948
5009 0 0 45 32816 4951
5009 1 0 55 32815 4914
5009 0 34 63 32831 4945
5010 0 43 0 32836 4963
5010 0 29 18 32818 4978
5010 0 0 45 32816 4952
5010 0 34 63 32831 4946
5011 0 43 0 32836 4964
5011 0 63 18 32833 4949
5011 0 0 45 32816 4953
5011 0 34 63 32831 4947
5012 0 43 0 32836 4965
5012 0 29 18 32818 4979
5012 1 26 31 32832 4980
5012 0 34 63 32831 4948
5013 0 43 0 32836 4966
5013 0 63 18 32833 4950
5013 1 56 63 32844 4971
5014 0 43 0 32836 4967
5014 0 63 18 32833 4951
5014 0 40 45 32841 4982
5014 1 31 56 32821 4952
5014 0 34 63 32831 4949
5015 0 43 0 32836 4968
5015 0 63 18 32833 4952
5015 0 48 27 32840 4978
5015 0 40 45 32841 4983
5016 0 43 0 32836 4969
5016 0 63 18 32833 4953
5016 0 40 45 32841 4984
5017 0 48 27 32840 4979
5017 0 40 45 32841 4985
5018 0 48 27 32840 4980
5018 1 13 38 32831 4991
5018 0 40 45 32841 4986
5018 1 58 53 32839 4991
5019 0 53 9 32829 4967
5019 0 2 27 32811 4992
5019 0 40 45 32841 4987
5020 0 53 9 32829 4968
5020 0 48 27 32840 4981
5020 0 40 45 32841 4988
5021 0 53 9 32829 4969
5021 0 2 27 32811 4993
5021 0 40 45 32841 4989
5021 1 15 48 32828 4954
5022 1 18 1 32828 5000
5022 0 53 9 32829 4970
5022 0 48 27 32840 4982
5022 0 40 45 32841 4990
5022 1 42 60 32834 4995
5023 0 53 9 32829 4971
5023 1 51 26 32837 4995
5023 0 2 27 32811 4994
5023 0 40 45 32841 4991
5024 0 53 9 32829 4972
5024 0 48 27 32840 4983
5025 0 53 9 32829 4973
5025 0 2 27 32811 4995
5025 0 34 45 32832 4998
5026 0 53 9 32829 4974
5026 0 48 27 32840 4984
5026 0 34 45 32832 4999
5027 0 53 9 32829 4975
5027 1 4 12 32842 5015
5027 0 32 18 32836 5000
5027 0 2 27 32811 4996
5027 0 34 45 32832 5000
5028 0 28 9 32826 4996
5028 0 32 18 32836 5002
5028 0 48 27 32840 4985
5028 0 34 45 32832 5001
5029 0 53 9 32829 4976
5029 0 32 18 32836 5003
5029 0 2 27 32811 4997
5029 0 58 36 32840 4997
5029 0 34 45 32832 5002
5030 0 28 9 32826 4997
5030 0 32 18 32836 5004
5030 0 48 27 32840 4986
5030 0 58 36 32840 4998
5030 0 34 45 32832 5003
5031 1 63 3 32834 4969
5031 0 28 9 32826 4998
5031 0 2 27 32811 4998
5031 0 58 36 32840 4999
5031 0 34 45 32832 5004
5031 1 39 47 32841 5019
5032 0 28 9 32826 4999
5032 0 32 18 32836 5005
5032 0 48 27 32840 4987
5032 0 58 36 32840 5000
5032 0 34 45 32832 5005
5033 0 28 9 32826 5000
5033 0 32 18 32836 5006
5033 0 2 27 32811 4999
5033 0 58 36 32840 5001
5033 0 34 45 32832 5006
5034 0 45 18 32823 4996
5034 0 2 27 32811 5000
5034 0 58 36 32840 5002
5034 0 34 45 32832 5007
5035 0 28 9 32826 5001
5035 0 32 18 32836 5007
5035 0 2 27 32811 5001
5035 0 58 36 32840 5003
5036 0 45 18 32823 4997
5036 0 58 36 32840 5004
5037 0 28 9 32826 5002
5037 0 32 18 32836 5008
5037 0 58 36 32840 5005
5038 0 45 18 32823 4998
5038 0 58 36 32840 5006
5039 0 28 9 32826 5003
5039 0 32 18 32836 5009
5040 0 29 0 32819 4993
5040 0 45 18 32823 4999
5041 0 29 0 32819 4994
5041 1 32 2 32837 5001
5041 0 28 9 32826 5004
5041 0 32 18 32836 5010
5041 1 63 36 32835 5004
5042 0 29 0 32819 4995
5042 0 45 18 32823 5000
5042 1 15 46 32829 5010
5043 0 29 0 32819 4996
5043 0 28 9 32826 5005
5043 0 45 18 32823 5001
5044 0 29 0 32819 4997
5044 0 45 18 32823 5002
5044 0 1 54 32826 4982
5045 0 29 0 32819 4998
5045 0 45 18 32823 5003
5045 1 22 30 32836 5033
5045 0 1 54 32826 4983
5046 0 29 0 32819 4999
5046 0 53 18 32831 4992
5046 0 1 54 32826 4984
5047 0 29 0 32819 5000
5047 0 17 9 32826 5035
5047 0 45 18 32823 5004
5047 0 1 54 32826 4985
5048 0 57 0 32840 5001
5048 0 17 9 32826 5036
5048 0 53 18 32831 4993
5048 0 3 27 32839 5026
5048 0 1 54 32826 4986
5048 1 58 60 32841 5031
5049 0 29 0 32819 5001
5049 0 17 9 32826 5037
5049 0 45 18 32823 5005
5049 0 3 27 32839 5027
5049 0 1 54 32826 4987
5050 0 57 0 32840 5002
5050 0 17 9 32826 5038
5050 0 53 18 32831 4994
5050 0 3 27 32839 5028
5050 0 1 54 32826 4988
5051 0 29 0 32819 5002
5051 0 17 9 32826 5039
5051 0 53 18 32831 4995
5051 0 3 27 32839 5029
5051 0 1 54 32826 4989
5052 0 57 0 32840 5003
5052 0 17 9 32826 5040
5052 1 3 17 32838 5025
5052 0 53 18 32831 4996
5052 0 3 27 32839 5030
5052 0 1 54 32826 4990
5053 0 1 0 32827 5039
5053 0 17 9 32826 5041
5053 0 53 18 32831 4997
5053 1 31 21 32823 5031
5053 0 3 27 32839 5031
5053 0 1 54 32826 4991
5054 0 57 0 32840 5004
5054 0 17 9 32826 5042
5054 0 53 18 32831 4998
5054 0 51 27 32838 5032
5055 0 1 0 32827 5040
5055 1 0 7 32819 5013
5055 0 17 9 32826 5043
5055 0 53 18 32831 4999
5055 0 3 27 32839 5032
5055 1 2 57 32812 5008
5055 0 21 63 32842 5013
5056 0 57 0 32840 5005
5056 0 17 9 32826 5044
5056 0 53 18 32831 5000
5056 0 51 27 32838 5033
5056 1 53 45 32833 5044
5056 0 59 63 32837 5029
5057 0 1 0 32827 5041
5057 0 53 18 32831 5001
5057 0 3 27 32839 5033
5057 0 21 63 32842 5014
5058 0 57 0 32840 5006
5058 0 51 27 32838 5034
5058 0 59 63 32837 5030
5059 0 1 0 32827 5042
5059 0 3 27 32839 5034
5059 0 21 63 32842 5015
5060 0 57 0 32840 5007
5060 0 51 27 32838 5035
5060 0 59 63 32837 5031
5061 0 1 0 32827 5043
5061 1 29 13 32820 5044
5061 0 3 27 32839 5035
5061 0 21 63 32842 5016
5062 0 57 0 32840 5008
5062 1 14 25 32838 5020
5062 0 51 27 32838 5036
5062 1 46 51 32833 5035
5062 0 59 63 32837 5032
5063 0 1 0 32827 5044
5063 0 9 18 32834 5046
5063 1 27 22 32841 5036
5063 0 51 27 32838 5037
5063 0 21 63 32842 5017
5064 0 57 0 32840 5009
5064 0 9 18 32834 5047
5064 0 51 27 32838 5038
5064 0 59 63 32837 5033
5065 0 1 0 32827 5045
5065 0 53 9 32832 5013
5065 0 9 18 32834 5048
5065 0 51 27 32838 5039
5065 0 21 63 32842 5018
5066 0 57 0 32840 5010
5066 0 8 9 32828 5054
5066 0 9 18 32834 5049
5066 0 51 27 32838 5040
5066 0 59 63 32837 5034
5067 0 1 0 32827 5046
5067 0 53 9 32832 5014
5067 0 9 18 32834 5050
5067 0 51 27 32838 5041
5067 0 21 63 32842 5019
5068 0 1 0 32827 5047
5068 0 8 9 32828 5055
5068 0 9 18 32834 5051
5068 0 61 36 32839 5041
5068 0 59 63 32837 5035
5069 0 1 0 32827 5048
5069 0 53 9 32832 5015
5069 0 9 18 32834 5052
5069 0 61 36 32839 5042
5069 0 21 63 32842 5020
5070 0 8 9 32828 5056
5070 0 9 18 32834 5053
5070 0 61 36 32839 5043
5070 0 59 63 32837 5036
5071 0 53 9 32832 5016
5071 0 9 18 32834 5054
5071 0 61 36 32839 5044
5071 0 42 54 32835 5039
5071 0 21 63 32842 5021
5072 0 8 9 32828 5057
5072 0 9 18 32834 5055
5072 0 26 36 32833 5050
5072 0 42 54 32835 5040
5072 0 59 63 32837 5037
5073 0 53 9 32832 5017
5073 0 61 36 32839 5045
5073 0 42 54 32835 5041
5073 0 21 63 32842 5022
5074 0 8 9 32828 5058
5074 0 26 36 32833 5051
5074 0 42 54 32835 5042
5074 0 59 63 32837 5038
5075 0 53 9 32832 5018
5075 0 61 36 32839 5046
5075 0 42 54 32835 5043
5075 0 48 63 32841 5012
5076 0 8 9 32828 5059
5076 0 26 36 32833 5052
5076 0 42 54 32835 5044
5076 0 48 63 32841 5013
5077 0 53 9 32832 5019
5077 0 61 36 32839 5047
5077 0 42 54 32835 5045
5077 0 53 63 32834 5055
5078 1 4 0 32843 5051
5078 0 8 9 32828 5060
5078 1 32 16 32838 5061
5078 0 26 36 32833 5053
5078 0 50 45 32822 5051
5078 0 42 54 32835 5046
5078 0 48 63 32841 5014
5079 0 53 9 32832 5020
5079 0 61 36 32839 5048
5079 0 50 45 32822 5052
5079 0 42 54 32835 5047
5079 0 53 63 32834 5056
5080 0 8 9 32828 5061
5080 0 26 36 32833 5054
5080 0 50 45 32822 5053
5080 0 42 54 32835 5048
5080 0 48 63 32841 5015
5081 0 53 9 32832 5021
5081 0 61 36 32839 5049
5081 0 50 45 32822 5054
5081 0 53 63 32834 5057
5082 0 8 9 32828 5062
5082 0 26 36 32833 5055
5082 0 50 45 32822 5055
5082 0 48 63 32841 5016
5083 0 53 9 32832 5022
5083 1 36 15 32827 5046
5083 0 61 36 32839 5050
5083 0 50 45 32822 5056
5083 0 53 63 32834 5058
5084 0 8 9 32828 5063
5084 0 28 27 32828 5072
5084 1 35 34 32837 5070
5084 0 26 36 32833 5056
5084 0 50 45 32822 5057
5084 0 48 63 32841 5017
5085 0 52 9 32833 5026
5085 0 28 27 32828 5073
5085 0 16 36 32834 5038
5085 0 50 45 32822 5058
5085 0 53 63 32834 5059
5086 0 52 9 32833 5027
5086 0 28 27 32828 5074
5086 0 26 36 32833 5057
5086 0 50 45 32822 5059
5086 0 48 63 32841 5018
5087 0 52 9 32833 5028
5087 1 15 17 32830 5045
5087 0 28 27 32828 5075
5087 0 16 36 32834 5039
5087 0 50 45 32822 5060
5087 0 53 63 32834 5060
5088 0 52 9 32833 5029
5088 0 28 27 32828 5076
5088 0 26 36 32833 5058
5088 0 48 63 32841 5019
5089 0 52 9 32833 5030
5089 0 28 27 32828 5077
5089 0 16 36 32834 5040
5089 0 53 63 32834 5061
5090 0 52 9 32833 5031
5090 1 37 23 32835 5063
5090 0 28 27 32828 5078
5090 0 26 36 32833 5059
5090 0 13 45 32832 5063
5090 0 48 63 32841 5020
5091 0 52 9 32833 5032
5091 0 28 27 32828 5079
5091 0 16 36 32834 5041
5091 0 13 45 32832 5064
5091 0 53 63 32834 5062
5092 0 28 27 32828 5080
5092 0 16 36 32834 5042
5092 0 13 45 32832 5065
5092 0 48 63 32841 5021
5093 0 52 9 32833 5033
5093 0 28 27 32828 5081
5093 0 16 36 32834 5043
5093 0 13 45 32832 5066
5093 0 53 63 32834 5063
5094 0 52 9 32833 5034
5094 1 36 28 32828 5082
5094 0 57 36 32841 5057
5094 0 13 45 32832 5067
5094 0 53 63 32834 5064
5095 0 52 9 32833 5035
5095 0 16 36 32834 5044
5095 0 13 45 32832 5068
5095 0 28 63 32827 5044
5096 1 47 20 32834 5059
5096 0 57 36 32841 5058
5096 0 13 45 32832 5069
5096 0 28 63 32827 5045
5097 1 16 1 32836 5075
5097 0 16 36 32834 5045
5097 0 13 45 32832 5070
5097 0 35 63 32835 5049
5098 0 52 9 32834 5051
5098 0 57 36 32841 5059
5098 0 13 45 32832 5071
5098 0 28 63 32827 5046
5099 0 52 9 32834 5052
5099 0 16 36 32834 5046
5099 0 13 45 32832 5072
5099 0 35 63 32835 5050
5100 0 52 9 32834 5053
5100 0 52 18 32835 5063
5100 0 57 36 32841 5060
5100 0 24 54 32841 5048
5100 0 28 63 32827 5047
5101 0 52 9 32834 5054
5101 0 52 18 32835 5064
5101 0 16 36 32834 5047
5101 1 35 48 32836 5069
5101 0 61 54 32840 5084
5101 0 35 63 32835 5051
5102 0 52 9 32834 5055
5102 0 15 18 32831 5065
5102 0 57 36 32841 5061
5102 0 24 54 32841 5049
5102 0 28 63 32827 5048
5103 0 52 9 32834 5056
5103 0 52 18 32835 5065
5103 0 16 36 32835 5059
5103 0 9 45 32835 5056
5103 0 61 54 32840 5085
5103 0 35 63 32835 5052
5104 0 52 9 32834 5057
5104 0 15 18 32831 5066
5104 0 33 27 32823 5081
5104 0 57 36 32841 5062
5104 0 9 45 32835 5057
5104 0 24 54 32841 5050
5104 0 28 63 32827 5049
5105 0 52 9 32834 5058
5105 0 52 18 32835 5066
5105 0 33 27 32823 5082
5105 0 16 36 32835 5060
5105 0 9 45 32835 5058
5105 0 61 54 32840 5086
5105 0 35 63 32835 5053
5106 0 52 9 32834 5059
5106 0 15 18 32831 5067
5106 0 33 27 32823 5083
5106 1 27 29 32842 5089
5106 0 57 36 32841 5063
5106 1 34 37 32833 5084
5106 0 9 45 32835 5059
5106 0 24 54 32841 5051
5106 0 28 63 32827 5050
5107 0 18 0 32829 5080
5107 0 52 9 32834 5060
5107 0 52 18 32835 5067
5107 0 33 27 32823 5084
5107 0 16 36 32835 5061
5107 0 9 45 32835 5060
5107 0 61 54 32840 5087
5107 0 35 63 32835 5054
5108 0 18 0 32829 5081
5108 0 15 18 32831 5068
5108 0 33 27 32823 5085
5108 0 57 36 32841 5064
5108 0 9 45 32835 5061
5108 0 24 54 32841 5052
5108 0 28 63 32827 5051
5109 0 18 0 32829 5082
5109 0 52 18 32835 5068
5109 0 33 27 32823 5086
5109 0 16 36 32835 5062
5109 0 9 45 32835 5062
5109 0 61 54 32840 5088
5109 0 35 63 32835 5055
5110 0 18 0 32829 5083
5110 0 15 18 32831 5069
5110 0 33 27 32823 5087
5110 0 57 36 32841 5065
5110 0 9 45 32835 5063
5110 0 24 54 32841 5053
5110 0 28 63 32827 5052
5111 0 18 0 32829 5084
5111 0 52 18 32835 5069
5111 0 33 27 32823 5088
5111 0 16 36 32835 5063
5111 0 9 45 32835 5064
5111 0 61 54 32840 5089
5111 0 35 63 32835 5056
5112 0 18 0 32829 5085
5112 0 15 18 32831 5070
5112 1 33 25 32824 5100
5112 0 33 27 32823 5089
5112 0 57 36 32841 5066
5112 0 9 45 32835 5065
5112 1 35 48 32838 5080
5112 0 24 54 32841 5054
5112 0 28 63 32827 5053
5113 0 18 0 32829 5086
5113 0 52 18 32835 5070
5113 0 33 27 32823 5090
5113 0 16 36 32835 5064
5113 0 61 54 32840 5090
5113 0 35 63 32835 5057
5114 0 18 0 32829 5087
5114 0 15 18 32831 5071
5114 0 10 36 32836 5073
5114 0 24 54 32841 5055
5114 0 35 63 32835 5058
5115 0 18 0 32829 5088
5115 0 52 18 32835 5071
5115 0 16 36 32835 5065
5115 0 61 54 32840 5091
5116 0 18 0 32829 5089
5116 0 15 18 32831 5072
5116 0 10 36 32836 5074
5116 0 37 45 32837 5104
5116 0 24 54 32841 5056
5117 1 37 10 32836 5080
5117 0 52 18 32835 5072
5117 0 16 36 32835 5066
5117 0 37 45 32837 5105
5117 0 61 54 32840 5092
5118 0 15 18 32831 5073
5118 0 4 27 32844 5091
5118 0 10 36 32836 5075
5118 0 37 45 32837 5106
5118 0 24 54 32841 5057
5119 0 15 18 32831 5074
5119 0 4 27 32844 5092
5119 0 16 36 32835 5067
5119 0 37 45 32837 5107
5119 0 61 54 32840 5093
5120 0 4 27 32844 5093
5120 0 10 36 32836 5076
5120 0 37 45 32837 5108
5121 0 4 27 32844 5094
5121 0 16 36 32835 5068
5121 1 54 38 32838 5104
5121 0 37 45 32837 5109
5121 1 44 54 32842 5099
5122 0 4 27 32844 5095
5122 0 10 36 32836 5077
5122 0 37 45 32837 5110
5122 1 21 55 32843 5085
5123 0 4 27 32844 5096
5123 0 10 36 32836 5078
5123 0 37 45 32837 5111
5124 1 38 20 32851 5097
5124 0 4 27 32844 5097
5124 0 10 36 32836 5079
5124 0 37 45 32837 5112
5125 0 15 18 32832 5088
5125 0 4 27 32844 5098
5125 0 10 36 32836 5080
5125 0 37 45 32837 5113
5126 0 15 18 32832 5089
5126 0 4 27 32844 5099
5126 0 10 36 32836 5081
5127 0 41 0 32833 5090
5127 0 15 18 32832 5090
5127 0 4 27 32844 5100
5127 0 44 36 32844 5115
5128 0 41 0 32833 5091
5128 0 15 18 32832 5091
5128 0 10 36 32836 5082
5128 0 46 54 32834 5116
5129 0 41 0 32833 5092
5129 0 15 18 32832 5092
5129 0 44 36 32844 5116
5129 1 33 50 32825 5107
5129 0 46 54 32834 5117
5130 0 41 0 32833 5093
5130 0 15 18 32832 5093
5130 0 17 36 32827 5095
5130 0 46 54 32834 5118
5131 0 41 0 32833 5094
5131 0 15 18 32832 5094
5131 0 44 36 32844 5117
5131 0 46 54 32834 5119
5132 0 19 0 32828 5100
5132 0 15 18 32832 5095
5132 0 17 36 32827 5096
5132 0 46 54 32834 5120
5133 0 41 0 32833 5095
5133 0 15 18 32832 5096
5133 0 44 36 32844 5118
5133 0 46 54 32834 5121
5134 0 19 0 32828 5101
5134 0 15 18 32832 5097
5134 0 17 36 32827 5097
5134 0 46 54 32834 5122
5135 0 41 0 32833 5096
5135 0 44 36 32844 5119
5135 0 46 54 32834 5123
5136 0 19 0 32828 5102
5136 0 17 36 32827 5098
5136 0 46 54 32834 5124
5137 0 41 0 32833 5097
5137 0 44 36 32844 5120
5137 0 46 54 32834 5125
5137 1 29 56 32821 5085
5138 0 19 0 32828 5103
5138 0 17 36 32827 5099
5138 0 4 45 32845 5101
5139 0 41 0 32833 5098
5139 0 44 36 32844 5121
5139 0 11 45 32836 5102
5140 0 19 0 32828 5104
5140 0 17 36 32827 5100
5140 0 4 45 32845 5102
5141 0 41 0 32833 5099
5141 0 44 36 32844 5122
5141 0 11 45 32836 5103
5141 1 2 56 32813 5089
5142 0 19 0 32828 5105
5142 0 17 36 32827 5101
5142 0 4 45 32845 5103
5143 0 6 0 32845 5102
5143 0 55 18 32838 5091
5143 1 34 19 32834 5121
5143 0 44 36 32844 5123
5143 0 11 45 32836 5104
5144 0 19 0 32828 5106
5144 0 0 18 32820 5117
5144 0 17 36 32827 5102
5144 0 4 45 32845 5104
5145 0 6 0 32845 5103
5145 0 55 18 32838 5092
5145 0 44 36 32844 5124
5145 0 11 45 32836 5105
5146 0 19 0 32828 5107
5146 0 0 18 32820 5118
5146 1 28 30 32829 5129
5146 0 17 36 32827 5103
5146 0 4 45 32845 5105
5147 0 6 0 32845 5104
5147 0 55 18 32838 5093
5147 0 44 36 32845 5125
5147 0 11 45 32836 5106
5148 0 19 0 32828 5108
5148 0 0 18 32820 5119
5148 0 17 36 32827 5104
5148 0 4 45 32845 5106
5149 0 6 0 32845 5105
5149 0 55 18 32838 5094
5149 0 44 36 32845 5126
5149 1 57 44 32842 5117
5149 0 11 45 32836 5107
5150 0 19 0 32828 5109
5150 0 0 18 32820 5120
5150 0 43 36 32838 5133
5150 0 4 45 32845 5107
5150 0 43 54 32837 5123
5151 0 6 0 32845 5106
5151 0 55 18 32838 5095
5151 0 44 36 32845 5127
5151 0 11 45 32836 5108
5151 0 5 54 32835 5109
5152 0 44 0 32841 5091
5152 0 0 18 32820 5121
5152 0 43 36 32838 5134
5152 0 4 45 32845 5108
5152 0 43 54 32837 5124
5153 0 6 0 32845 5107
5153 0 55 18 32838 5096
5153 0 44 36 32845 5128
5153 0 11 45 32836 5109
5153 0 5 54 32835 5110
5154 0 44 0 32841 5092
5154 0 47 9 32835 5097
5154 0 0 18 32820 5122
5154 0 43 36 32838 5135
5154 0 4 45 32845 5109
5154 0 43 54 32837 5125
5155 0 6 0 32845 5108
5155 0 47 9 32835 5098
5155 0 55 18 32838 5097
5155 0 44 36 32845 5129
5155 0 11 45 32836 5110
5155 0 5 54 32835 5111
5155 0 52 63 32836 5128
5156 0 44 0 32841 5093
5156 0 47 9 32835 5099
5156 0 0 18 32820 5123
5156 0 43 36 32838 5137
5156 0 4 45 32845 5110
5156 0 43 54 32837 5126
5156 0 52 63 32836 5129
5157 0 6 0 32845 5109
5157 0 41 9 32834 5130
5157 0 55 18 32838 5098
5157 0 44 36 32845 5130
5157 0 11 45 32836 5111
5157 0 5 54 32835 5112
5157 0 52 63 32836 5130
5158 0 44 0 32841 5094
5158 0 47 9 32835 5100
5158 0 0 18 32820 5124
5158 0 43 36 32838 5138
5158 0 43 54 32837 5127
5158 0 52 63 32836 5131
5159 0 6 0 32845 5110
5159 0 41 9 32834 5131
5159 0 55 18 32838 5099
5159 0 44 36 32845 5131
5159 0 5 54 32835 5113
5159 0 52 63 32836 5132
5160 0 44 0 32841 5095
5160 0 47 9 32835 5101
5160 0 0 18 32820 5125
5160 0 43 36 32838 5139
5160 0 42 45 32837 5138
5160 1 43 49 32839 5136
5160 0 43 54 32837 5128
5160 0 52 63 32836 5133
5161 0 6 0 32845 5111
5161 0 41 9 32834 5132
5161 0 55 18 32838 5100
5161 0 44 36 32845 5132
5161 0 42 45 32837 5139
5161 0 5 54 32835 5114
5161 0 52 63 32836 5134
5162 0 44 0 32841 5096
5162 0 47 9 32835 5102
5162 0 0 18 32820 5126
5162 0 43 36 32838 5140
5162 0 42 45 32837 5140
5162 0 43 54 32837 5129
5162 0 52 63 32836 5135
5163 0 50 0 32823 5092
5163 0 41 9 32834 5133
5163 0 26 18 32834 5137
5163 0 44 36 32845 5133
5163 0 5 54 32835 5115
5163 0 52 63 32836 5136
5164 0 44 0 32841 5097
5164 0 47 9 32835 5103
5164 0 21 18 32844 5142
5164 0 43 36 32838 5141
5164 0 42 45 32837 5141
5164 0 43 54 32837 5130
5164 0 52 63 32836 5137
5165 0 50 0 32823 5093
5165 0 41 9 32834 5134
5165 0 26 18 32834 5138
5165 0 44 36 32845 5134
5165 0 42 45 32837 5142
5165 0 5 54 32835 5116
5166 0 44 0 32841 5098
5166 0 47 9 32835 5104
5166 0 21 18 32844 5143
5166 0 43 36 32838 5142
5166 0 43 54 32837 5131
5167 0 50 0 32823 5094
5167 0 41 9 32834 5135
5167 0 26 18 32834 5139
5167 0 43 36 32838 5143
5167 0 42 45 32837 5143
5167 0 5 54 32835 5117
5168 0 44 0 32841 5100
5168 0 47 9 32835 5105
5168 0 21 18 32844 5144
5168 0 31 36 32825 5141
5168 0 43 54 32837 5132
5169 0 50 0 32823 5095
5169 0 41 9 32834 5136
5169 0 26 18 32834 5140
5169 0 31 36 32825 5142
5169 0 42 45 32837 5144
5169 0 5 54 32835 5118
5170 0 44 0 32841 5101
5170 0 47 9 32835 5106
5170 0 21 18 32844 5145
5170 1 15 33 32833 5118
5170 0 31 36 32825 5143
5171 0 50 0 32823 5096
5171 0 41 9 32834 5137
5171 0 26 18 32834 5141
5171 0 43 36 32840 5144
5171 0 42 45 32837 5145
5172 0 50 0 32823 5097
5172 0 41 9 32834 5138
5172 0 21 18 32844 5146
5172 0 31 36 32825 5144
5173 0 35 0 32839 5113
5173 0 41 9 32834 5139
5173 0 26 18 32834 5142
5173 0 43 36 32840 5145
5173 0 42 45 32837 5146
5173 0 49 54 32829 5141
5174 0 50 0 32823 5098
5174 0 29 9 32822 5137
5174 0 21 18 32844 5147
5174 0 31 36 32825 5145
5174 0 49 54 32829 5142
5175 0 35 0 32839 5114
5175 0 29 9 32822 5138
5175 0 26 18 32834 5143
5175 0 43 36 32840 5146
5175 0 42 45 32837 5147
5175 0 49 54 32829 5143
5176 0 50 0 32823 5099
5176 0 42 9 32836 5123
5176 0 21 18 32844 5148
5176 0 31 36 32825 5146
5176 0 32 45 32839 5139
5176 0 49 54 32829 5144
5177 0 35 0 32839 5115
5177 0 29 9 32822 5139
5177 0 26 18 32834 5144
5177 0 43 36 32840 5147
5177 0 32 45 32839 5140
5177 0 49 54 32829 5145
5178 0 50 0 32823 5100
5178 0 42 9 32836 5124
5178 0 21 18 32844 5149
5178 1 45 20 32824 5140
5178 0 31 36 32825 5147
5178 0 32 45 32839 5141
5178 0 49 54 32829 5146
5179 0 35 0 32839 5116
5179 0 29 9 32822 5140
5179 0 26 18 32834 5145
5179 0 43 36 32840 5148
5179 0 32 45 32839 5142
5179 0 49 54 32829 5147
5180 0 50 0 32823 5101
5180 0 42 9 32836 5125
5180 0 31 36 32825 5148
5180 0 32 45 32839 5143
5180 0 49 54 32829 5148
5181 0 35 0 32839 5117
5181 0 29 9 32822 5141
5181 0 21 18 32844 5150
5181 0 43 36 32840 5149
5181 0 49 54 32829 5149
5182 0 35 0 32839 5118
5182 0 42 9 32836 5126
5182 0 26 18 32834 5146
5182 0 31 36 32825 5149
5182 0 32 45 32839 5144
5182 0 49 54 32829 5150
5183 0 44 0 32843 5105
5183 0 29 9 32822 5142
5183 0 21 18 32844 5151
5183 0 5 27 32836 5151
5183 0 43 36 32840 5150
5183 1 20 52 32829 5156
5184 0 35 0 32839 5119
5184 0 42 9 32836 5127
5184 1 28 18 32830 5145
5184 0 27 27 32843 5177
5184 0 31 36 32825 5150
5184 1 38 41 32852 5147
5184 0 32 45 32839 5145
5185 0 44 0 32843 5106
5185 0 29 9 32822 5143
5185 0 5 27 32836 5152
5185 1 3 35 32840 5158
5185 0 43 36 32840 5151
5185 1 55 53 32839 5168
5186 0 35 0 32839 5120
5186 0 42 9 32836 5128
5186 0 27 27 32843 5178
5186 0 56 36 32845 5133
5186 0 32 45 32839 5146
5187 0 44 0 32843 5107
5187 0 29 9 32822 5144
5187 0 24 18 32842 5156
5187 0 5 27 32836 5153
5187 0 43 36 32840 5152
5187 1 16 46 32837 5135
5188 0 35 0 32839 5121
5188 0 42 9 32836 5129
5188 0 24 18 32842 5157
5188 0 27 27 32843 5179
5188 0 56 36 32845 5134
5188 0 32 45 32839 5147
5189 0 44 0 32843 5108
5189 0 29 9 32822 5145
5189 0 24 18 32842 5158
5189 0 5 27 32836 5154
5189 0 43 36 32840 5154
5190 0 35 0 32839 5122
5190 1 31 8 32824 5132
5190 0 42 9 32836 5130
5190 0 24 18 32842 5159
5190 1 45 25 32825 5153
5190 0 27 27 32843 5180
5190 0 56 36 32845 5135
5190 0 32 45 32839 5148
5191 0 44 0 32843 5109
5191 0 29 9 32822 5146
5191 0 24 18 32842 5160
5191 0 5 27 32836 5155
5191 0 56 36 32845 5136
5192 0 44 0 32843 5110
5192 0 42 9 32836 5135
5192 0 24 18 32842 5161
5192 0 27 27 32843 5181
5192 1 52 36 32837 5162
5193 0 37 0 32838 5114
5193 0 42 9 32836 5137
5193 0 24 18 32842 5162
5193 0 5 27 32836 5156
5193 0 56 36 32845 5137
5194 0 44 0 32843 5111
5194 0 24 18 32842 5163
5194 1 14 25 32839 5152
5194 0 28 36 32831 5182
5195 0 37 0 32838 5115
5195 1 6 16 32846 5148
5195 0 24 18 32842 5164
5195 0 27 27 32843 5182
5196 0 44 0 32843 5112
5196 0 32 9 32840 5155
5196 0 24 18 32842 5165
5196 0 5 27 32836 5157
5196 0 56 36 32845 5138
5197 0 37 0 32838 5116
5197 0 32 9 32840 5156
5197 0 27 27 32843 5183
5197 0 28 36 32831 5183
5197 0 20 54 32830 5160
5198 0 44 0 32843 5113
5198 0 32 9 32840 5157
5198 0 5 27 32836 5158
5198 0 56 36 32845 5139
5198 0 20 54 32830 5161
5199 0 37 0 32838 5117
5199 0 32 9 32840 5158
5199 0 27 27 32843 5184
5199 0 28 36 32831 5184
5199 0 20 54 32830 5162
5199 0 34 63 32835 5152
5200 0 44 0 32843 5114
5200 0 32 9 32840 5159
5200 0 5 27 32836 5159
5200 1 47 28 32836 5158
5200 0 56 36 32845 5140
5200 0 61 45 32841 5183
5200 0 20 54 32830 5163
5200 0 34 63 32835 5153
5201 0 37 0 32838 5118
5201 1 60 5 32835 5154
5201 1 22 8 32837 5152
5201 0 32 9 32840 5160
5201 0 27 27 32843 5185
5201 0 28 36 32831 5185
5201 0 61 45 32841 5184
5201 0 20 54 32830 5164
5201 0 34 63 32835 5154
5202 0 37 0 32838 5119
5202 0 32 9 32840 5161
5202 0 56 36 32845 5141
5202 0 61 45 32841 5185
5202 0 20 54 32830 5165
5202 0 34 63 32835 5155
5203 0 23 0 32846 5148
5203 0 32 9 32840 5162
5203 0 5 27 32836 5160
5203 0 28 36 32831 5186
5203 0 61 45 32841 5186
5203 0 40 54 32842 5161
5203 0 34 63 32835 5156
5204 0 37 0 32838 5120
5204 0 32 9 32840 5163
5204 0 27 18 32844 5187
5204 0 27 27 32843 5186
5204 0 56 36 32845 5142
5204 0 61 45 32841 5187
5204 0 20 54 32830 5166
5204 0 34 63 32835 5157
5205 0 23 0 32846 5149
5205 0 31 9 32826 5158
5205 0 27 18 32844 5188
5205 0 24 27 32843 5166
5205 0 28 36 32831 5187
5205 0 61 45 32841 5188
5205 0 40 54 32842 5162
5205 0 34 63 32835 5158
5206 0 37 0 32838 5121
5206 0 32 9 32840 5164
5206 1 38 16 32853 5159
5206 0 27 18 32844 5189
5206 0 24 27 32843 5167
5206 0 12 36 32825 5174
5206 0 61 45 32841 5189
5206 0 20 54 32830 5167
5206 0 34 63 32835 5159
5207 0 23 0 32846 5150
5207 0 31 9 32826 5159
5207 0 27 18 32844 5190
5207 0 24 27 32843 5168
5207 0 28 36 32831 5188
5207 0 61 45 32841 5190
5207 0 40 54 32842 5163
5207 0 34 63 32835 5160
5208 0 37 0 32838 5122
5208 0 31 9 32826 5160
5208 0 24 27 32843 5169
5208 0 12 36 32825 5175
5208 0 61 45 32841 5191
5208 0 20 54 32830 5168
5208 0 34 63 32835 5161
5209 0 23 0 32846 5151
5209 0 31 9 32826 5161
5209 0 27 18 32844 5191
5209 0 24 27 32843 5170
5209 0 28 36 32831 5189
5209 0 61 45 32841 5192
5209 0 40 54 32842 5164
5210 0 37 0 32838 5123
5210 0 31 9 32826 5162
5210 0 24 18 32844 5188
5210 0 24 27 32843 5171
5210 0 12 36 32825 5176
5210 0 20 54 32830 5169
5211 0 23 0 32846 5152
5211 0 31 9 32826 5163
5211 0 24 18 32844 5189
5211 0 24 27 32843 5172
5211 0 28 36 32831 5190
5211 0 40 54 32842 5165
5212 0 23 0 32846 5153
5212 0 31 9 32826 5164
5212 0 27 18 32844 5192
5212 0 24 27 32843 5173
5212 1 17 34 32828 5190
5212 0 12 36 32825 5177
5212 1 10 43 32837 5180
5212 0 52 54 32838 5193
5213 0 23 0 32846 5154
5213 0 31 9 32826 5165
5213 0 24 18 32844 5190
5213 0 24 27 32843 5174
5213 0 28 36 32831 5191
5213 0 40 54 32842 5166
5214 0 23 0 32846 5155
5214 0 31 9 32826 5166
5214 0 27 18 32844 5193
5214 0 24 27 32843 5175
5214 0 12 36 32825 5178
5214 0 52 54 32838 5194
5215 0 23 0 32846 5156
5215 0 31 9 32826 5167
5215 0 24 18 32844 5191
5215 0 45 27 32826 5188
5215 0 12 36 32825 5179
5215 0 40 54 32842 5167
5216 0 23 0 32846 5157
5216 0 27 18 32844 5194
5216 0 45 27 32826 5189
5216 0 12 36 32825 5180
5216 0 52 54 32838 5195
5217 0 24 18 32844 5192
5217 0 45 27 32826 5190
5217 0 12 36 32825 5181
5217 0 40 54 32842 5168
5218 0 27 18 32844 5195
5218 0 45 27 32826 5191
5218 0 12 36 32825 5182
5218 0 52 54 32838 5196
5219 0 24 18 32844 5193
5219 0 45 27 32826 5192
5219 0 12 36 32825 5183
5219 1 62 40 32836 5172
5219 0 40 54 32842 5169
5220 0 27 18 32844 5196
5220 0 45 27 32826 5193
5220 0 52 54 32838 5197
5221 0 24 18 32844 5194
5221 0 45 27 32826 5194
5221 0 40 54 32842 5170
5222 0 45 27 32826 5195
5222 0 52 54 32838 5198
5223 0 24 18 32844 5195
5223 0 45 27 32826 5196
5223 0 55 54 32840 5211
5224 0 47 18 32837 5166
5224 0 45 27 32826 5197
5224 0 52 54 32838 5199
5225 0 58 9 32842 5183
5225 0 24 18 32844 5196
5225 0 55 54 32840 5212
5226 0 58 9 32842 5184
5226 0 47 18 32837 5167
5226 0 22 45 32838 5199
5226 0 52 54 32838 5200
5227 0 58 9 32842 5185
5227 0 24 18 32844 5197
5227 0 22 45 32838 5200
5227 0 55 54 32840 5213
5228 0 32 9 32842 5201
5228 0 47 18 32837 5168
5228 0 22 45 32838 5201
5228 0 52 54 32838 5201
5229 0 58 9 32842 5186
5229 0 47 18 32837 5169
5229 1 32 45 32841 5192
5229 0 55 54 32840 5214
5229 0 16 63 32838 5162
5230 0 32 9 32842 5202
5230 0 47 18 32837 5170
5230 0 22 45 32838 5202
5230 0 52 54 32838 5202
5230 0 16 63 32838 5163
5231 0 58 9 32842 5187
5231 0 38 18 32855 5191
5231 1 35 22 32841 5199
5231 0 22 45 32838 5203
5231 0 55 54 32840 5215
5231 0 16 63 32838 5164
5232 0 29 0 32823 5185
5232 0 32 9 32842 5203
5232 0 47 18 32837 5171
5232 0 42 27 32838 5210
5232 0 22 45 32838 5204
5232 0 35 54 32840 5161
5232 0 16 63 32838 5165
5233 0 29 0 32823 5186
5233 0 58 9 32842 5188
5233 0 38 18 32855 5192
5233 0 42 27 32838 5211
5233 0 22 45 32838 5205
5233 1 62 49 32837 5196
5233 0 55 54 32840 5216
5233 0 16 63 32838 5166
5234 0 29 0 32823 5187
5234 0 32 9 32842 5204
5234 0 47 18 32837 5172
5234 0 42 27 32838 5212
5234 0 22 45 32838 5206
5234 0 35 54 32840 5162
5234 0 16 63 32838 5167
5235 0 29 0 32823 5188
5235 0 58 9 32842 5189
5235 0 38 18 32855 5193
5235 0 42 27 32838 5213
5235 0 22 45 32838 5207
5235 0 55 54 32840 5217
5235 0 16 63 32838 5168
5236 0 29 0 32823 5189
5236 0 32 9 32842 5205
5236 0 47 18 32837 5173
5236 0 42 27 32838 5214
5236 0 22 45 32838 5208
5236 0 35 54 32840 5163
5236 0 16 63 32838 5169
5237 0 29 0 32823 5190
5237 0 58 9 32842 5190
5237 0 38 18 32855 5194
5237 0 42 27 32838 5215
5237 0 55 54 32840 5218
5237 0 16 63 32838 5170
5238 0 29 0 32823 5191
5238 0 32 9 32842 5206
5238 0 47 18 32837 5174
5238 0 42 27 32838 5216
5238 0 35 54 32840 5164
5238 0 16 63 32838 5171
5239 0 29 0 32823 5192
5239 0 58 9 32842 5191
5239 0 38 18 32855 5195
5239 0 42 27 32838 5217
5239 0 55 54 32840 5219
5239 0 50 63 32824 5202
5240 0 29 0 32823 5193
5240 0 32 9 32842 5207
5240 0 47 18 32837 5175
5240 0 42 27 32838 5218
5240 0 35 54 32840 5165
5240 0 50 63 32824 5203
5241 1 38 0 32854 5184
5241 1 25 3 32828 5209
5241 0 58 9 32842 5192
5241 1 42 16 32839 5209
5241 0 38 18 32855 5196
5241 0 42 27 32838 5219
5241 0 55 54 32840 5220
5241 0 50 63 32824 5204
5242 0 29 0 32823 5194
5242 0 32 9 32842 5208
5242 0 17 18 32829 5229
5242 0 35 54 32840 5166
5242 0 50 63 32824 5205
5243 0 0 0 32822 5236
5243 0 32 9 32842 5209
5243 0 38 18 32855 5197
5243 0 12 54 32826 5184
5243 0 50 63 32824 5206
5244 0 0 0 32822 5237
5244 0 51 9 32839 5187
5244 0 35 54 32840 5167
5244 0 50 63 32824 5207
5245 0 0 0 32822 5238
5245 0 32 9 32842 5210
5245 0 17 18 32829 5230
5245 0 12 54 32826 5185
5245 1 9 63 32836 5178
5246 0 0 0 32822 5239
5246 0 51 9 32839 5188
5246 1 59 14 32838 5194
5246 0 38 18 32855 5198
5246 0 35 54 32840 5168
5246 0 50 63 32824 5208
5247 0 0 0 32822 5240
5247 0 51 9 32839 5189
5247 1 62 14 32838 5210
5247 0 17 18 32829 5231
5247 0 43 27 32841 5230
5247 0 12 54 32826 5186
5247 0 50 63 32824 5209
5248 0 0 0 32822 5241
5248 1 14 4 32840 5226
5248 0 51 9 32839 5190
5248 0 38 18 32855 5200
5248 0 43 27 32841 5231
5248 0 23 36 32847 5216
5248 0 35 54 32840 5178
5248 0 51 63 32840 5215
5249 0 0 0 32822 5242
5249 0 51 9 32839 5191
5249 0 17 18 32829 5232
5249 0 43 27 32841 5233
5249 0 23 36 32847 5217
5249 0 12 54 32826 5187
5249 0 50 63 32824 5210
5250 0 0 0 32822 5243
5250 0 51 9 32839 5192
5250 0 38 18 32855 5201
5250 0 43 27 32841 5234
5250 0 23 36 32847 5218
5250 1 37 40 32839 5208
5250 0 35 54 32840 5180
5250 0 51 63 32840 5216
5251 0 0 0 32822 5244
5251 1 38 8 32856 5199
5251 0 51 9 32839 5193
5251 0 17 18 32829 5233
5251 0 43 27 32841 5235
5251 0 23 36 32847 5219
5251 0 12 54 32826 5188
5251 0 50 63 32824 5211
5252 0 0 0 32822 5245
5252 0 51 9 32839 5194
5252 0 43 27 32841 5236
5252 0 23 36 32847 5220
5252 0 12 54 32826 5189
5252 0 51 63 32840 5217
5253 0 51 9 32839 5195
5253 1 5 18 32837 5221
5253 0 43 27 32841 5237
5253 0 23 36 32847 5221
5253 0 12 54 32826 5190
5253 0 51 63 32840 5218
5254 0 51 9 32839 5196
5254 0 17 18 32829 5234
5254 0 3 27 32841 5232
5254 0 23 36 32847 5222
5254 0 12 54 32826 5191
5254 0 51 63 32840 5219
5255 0 43 27 32841 5238
5255 0 23 36 32847 5223
5255 1 25 49 32829 5233
5255 0 12 54 32826 5192
5255 0 51 63 32840 5220
5256 0 17 18 32829 5235
5256 0 3 27 32841 5233
5256 0 23 36 32847 5224
5256 0 12 54 32826 5193
5256 0 51 63 32840 5221
5257 0 43 27 32841 5239
5257 0 23 36 32847 5225
5257 0 51 63 32840 5222
5258 0 18 9 32830 5241
5258 0 17 18 32829 5236
5258 0 3 27 32841 5234
5258 0 51 63 32840 5223
5259 0 38 0 32857 5202
5259 0 18 9 32830 5242
5259 0 11 18 32837 5242
5259 0 43 27 32841 5240
5259 0 51 63 32840 5224
5260 0 38 0 32857 5203
5260 0 18 9 32830 5243
5260 0 17 18 32829 5237
5260 0 3 27 32841 5235
5260 1 56 58 32848 5243
5261 0 38 0 32857 5204
5261 0 18 9 32830 5244
5261 0 11 18 32837 5243
5261 0 3 27 32841 5236
5261 0 10 54 32838 5209
5262 0 38 0 32857 5205
5262 1 7 1 32844 5225
5262 0 18 9 32830 5245
5262 0 17 18 32829 5238
5262 0 3 27 32841 5237
5262 0 56 45 32846 5220
5262 0 10 54 32838 5210
5263 0 38 0 32857 5206
5263 0 18 9 32830 5246
5263 0 11 18 32837 5244
5263 0 60 45 32836 5241
5263 0 10 54 32838 5211
5264 0 38 0 32857 5207
5264 0 18 9 32830 5247
5264 0 11 18 32837 5245
5264 0 3 27 32841 5238
5264 0 56 45 32846 5221
5264 0 10 54 32838 5212
5265 0 38 0 32857 5208
5265 0 18 9 32830 5248
5265 0 11 18 32837 5246
5265 0 3 27 32841 5239
5265 0 60 45 32836 5242
5265 0 10 54 32838 5213
5266 0 38 0 32857 5209
5266 0 18 9 32830 5249
5266 0 11 18 32837 5247
5266 0 3 27 32841 5240
5266 0 56 45 32846 5222
5266 0 10 54 32838 5214
5267 0 38 0 32857 5210
5267 0 18 9 32830 5250
5267 0 11 18 32837 5248
5267 0 3 27 32841 5241
5267 0 60 45 32836 5243
5267 1 54 54 32839 5260
5268 0 38 0 32857 5211
5268 0 11 18 32837 5249
5268 0 56 45 32846 5223
5268 0 10 54 32838 5215
5269 0 11 18 32837 5250
5269 0 60 45 32836 5244
5269 0 10 54 32838 5216
5269 1 43 63 32842 5232
5270 0 11 18 32837 5251
5270 0 56 45 32846 5224
5270 0 10 54 32838 5217
5271 0 60 45 32836 5245
5271 0 10 54 32838 5218
5272 0 56 45 32846 5225
5273 0 53 36 32835 5251
5273 1 10 43 32839 5241
5273 0 60 45 32836 5246
5274 0 19 27 32829 5262
5274 0 53 36 32835 5252
5274 0 56 45 32846 5226
5275 0 19 27 32829 5263
5275 0 53 36 32835 5253
5275 0 60 45 32836 5247
5276 0 19 27 32829 5264
5276 0 53 36 32835 5254
5276 0 56 45 32846 5227
5277 0 41 0 32835 5240
5277 0 19 27 32829 5265
5277 0 53 36 32835 5255
5277 0 60 45 32836 5248
5277 1 16 63 32839 5210
5278 0 41 0 32835 5241
5278 0 51 18 32841 5246
5278 0 19 27 32829 5266
5278 0 53 36 32835 5256
5278 0 56 45 32846 5228
5279 0 41 0 32835 5242
5279 1 35 14 32842 5242
5279 0 51 18 32841 5247
5279 0 13 27 32833 5252
5279 0 53 36 32835 5257
5279 0 60 45 32836 5249
5280 0 41 0 32835 5243
5280 0 51 18 32841 5248
5280 0 19 27 32829 5267
5280 0 53 36 32835 5258
5280 0 56 45 32846 5229
5281 0 41 0 32835 5244
5281 0 51 18 32841 5249
5281 0 13 27 32833 5253
5281 0 53 36 32835 5259
5281 0 60 45 32836 5250
5282 0 41 0 32835 5245
5282 0 27 9 32845 5255
5282 0 51 18 32841 5250
5282 0 19 27 32829 5268
5282 0 53 36 32835 5260
5282 0 16 45 32840 5215
5283 0 41 0 32835 5246
5283 0 27 9 32845 5256
5283 0 51 18 32841 5251
5283 0 13 27 32833 5254
5283 0 16 45 32841 5225
5284 0 41 0 32835 5247
5284 0 27 9 32845 5257
5284 0 51 18 32841 5252
5284 0 19 27 32829 5269
5284 0 16 45 32840 5216
5285 0 41 0 32835 5248
5285 0 27 9 32845 5258
5285 0 6 18 32847 5248
5285 0 13 27 32833 5255
5285 0 16 45 32841 5226
5285 1 22 62 32839 5253
5286 0 41 0 32835 5249
5286 1 18 2 32832 5269
5286 0 27 9 32845 5259
5286 0 51 18 32841 5253
5286 0 19 27 32829 5270
5286 0 16 45 32840 5217
5287 0 27 9 32845 5260
5287 0 6 18 32847 5249
5287 0 13 27 32833 5256
5287 0 16 45 32841 5227
5288 0 27 9 32845 5261
5288 0 51 18 32841 5254
5288 0 19 27 32829 5271
5288 0 16 45 32840 5218
5288 1 56 55 32847 5234
5289 0 27 9 32845 5262
5289 0 6 18 32847 5250
5289 0 13 27 32833 5257
5289 0 18 36 32831 5262
5289 0 16 45 32841 5228
5290 0 27 9 32845 5263
5290 0 51 18 32841 5255
5290 0 13 27 32833 5258
5290 0 18 36 32831 5263
5290 0 16 45 32840 5219
5291 0 27 9 32845 5264
5291 0 6 18 32847 5251
5291 0 13 27 32833 5259
5291 0 18 36 32831 5264
5291 0 16 45 32841 5229
5291 1 5 49 32838 5234
5292 0 6 18 32847 5252
5292 0 13 27 32833 5260
5292 0 18 36 32831 5265
5292 0 16 45 32840 5220
5293 0 6 18 32847 5253
5293 0 13 27 32833 5261
5293 1 25 29 32830 5266
5293 0 18 36 32831 5266
5293 0 16 45 32841 5230
5294 0 30 18 32822 5262
5294 0 16 45 32840 5221
5295 0 6 18 32847 5254
5295 1 62 30 32840 5268
5295 0 18 36 32831 5267
5295 0 16 45 32841 5231
5296 0 30 18 32822 5263
5296 0 16 45 32840 5222
5296 0 57 54 32843 5259
5297 0 6 18 32847 5255
5297 0 18 36 32831 5268
5297 0 16 45 32841 5232
5297 0 57 54 32843 5260
5298 0 30 18 32822 5264
5298 0 18 36 32831 5270
5298 0 16 45 32840 5223
5298 0 57 54 32843 5261
5299 0 6 18 32847 5256
5299 0 41 27 32836 5272
5299 0 16 45 32841 5233
5299 0 56 54 32849 5257
5300 0 30 18 32822 5265
5300 0 41 27 32836 5273
5300 0 45 36 32828 5283
5300 0 16 45 32840 5224
5300 0 57 54 32843 5262
5301 0 6 18 32847 5257
5301 0 41 27 32836 5274
5301 0 18 36 32831 5271
5301 0 16 45 32841 5234
5301 0 56 54 32849 5258
5302 0 30 18 32822 5266
5302 0 41 27 32836 5275
5302 0 45 36 32828 5284
5302 0 40 45 32843 5250
5302 0 57 54 32843 5263
5303 0 3 18 32843 5273
5303 0 41 27 32836 5276
5303 0 18 36 32831 5272
5303 0 37 45 32840 5269
5303 0 56 54 32849 5259
5303 0 0 63 32821 5226
5304 0 23 0 32848 5252
5304 0 30 18 32822 5267
5304 0 41 27 32836 5277
5304 1 24 35 32845 5273
5304 0 45 36 32828 5285
5304 0 40 45 32843 5251
5304 0 57 54 32843 5264
5304 0 5 63 32839 5251
5305 0 23 0 32848 5253
5305 0 3 18 32843 5274
5305 1 53 27 32836 5273
5305 0 29 36 32824 5284
5305 0 37 45 32840 5270
5305 0 56 54 32849 5260
5305 0 0 63 32821 5227
5306 0 23 0 32848 5254
5306 0 30 18 32822 5268
5306 0 41 27 32836 5278
5306 0 45 36 32828 5286
5306 0 40 45 32843 5252
5306 0 57 54 32843 5265
5306 1 53 60 32837 5289
5306 0 5 63 32839 5252
5307 0 23 0 32848 5255
5307 0 3 18 32843 5275
5307 0 41 27 32836 5279
5307 0 29 36 32824 5285
5307 0 37 45 32840 5271
5307 0 56 54 32849 5261
5307 0 0 63 32821 5228
5308 0 23 0 32848 5256
5308 0 30 18 32822 5269
5308 0 45 36 32828 5287
5308 1 38 39 32858 5296
5308 0 40 45 32843 5253
5308 0 57 54 32843 5266
5308 0 5 63 32839 5253
5309 0 45 0 32827 5252
5309 0 3 18 32843 5276
5309 0 41 27 32836 5280
5309 0 29 36 32824 5286
5309 0 37 45 32840 5272
5309 0 56 54 32849 5262
5309 0 0 63 32821 5229
5310 0 23 0 32848 5257
5310 1 8 13 32829 5278
5310 0 30 18 32822 5270
5310 0 41 27 32836 5281
5310 0 45 36 32828 5288
5310 0 40 45 32843 5254
5310 0 57 54 32843 5267
5310 0 5 63 32839 5254
5311 0 45 0 32827 5253
5311 0 3 18 32843 5277
5311 0 29 36 32824 5287
5311 0 37 45 32840 5273
5311 0 56 54 32849 5263
5311 0 0 63 32821 5230
5312 0 23 0 32848 5258
5312 0 30 18 32822 5271
5312 0 45 36 32828 5289
5312 0 40 45 32843 5255
5312 0 57 54 32843 5268
5312 0 5 63 32839 5255
5313 0 45 0 32827 5254
5313 0 3 18 32843 5278
5313 0 29 36 32824 5288
5313 0 37 45 32840 5274
5313 0 56 54 32849 5264
5313 0 0 63 32821 5231
5314 0 23 0 32848 5259
5314 0 25 18 32832 5278
5314 0 45 36 32828 5290
5314 0 40 45 32843 5256
5314 0 3 54 32842 5242
5314 0 5 63 32839 5256
5315 0 45 0 32827 5255
5315 0 3 18 32843 5279
5315 0 29 36 32824 5289
5315 0 37 45 32840 5275
5315 0 56 54 32849 5265
5315 0 0 63 32821 5232
5316 0 23 0 32848 5260
5316 0 25 18 32832 5279
5316 0 45 36 32828 5291
5316 0 40 45 32843 5257
5316 0 3 54 32842 5243
5316 0 5 63 32839 5257
5317 0 45 0 32827 5256
5317 0 3 18 32843 5280
5317 0 29 36 32824 5290
5317 0 37 45 32840 5276
5317 0 56 54 32849 5266
5317 0 0 63 32821 5233
5318 0 23 0 32848 5261
5318 0 25 18 32832 5280
5318 0 45 36 32828 5292
5318 0 40 45 32843 5258
5318 0 3 54 32842 5244
5318 0 5 63 32839 5258
5319 0 45 0 32827 5257
5319 0 3 18 32843 5281
5319 1 28 35 32832 5302
5319 0 29 36 32824 5291
5319 0 37 45 32840 5287
5319 0 55 54 32841 5289
5319 0 0 63 32821 5234
5320 0 45 0 32827 5258
5320 1 54 6 32840 5283
5320 0 25 18 32832 5281
5320 0 0 36 32823 5270
5320 0 40 45 32843 5259
5320 0 3 54 32842 5245
5320 0 5 63 32839 5259
5321 0 22 0 32840 5267
5321 0 3 18 32843 5282
5321 0 29 36 32824 5292
5321 0 37 45 32840 5289
5321 0 55 54 32841 5290
5321 0 0 63 32821 5235
5322 0 45 0 32827 5259
5322 1 0 14 32824 5280
5322 0 25 18 32832 5282
5322 0 0 36 32823 5271
5322 0 50 45 32825 5294
5322 0 3 54 32842 5246
5322 0 5 63 32839 5260
5323 0 22 0 32840 5268
5323 1 62 3 32839 5265
5323 0 2 18 32814 5287
5323 0 29 36 32824 5293
5323 0 21 45 32845 5272
5323 0 55 54 32841 5291
5324 0 45 0 32827 5260
5324 0 25 18 32832 5283
5324 0 0 36 32823 5272
5324 0 50 45 32825 5295
5324 0 3 54 32842 5247
5325 0 22 0 32840 5269
5325 0 2 18 32814 5288
5325 0 49 36 32830 5284
5325 0 21 45 32845 5273
5325 0 55 54 32841 5292
5325 0 5 63 32840 5265
5326 0 45 0 32827 5261
5326 0 40 9 32844 5294
5326 0 25 18 32832 5284
5326 0 0 36 32823 5273
5326 0 50 45 32825 5296
5326 0 3 54 32842 5248
5326 0 5 63 32840 5266
5327 0 22 0 32840 5270
5327 0 40 9 32844 5295
5327 0 2 18 32814 5289
5327 0 49 36 32830 5285
5327 0 21 45 32845 5274
5327 0 55 54 32841 5293
5327 0 5 63 32840 5267
5328 0 22 0 32840 5271
5328 0 40 9 32844 5296
5328 0 25 18 32832 5285
5328 0 0 36 32823 5274
5328 0 50 45 32825 5297
5328 0 3 54 32842 5249
5328 0 5 63 32840 5268
5329 0 22 0 32840 5272
5329 0 40 9 32844 5297
5329 0 2 18 32814 5290
5329 0 49 36 32830 5286
5329 0 21 45 32845 5275
5329 0 55 54 32841 5294
5329 0 5 63 32840 5269
5330 0 22 0 32840 5273
5330 0 40 9 32844 5298
5330 0 25 18 32832 5286
5330 0 0 36 32823 5275
5330 0 50 45 32825 5298
5330 0 3 54 32842 5250
5330 0 5 63 32840 5270
5331 0 22 0 32840 5274
5331 0 40 9 32844 5299
5331 0 2 18 32814 5291
5331 0 49 36 32830 5287
5331 0 21 45 32845 5276
5331 0 55 54 32841 5295
5331 0 5 63 32840 5271
5332 0 22 0 32840 5275
5332 0 40 9 32844 5300
5332 0 25 18 32832 5287
5332 0 0 36 32823 5276
5332 0 50 45 32825 5299
5332 0 3 54 32842 5251
5332 0 5 63 32840 5272
5333 0 22 0 32840 5276
5333 0 40 9 32844 5301
5333 0 2 18 32814 5292
5333 0 49 36 32830 5288
5333 0 21 45 32845 5277
5333 0 55 54 32841 5296
5333 0 5 63 32840 5278
5334 0 40 9 32844 5302
5334 0 12 18 32828 5305
5334 0 0 36 32823 5277
5334 0 50 45 32825 5300
5334 0 55 54 32841 5297
5334 0 5 63 32840 5280
5335 0 40 9 32844 5303
5335 0 2 18 32814 5293
5335 0 13 27 32835 5308
5335 1 49 31 32831 5283
5335 0 49 36 32830 5289
5335 1 11 41 32838 5298
5335 0 21 45 32845 5278
5335 0 55 54 32841 5298
5336 0 12 18 32828 5306
5336 0 13 27 32835 5309
5336 0 0 36 32823 5278
5336 0 50 45 32825 5301
5337 0 2 18 32814 5294
5337 0 13 27 32835 5310
5337 0 49 36 32830 5290
5337 1 27 43 32846 5320
5337 0 21 45 32845 5279
5338 0 12 18 32828 5307
5338 1 36 21 32829 5316
5338 0 13 27 32835 5311
5338 0 0 36 32823 5279
5338 0 50 45 32825 5302
5339 0 2 18 32814 5295
5339 0 13 27 32835 5312
5339 0 49 36 32830 5291
5339 0 21 45 32845 5280
5340 0 12 18 32828 5308
5340 0 12 36 32827 5295
5340 0 50 45 32825 5303
5341 0 2 18 32814 5296
5341 0 13 27 32835 5313
5341 0 49 36 32830 5292
5341 0 21 45 32845 5281
5342 0 12 18 32828 5309
5342 0 13 27 32835 5314
5342 0 12 36 32827 5296
5342 0 17 45 32830 5239
5343 0 24 18 32847 5316
5343 0 13 27 32835 5315
5343 0 49 36 32830 5293
5343 0 47 45 32838 5316
5344 0 12 18 32828 5310
5344 0 12 36 32827 5297
5344 0 17 45 32830 5240
5345 0 24 18 32847 5317
5345 0 53 36 32838 5322
5345 0 47 45 32838 5317
5346 0 12 18 32828 5311
5346 1 16 26 32842 5324
5346 0 13 27 32835 5316
5346 0 12 36 32827 5298
5346 0 17 45 32830 5241
5347 0 24 18 32847 5318
5347 0 53 36 32838 5323
5347 0 47 45 32838 5318
5348 0 12 9 32829 5315
5348 0 12 18 32828 5312
5348 0 13 27 32835 5317
5348 0 12 36 32827 5299
5348 0 17 45 32830 5242
5349 0 12 9 32829 5316
5349 0 24 18 32847 5319
5349 0 11 27 32839 5332
5349 0 53 36 32838 5324
5349 0 47 45 32838 5319
5350 0 12 9 32829 5317
5350 0 12 18 32828 5313
5350 0 11 27 32839 5333
5350 0 12 36 32827 5300
5350 0 17 45 32830 5243
5351 0 12 9 32829 5318
5351 0 24 18 32847 5320
5351 1 31 25 32827 5314
5351 0 11 27 32839 5334
5351 0 53 36 32838 5325
5351 0 47 45 32838 5320
5352 0 12 9 32829 5319
5352 0 12 18 32828 5314
5352 0 11 27 32839 5335
5352 0 17 45 32830 5244
5353 0 28 0 32833 5311
5353 0 12 9 32829 5320
5353 0 24 18 32847 5321
5353 0 11 27 32839 5336
5353 0 12 36 32827 5301
5353 0 47 45 32838 5321
5354 0 28 0 32833 5312
5354 0 12 9 32829 5321
5354 0 7 18 32845 5278
5354 0 11 27 32839 5337
5354 0 53 36 32838 5326
5354 0 17 45 32830 5245
5354 0 54 63 32841 5337
5355 0 28 0 32833 5313
5355 0 12 9 32829 5322
5355 0 24 18 32847 5322
5355 0 11 27 32839 5338
5355 0 12 36 32827 5302
5355 0 47 45 32838 5322
5355 0 54 63 32841 5338
5356 0 28 0 32833 5314
5356 1 20 13 32831 5339
5356 0 7 18 32845 5279
5356 0 13 27 32836 5323
5356 0 53 36 32838 5327
5356 0 17 45 32830 5246
5356 0 54 63 32841 5339
5357 0 28 0 32833 5315
5357 0 12 9 32829 5332
5357 0 24 18 32847 5323
5357 0 11 27 32839 5339
5357 0 12 36 32827 5303
5357 0 47 45 32838 5323
5357 0 54 63 32841 5340
5358 0 28 0 32833 5316
5358 0 7 18 32845 5280
5358 0 13 27 32836 5324
5358 0 53 36 32838 5328
5358 0 17 45 32830 5255
5358 0 24 54 32846 5306
5358 0 54 63 32841 5341
5359 0 28 0 32833 5317
5359 0 12 9 32829 5334
5359 0 24 18 32847 5324
5359 0 11 27 32839 5340
5359 0 12 36 32827 5304
5359 0 47 45 32838 5324
5359 0 24 54 32846 5307
5359 0 54 63 32841 5342
5360 0 28 0 32833 5318
5360 1 33 1 32826 5333
5360 0 40 9 32845 5328
5360 0 7 18 32845 5281
5360 0 13 27 32836 5325
5360 0 53 36 32838 5329
5360 0 17 45 32830 5257
5360 0 9 54 32837 5303
5360 0 54 63 32841 5343
5361 0 28 0 32833 5319
5361 0 55 9 32842 5299
5361 0 24 18 32847 5325
5361 0 11 27 32839 5341
5361 0 41 36 32837 5328
5361 0 47 45 32838 5325
5361 0 24 54 32846 5308
5361 0 54 63 32841 5344
5362 0 28 0 32833 5320
5362 0 40 9 32845 5329
5362 0 7 18 32845 5282
5362 0 13 27 32836 5326
5362 0 53 36 32838 5330
5362 0 25 45 32831 5268
5362 0 9 54 32837 5304
5362 0 54 63 32841 5345
5363 0 55 9 32842 5300
5363 0 7 18 32846 5321
5363 0 46 27 32835 5330
5363 0 41 36 32837 5329
5363 0 44 45 32846 5351
5363 0 24 54 32846 5309
5363 0 54 63 32841 5346
5364 0 40 9 32845 5330
5364 0 7 18 32845 5283
5364 0 13 27 32836 5327
5364 0 53 36 32838 5331
5364 0 25 45 32831 5269
5364 0 9 54 32837 5305
5365 0 55 9 32842 5301
5365 0 7 18 32846 5322
5365 0 46 27 32835 5331
5365 1 23 30 32849 5345
5365 0 41 36 32837 5330
5365 0 44 45 32846 5352
5365 0 24 54 32846 5310
5366 0 40 9 32845 5331
5366 0 7 18 32845 5284
5366 0 13 27 32836 5328
5366 0 41 36 32837 5331
5366 0 25 45 32831 5270
5366 0 9 54 32837 5306
5367 0 55 9 32842 5302
5367 0 7 18 32846 5323
5367 0 46 27 32835 5332
5367 0 41 36 32837 5332
5367 0 44 45 32846 5353
5367 0 24 54 32846 5311
5367 1 13 60 32834 5291
5368 0 40 9 32845 5332
5368 0 7 18 32845 5285
5368 0 13 27 32836 5329
5368 0 41 36 32837 5333
5368 0 25 45 32831 5271
5368 0 9 54 32837 5307
5369 0 55 9 32842 5303
5369 0 7 18 32846 5324
5369 0 46 27 32835 5333
5369 0 41 36 32837 5334
5369 0 44 45 32846 5354
5369 0 24 54 32846 5312
5370 0 40 9 32845 5333
5370 0 7 18 32845 5286
5370 0 13 27 32836 5330
5370 0 41 36 32837 5335
5370 0 25 45 32831 5272
5370 0 9 54 32837 5308
5371 0 55 9 32842 5304
5371 0 7 18 32846 5325
5371 0 46 27 32835 5334
5371 0 41 36 32837 5336
5371 0 44 45 32846 5355
5371 0 24 54 32846 5313
5372 0 40 9 32845 5334
5372 0 7 18 32845 5287
5372 0 13 27 32836 5331
5372 0 4 36 32847 5345
5372 0 25 45 32831 5273
5372 0 9 54 32837 5309
5373 0 55 9 32842 5305
5373 0 7 18 32846 5326
5373 0 46 27 32835 5335
5373 0 41 36 32837 5337
5373 0 44 45 32846 5356
5373 0 24 54 32846 5314
5374 0 40 9 32845 5335
5374 0 7 18 32846 5327
5374 0 13 27 32836 5332
5374 0 4 36 32847 5346
5374 0 25 45 32831 5274
5374 0 9 54 32837 5310
5375 0 55 9 32842 5306
5375 0 7 18 32846 5328
5375 0 46 27 32835 5336
5375 0 4 36 32847 5347
5375 0 44 45 32846 5357
5375 0 24 54 32846 5315
5376 0 40 9 32845 5336
5376 0 7 18 32846 5329
5376 1 46 22 32837 5354
5376 0 34 27 32837 5349
5376 0 43 36 32844 5358
5376 0 25 45 32831 5275
5376 0 9 54 32837 5311
5377 0 55 9 32842 5307
5377 0 7 18 32846 5330
5377 0 46 27 32835 5337
5377 0 4 36 32847 5348
5377 0 44 45 32846 5358
5377 0 9 54 32837 5312
5378 0 40 9 32845 5337
5378 0 34 27 32837 5350
5378 0 43 36 32844 5359
5378 0 25 45 32831 5276
5378 1 27 47 32847 5332
5379 0 55 9 32842 5308
5379 0 46 27 32835 5338
5379 0 4 36 32847 5349
5379 0 44 45 32846 5359
5380 1 18 6 32833 5343
5380 0 5 9 32841 5345
5380 0 34 27 32837 5351
5380 0 43 36 32844 5360
5380 0 25 45 32831 5277
5381 0 9 9 32838 5365
5381 1 40 24 32846 5364
5381 0 46 27 32835 5339
5381 0 4 36 32847 5350
5381 0 44 45 32846 5360
5382 0 5 9 32841 5346
5382 0 34 27 32837 5352
5382 0 43 36 32844 5361
5382 0 46 45 32836 5348
5383 0 9 9 32838 5366
5383 0 6 27 32848 5341
5383 0 4 36 32847 5351
5384 0 43 0 32843 5337
5384 0 5 9 32841 5347
5384 0 43 36 32844 5362
5384 0 34 45 32836 5339
5385 0 43 0 32843 5338
5385 0 9 9 32838 5367
5385 0 34 27 32837 5353
5385 0 4 36 32847 5352
5385 0 46 45 32836 5349
5386 0 43 0 32843 5339
5386 0 5 9 32841 5348
5386 0 6 27 32848 5342
5386 0 43 36 32844 5363
5386 0 34 45 32836 5340
5387 0 21 0 32846 5345
5387 0 9 9 32838 5368
5387 0 34 27 32837 5354
5387 0 4 36 32847 5353
5387 0 46 45 32836 5350
5387 1 4 59 32846 5334
5388 0 43 0 32843 5340
5388 0 5 9 32841 5349
5388 1 6 23 32850 5366
5388 0 6 27 32848 5343
5388 0 43 36 32844 5364
5388 0 34 45 32836 5341
5389 0 21 0 32846 5346
5389 0 9 9 32838 5369
5389 0 34 27 32837 5356
5389 0 4 36 32847 5354
5389 1 36 41 32830 5362
5389 0 46 45 32836 5351
5390 0 43 0 32843 5341
5390 0 5 9 32841 5350
5390 0 6 27 32848 5344
5390 0 43 36 32844 5365
5390 0 34 45 32836 5342
5391 0 21 0 32846 5347
5391 0 9 9 32838 5370
5391 0 34 27 32837 5357
5391 0 52 36 32839 5361
5391 0 46 45 32836 5352
5392 0 43 0 32843 5342
5392 0 5 9 32841 5351
5392 0 6 27 32848 5345
5392 0 43 36 32844 5366
5392 0 34 45 32836 5343
5392 0 2 63 32815 5325
5393 0 21 0 32846 5348
5393 0 9 9 32838 5371
5393 0 34 27 32837 5358
5393 0 52 36 32839 5362
5393 0 46 45 32836 5353
5393 1 10 61 32840 5333
5393 0 2 63 32815 5326
5394 0 43 0 32843 5343
5394 0 5 9 32841 5352
5394 0 6 27 32848 5346
5394 0 43 36 32844 5367
5394 0 34 45 32836 5344
5394 0 2 63 32815 5327
5395 0 21 0 32846 5349
5395 0 9 9 32838 5372
5395 0 34 27 32837 5359
5395 0 52 36 32839 5363
5395 0 46 45 32836 5355
5395 0 2 63 32815 5328
5396 0 43 0 32843 5344
5396 0 5 9 32841 5353
5396 0 6 27 32848 5347
5396 0 14 36 32841 5358
5396 0 34 45 32836 5345
5396 0 2 63 32815 5329
5397 0 21 0 32846 5350
5397 0 9 9 32838 5380
5397 0 28 27 32834 5375
5397 0 52 36 32839 5364
5397 0 46 45 32836 5356
5397 0 2 63 32815 5330
5398 0 43 0 32843 5345
5398 1 37 8 32841 5346
5398 0 5 9 32841 5354
5398 0 6 27 32848 5348
5398 0 14 36 32841 5359
5398 0 34 45 32836 5346
5398 0 2 63 32815 5331
5399 0 21 0 32846 5351
5399 1 47 3 32839 5329
5399 0 9 9 32838 5382
5399 0 28 27 32834 5376
5399 0 52 36 32839 5365
5399 0 46 45 32836 5357
5399 0 2 63 32815 5332
5400 0 43 0 32843 5346
5400 0 55 9 32843 5326
5400 0 6 27 32848 5349
5400 0 14 36 32841 5360
5400 0 34 45 32836 5347
5400 0 2 63 32815 5333
5401 0 21 0 32846 5352
5401 0 41 9 32838 5367
5401 0 28 27 32834 5377
5401 0 52 36 32839 5366
5401 0 46 45 32836 5358
5401 0 2 63 32815 5334
5402 0 2 0 32816 5378
5402 1 10 2 32841 5390
5402 0 55 9 32843 5327
5402 0 6 27 32848 5350
5402 0 14 36 32841 5361
5402 0 34 45 32836 5348
5403 0 21 0 32846 5353
5403 0 41 9 32838 5368
5403 0 28 27 32834 5378
5403 0 52 36 32839 5367
5403 0 12 45 32830 5344
5404 0 2 0 32816 5379
5404 0 55 9 32843 5328
5404 0 51 27 32842 5376
5404 0 14 36 32841 5362
5404 0 12 45 32830 5345
5405 0 21 0 32846 5354
5405 0 41 9 32838 5369
5405 0 1 18 32828 5383
5405 0 28 27 32834 5379
5405 0 52 36 32839 5368
5405 0 12 45 32830 5346
5406 0 2 0 32816 5380
5406 0 55 9 32843 5329
5406 0 1 18 32828 5384
5406 0 51 27 32842 5377
5406 0 14 36 32841 5363
5406 0 12 45 32830 5347
5406 1 34 54 32838 5355
5406 0 23 63 32850 5374
5407 0 15 0 32834 5349
5407 0 41 9 32838 5370
5407 0 1 18 32828 5385
5407 0 28 27 32834 5380
5407 0 52 36 32839 5369
5407 0 12 45 32830 5348
5407 0 23 63 32850 5375
5408 0 2 0 32816 5381
5408 0 55 9 32843 5330
5408 0 1 18 32828 5386
5408 0 51 27 32842 5378
5408 0 14 36 32841 5364
5408 0 12 45 32830 5349
5408 0 23 63 32850 5376
5409 0 15 0 32834 5350
5409 0 41 9 32838 5371
5409 0 1 18 32828 5387
5409 0 28 27 32834 5381
5409 0 52 36 32839 5370
5409 0 12 45 32830 5350
5409 0 23 63 32850 5377
5410 0 2 0 32816 5382
5410 0 55 9 32843 5331
5410 0 1 18 32828 5388
5410 0 51 27 32842 5379
5410 0 14 36 32841 5365
5410 0 12 45 32830 5351
5410 0 23 63 32850 5378
5411 0 15 0 32834 5351
5411 0 41 9 32838 5372
5411 0 1 18 32828 5389
5411 0 28 27 32834 5382
5411 1 34 31 32839 5374
5411 1 62 33 32841 5364
5411 0 28 36 32835 5385
5411 0 0 45 32825 5354
5411 0 23 63 32850 5379
5412 0 2 0 32816 5383
5412 0 55 9 32843 5332
5412 0 1 18 32828 5390
5412 0 51 27 32842 5380
5412 0 14 36 32841 5366
5412 1 42 42 32841 5405
5412 0 12 45 32830 5352
5412 0 23 63 32850 5380
5413 0 15 0 32834 5352
5413 0 41 9 32838 5373
5413 0 1 18 32828 5391
5413 0 28 27 32834 5383
5413 0 28 36 32835 5386
5413 0 0 45 32825 5355
5413 0 23 63 32850 5381
5414 0 2 0 32816 5384
5414 0 55 9 32843 5333
5414 0 1 18 32828 5392
5414 0 51 27 32842 5381
5414 0 14 36 32841 5367
5414 0 12 45 32830 5353
5414 0 23 63 32850 5382
5415 0 15 0 32834 5353
5415 0 41 9 32838 5374
5415 0 28 27 32834 5384
5415 0 28 36 32835 5387
5415 0 0 45 32825 5356
5415 0 23 63 32850 5383
5416 0 2 0 32816 5385
5416 0 55 9 32843 5334
5416 0 51 27 32842 5382
5416 1 16 33 32843 5394
5416 0 44 36 32847 5404
5416 0 0 45 32825 5357
5416 1 19 57 32830 5374
5417 0 15 0 32834 5354
5417 0 41 9 32838 5375
5417 0 51 27 32842 5383
5417 0 28 36 32835 5388
5417 0 39 45 32842 5389
5418 0 2 0 32816 5386
5418 0 55 9 32843 5335
5418 0 51 27 32842 5384
5418 0 44 36 32847 5405
5418 0 0 45 32825 5358
5419 0 15 0 32834 5355
5419 0 41 9 32838 5376
5419 0 51 27 32842 5385
5419 0 28 36 32835 5389
5419 0 39 45 32842 5390
5420 0 2 0 32816 5387
5420 0 17 18 32833 5408
5420 0 44 36 32847 5406
5420 0 0 45 32825 5359
5421 0 15 0 32834 5356
5421 0 17 9 32832 5387
5421 0 8 18 32830 5399
5421 0 28 36 32835 5390
5421 0 39 45 32842 5391
5421 1 6 59 32849 5364
5421 0 53 63 32839 5399
5422 0 17 0 32831 5377
5422 0 17 9 32832 5388
5422 1 42 13 32840 5380
5422 0 17 18 32833 5409
5422 0 44 36 32847 5407
5422 0 0 45 32825 5360
5422 0 53 63 32839 5400
5423 0 15 0 32834 5357
5423 0 17 9 32832 5389
5423 0 8 18 32830 5400
5423 0 28 36 32835 5391
5423 0 39 45 32842 5392
5423 0 53 63 32839 5401
5424 0 17 0 32831 5378
5424 0 17 9 32832 5390
5424 0 17 18 32833 5410
5424 0 44 36 32847 5408
5424 0 0 45 32825 5361
5424 0 22 54 32841 5397
5424 0 53 63 32839 5402
5425 0 15 0 32834 5358
5425 0 17 9 32832 5391
5425 0 8 18 32830 5401
5425 0 28 36 32835 5392
5425 0 39 45 32842 5393
5425 0 54 54 32843 5418
5425 0 53 63 32839 5403
5426 0 17 0 32831 5379
5426 0 17 9 32832 5392
5426 0 17 18 32833 5411
5426 0 44 36 32847 5409
5426 0 0 45 32825 5362
5426 0 22 54 32841 5398
5426 0 53 63 32839 5404
5427 0 17 0 32831 5380
5427 0 54 9 32842 5370
5427 0 8 18 32830 5402
5427 0 28 36 32835 5393
5427 0 39 45 32842 5394
5427 0 54 54 32843 5419
5427 0 53 63 32839 5405
5428 0 17 0 32831 5381
5428 0 17 9 32832 5393
5428 0 17 18 32833 5412
5428 0 44 36 32847 5410
5428 0 0 45 32825 5363
5428 0 22 54 32841 5399
5428 0 53 63 32839 5406
5429 0 17 0 32831 5382
5429 0 54 9 32842 5371
5429 0 8 18 32830 5403
5429 0 28 36 32835 5394
5429 0 39 45 32842 5395
5429 0 54 54 32843 5420
5429 0 53 63 32839 5407
5430 0 17 0 32831 5383
5430 1 61 5 32842 5388
5430 0 17 9 32832 5394
5430 0 17 18 32833 5413
5430 0 44 36 32847 5411
5430 0 60 45 32837 5399
5430 0 22 54 32841 5400
5430 0 53 63 32839 5408
5431 0 17 0 32831 5384
5431 0 54 9 32842 5372
5431 0 8 18 32830 5404
5431 0 62 36 32842 5395
5431 0 39 45 32842 5396
5431 0 54 54 32843 5421
5432 0 17 0 32831 5385
5432 0 17 9 32832 5405
5432 0 17 18 32833 5414
5432 0 44 36 32847 5412
5432 0 60 45 32837 5400
5432 0 22 54 32841 5401
5433 0 17 0 32831 5386
5433 0 54 9 32842 5373
5433 0 8 18 32830 5405
5433 0 62 36 32842 5396
5433 0 39 45 32842 5397
5433 0 54 54 32843 5422
5434 0 17 9 32832 5407
5434 0 17 18 32833 5415
5434 0 44 36 32847 5413
5434 0 60 45 32837 5401
5434 0 22 54 32841 5403
5435 0 54 9 32842 5374
5435 0 8 18 32830 5406
5435 0 62 36 32842 5397
5435 0 39 45 32842 5398
5435 0 54 54 32843 5423
5436 0 7 9 32847 5385
5436 0 17 18 32833 5416
5436 0 14 36 32842 5393
5436 0 60 45 32837 5402
5436 0 22 54 32841 5404
5437 0 54 9 32842 5375
5437 0 8 18 32830 5407
5437 0 62 36 32842 5398
5437 0 28 45 32836 5395
5437 0 54 54 32843 5424
5438 0 7 9 32847 5386
5438 0 17 18 32833 5417
5438 0 14 36 32842 5394
5438 0 60 45 32837 5403
5438 0 22 54 32841 5405
5439 0 54 9 32842 5376
5439 0 8 18 32830 5408
5439 0 62 36 32842 5399
5439 0 28 45 32836 5396
5439 0 54 54 32843 5425
5440 0 7 9 32847 5387
5440 0 40 18 32847 5408
5440 0 14 36 32842 5395
5440 0 60 45 32837 5404
5440 0 22 54 32841 5406
5441 0 54 9 32842 5377
5441 0 40 18 32847 5409
5441 0 62 36 32842 5400
5441 0 28 45 32836 5397
5441 0 54 54 32843 5426
5442 0 7 9 32847 5388
5442 0 40 18 32847 5410
5442 0 14 36 32842 5396
5442 0 60 45 32837 5405
5442 0 22 54 32841 5407
5443 0 54 9 32842 5378
5443 0 40 18 32847 5411
5443 0 62 36 32842 5401
5443 0 28 45 32836 5398
5443 0 54 54 32843 5427
5444 0 7 9 32847 5389
5444 0 40 18 32847 5412
5444 1 22 33 32842 5402
5444 0 14 36 32842 5397
5444 0 60 45 32837 5406
5444 0 62 54 32843 5422
5445 0 54 9 32842 5379
5445 0 40 18 32847 5413
5445 0 62 36 32842 5402
5445 0 28 45 32836 5399
5445 0 23 54 32851 5395
5446 0 7 9 32847 5390
5446 0 40 18 32847 5414
5446 0 14 36 32842 5398
5446 0 60 45 32837 5407
5446 0 62 54 32843 5423
5447 0 25 9 32833 5425
5447 0 29 18 32825 5420
5447 0 62 36 32842 5403
5447 0 28 45 32836 5400
5447 0 23 54 32851 5396
5448 0 7 9 32847 5391
5448 0 40 18 32847 5415
5448 0 14 36 32842 5399
5448 0 60 45 32837 5408
5448 0 62 54 32843 5424
5449 0 25 9 32833 5426
5449 0 29 18 32825 5421
5449 0 5 27 32842 5417
5449 0 62 36 32842 5404
5449 0 28 45 32836 5401
5449 0 23 54 32851 5397
5450 0 7 9 32847 5392
5450 0 40 18 32847 5416
5450 0 5 27 32842 5418
5450 0 14 36 32842 5400
5450 0 30 45 32823 5403
5450 0 62 54 32843 5425
5451 0 25 9 32833 5427
5451 0 29 18 32825 5422
5451 0 5 27 32842 5419
5451 0 43 36 32845 5410
5451 0 28 45 32836 5402
5451 0 23 54 32851 5398
5452 0 7 9 32847 5393
5452 0 40 18 32847 5417
5452 1 58 22 32843 5400
5452 0 5 27 32842 5420
5452 0 14 36 32842 5401
5452 0 30 45 32823 5404
5452 0 62 54 32843 5426
5453 0 25 9 32833 5428
5453 0 29 18 32825 5423
5453 0 8 27 32831 5421
5453 0 43 36 32845 5411
5453 0 28 45 32836 5403
5453 0 23 54 32851 5399
5454 0 7 9 32847 5394
5454 0 29 18 32825 5424
5454 0 5 27 32842 5421
5454 0 14 36 32842 5402
5454 0 30 45 32823 5405
5454 0 62 54 32843 5427
5455 0 25 9 32833 5429
5455 0 29 18 32825 5425
5455 0 8 27 32831 5422
5455 0 43 36 32845 5412
5455 0 28 45 32836 5405
5455 0 23 54 32851 5400
5456 0 28 9 32837 5406
5456 0 29 18 32825 5426
5456 0 5 27 32842 5422
5456 0 61 36 32843 5407
5456 0 30 45 32823 5406
5456 0 62 54 32843 5428
5457 0 25 9 32833 5430
5457 0 29 18 32825 5427
5457 0 8 27 32831 5423
5457 0 43 36 32845 5413
5457 0 30 45 32823 5407
5457 0 23 54 32851 5401
5457 0 53 63 32840 5435
5458 0 28 9 32837 5407
5458 0 29 18 32825 5428
5458 0 5 27 32842 5423
5458 0 61 36 32843 5408
5458 0 20 45 32832 5400
5458 0 62 54 32843 5429
5458 0 53 63 32840 5436
5459 1 6 6 32851 5452
5459 0 25 9 32833 5431
5459 0 29 18 32825 5429
5459 0 8 27 32831 5424
5459 0 43 36 32845 5414
5459 0 30 45 32823 5408
5459 0 23 54 32851 5402
5459 0 53 63 32840 5437
5460 0 59 0 32839 5403
5460 0 28 9 32837 5408
5460 0 5 27 32842 5424
5460 0 61 36 32843 5409
5460 0 20 45 32832 5401
5460 0 62 54 32843 5430
5460 0 53 63 32840 5438
5461 0 59 0 32839 5404
5461 0 25 9 32833 5432
5461 0 8 27 32831 5425
5461 1 15 32 32835 5404
5461 0 43 36 32845 5415
5461 0 30 45 32823 5409
5461 0 23 54 32851 5403
5461 0 53 63 32840 5439
5462 0 59 0 32839 5405
5462 0 28 9 32837 5409
5462 0 5 27 32842 5425
5462 0 61 36 32843 5410
5462 0 20 45 32832 5402
5462 0 62 54 32843 5431
5462 0 53 63 32840 5440
5463 0 59 0 32839 5406
5463 0 25 9 32833 5433
5463 0 8 27 32831 5426
5463 0 43 36 32845 5416
5463 0 30 45 32823 5410
5463 0 23 54 32851 5404
5463 0 53 63 32840 5441
5464 0 56 0 32850 5422
5464 0 28 9 32837 5410
5464 0 5 27 32842 5426
5464 0 61 36 32843 5411
5464 0 20 45 32832 5403
5464 0 59 54 32840 5424
5464 0 53 63 32840 5442
5465 0 59 0 32839 5407
5465 0 25 9 32833 5434
5465 0 8 27 32831 5427
5465 0 43 36 32845 5417
5465 0 30 45 32823 5411
5465 0 7 54 32848 5403
5465 0 53 63 32840 5443
5466 0 56 0 32850 5423
5466 0 28 9 32837 5411
5466 1 34 14 32840 5424
5466 0 8 27 32831 5428
5466 0 61 36 32843 5412
5466 0 20 45 32832 5404
5466 0 59 54 32840 5425
5466 0 53 63 32840 5444
5467 0 59 0 32839 5408
5467 1 11 7 32840 5432
5467 0 28 9 32837 5412
5467 0 8 27 32831 5429
5467 0 43 36 32845 5418
5467 0 30 45 32823 5412
5467 0 7 54 32848 5404
5468 0 56 0 32850 5424
5468 0 26 9 32835 5429
5468 0 8 27 32831 5430
5468 0 61 36 32843 5413
5468 0 20 45 32832 5405
5468 0 59 54 32840 5426
5469 0 59 0 32839 5409
5469 0 28 9 32837 5414
5469 0 43 36 32845 5419
5469 0 20 45 32832 5406
5469 0 7 54 32848 5405
5470 0 56 0 32850 5425
5470 0 26 9 32835 5430
5470 1 47 14 32842 5438
5470 0 52 27 32840 5443
5470 0 61 36 32843 5414
5470 0 24 45 32848 5410
5470 0 59 54 32840 5427
5471 0 59 0 32839 5410
5471 0 28 9 32837 5417
5471 0 52 27 32840 5444
5471 1 44 33 32848 5444
5471 0 9 36 32839 5419
5471 0 20 45 32832 5407
5471 0 7 54 32848 5406
5472 0 56 0 32850 5426
5472 0 26 9 32835 5431
5472 0 52 27 32840 5445
5472 0 24 45 32848 5411
5472 0 59 54 32840 5428
5473 0 59 0 32839 5411
5473 0 28 9 32837 5418
5473 0 52 27 32840 5446
5473 0 61 36 32843 5415
5473 0 20 45 32832 5408
5473 0 7 54 32848 5407
5474 0 56 0 32850 5427
5474 0 26 9 32835 5432
5474 0 27 18 32849 5457
5474 0 52 27 32840 5447
5474 0 9 36 32839 5420
5474 1 9 39 32840 5422
5474 0 24 45 32848 5412
5474 0 59 54 32840 5429
5475 0 59 0 32839 5412
5475 0 8 9 32835 5461
5475 0 27 18 32849 5458
5475 0 52 27 32840 5448
5475 0 61 36 32843 5416
5475 0 20 45 32832 5409
5475 0 7 54 32848 5408
5476 0 56 0 32850 5428
5476 0 26 9 32835 5433
5476 0 27 18 32849 5459
5476 0 52 27 32840 5449
5476 0 9 36 32839 5421
5476 0 24 45 32848 5413
5476 0 59 54 32840 5430
5476 0 27 63 32848 5429
5477 0 56 0 32850 5429
5477 0 8 9 32835 5462
5477 0 27 18 32849 5460
5477 0 52 27 32840 5450
5477 0 9 36 32839 5423
5477 0 24 45 32848 5414
5477 0 7 54 32848 5409
5477 0 27 63 32848 5430
5478 0 11 0 32841 5448
5478 0 26 9 32835 5434
5478 0 27 18 32849 5461
5478 0 52 27 32840 5451
5478 0 9 36 32839 5424
5478 0 24 45 32848 5415
5478 0 59 54 32840 5431
5478 0 27 63 32848 5431
5479 0 56 0 32850 5430
5479 0 8 9 32835 5463
5479 0 27 18 32849 5462
5479 0 52 27 32840 5452
5479 0 9 36 32839 5425
5479 0 24 45 32848 5416
5479 0 7 54 32848 5410
5479 0 27 63 32848 5432
5480 0 11 0 32841 5449
5480 0 26 9 32835 5435
5480 0 27 18 32849 5463
5480 0 39 36 32844 5458
5480 0 24 45 32848 5417
5480 0 59 54 32840 5432
5480 0 27 63 32848 5433
5481 0 56 0 32850 5431
5481 0 8 9 32835 5464
5481 0 27 18 32849 5464
5481 0 9 36 32839 5426
5481 0 24 45 32848 5418
5481 0 7 54 32848 5411
5481 0 27 63 32848 5434
5482 0 11 0 32841 5450
5482 0 26 9 32835 5436
5482 0 27 18 32849 5465
5482 0 39 36 32844 5459
5482 0 24 45 32848 5419
5482 0 59 54 32840 5433
5482 0 27 63 32848 5435
5483 0 11 0 32841 5451
5483 0 8 9 32835 5465
5483 0 27 18 32849 5466
5483 0 9 36 32839 5427
5483 0 7 54 32848 5412
5483 0 27 63 32848 5436
5484 0 22 0 32843 5430
5484 0 26 9 32835 5437
5484 1 57 23 32844 5422
5484 0 39 36 32844 5460
5484 1 39 43 32843 5452
5484 0 47 54 32843 5459
5484 0 46 63 32838 5462
5485 0 11 0 32841 5452
5485 0 8 9 32835 5466
5485 0 26 27 32837 5473
5485 0 9 36 32839 5428
5485 0 47 54 32843 5460
5485 0 27 63 32848 5437
5486 0 22 0 32843 5431
5486 0 26 9 32835 5438
5486 0 54 27 32845 5449
5486 0 39 36 32844 5461
5486 0 47 54 32843 5461
5486 0 46 63 32838 5463
5487 0 11 0 32841 5453
5487 0 8 9 32835 5467
5487 0 26 27 32837 5474
5487 0 9 36 32839 5429
5487 0 47 54 32843 5462
5487 0 27 63 32848 5438
5488 0 22 0 32843 5432
5488 0 45 9 32829 5421
5488 0 54 27 32845 5450
5488 0 39 36 32844 5462
5488 0 47 54 32843 5463
5488 0 46 63 32838 5464
5489 0 11 0 32841 5454
5489 0 8 9 32835 5468
5489 0 26 27 32837 5475
5489 0 8 36 32833 5441
5489 0 47 54 32843 5464
5489 0 46 63 32838 5465
5490 0 22 0 32843 5433
5490 0 45 9 32829 5422
5490 0 54 27 32845 5451
5490 0 39 36 32844 5463
5490 0 34 54 32841 5453
5490 0 35 63 32843 5448
5491 0 11 0 32841 5455
5491 0 8 9 32835 5469
5491 0 26 27 32837 5476
5491 0 8 36 32833 5442
5491 0 47 54 32843 5465
5491 0 46 63 32838 5466
5492 0 22 0 32843 5434
5492 1 54 4 32844 5440
5492 0 45 9 32829 5423
5492 0 54 27 32845 5452
5492 0 39 36 32844 5464
5492 0 34 54 32841 5454
5492 0 35 63 32843 5449
5493 0 11 0 32841 5456
5493 0 8 9 32835 5470
5493 0 26 27 32837 5477
5493 0 8 36 32833 5443
5493 0 47 54 32843 5466
5493 0 46 63 32838 5467
5494 0 22 0 32843 5435
5494 0 45 9 32829 5424
5494 0 54 27 32845 5453
5494 0 39 36 32844 5465
5494 0 34 54 32841 5455
5494 0 35 63 32843 5450
5495 0 11 0 32841 5457
5495 0 47 9 32841 5418
5495 0 26 27 32837 5478
5495 0 8 36 32833 5444
5495 0 47 54 32843 5467
5495 0 46 63 32838 5468
5496 0 22 0 32843 5436
5496 0 45 9 32829 5425
5496 0 54 27 32845 5454
5496 0 39 36 32844 5466
5496 0 34 54 32841 5456
5496 0 35 63 32843 5451
5497 0 22 0 32843 5437
5497 0 47 9 32841 5419
5497 0 26 27 32837 5479
5497 0 8 36 32833 5445
5497 0 47 54 32843 5468
5497 0 46 63 32838 5469
5498 0 47 0 32840 5398
5498 0 45 9 32829 5426
5498 0 23 18 32852 5466
5498 0 54 27 32845 5455
5498 0 39 36 32844 5467
5498 0 34 54 32841 5457
5498 0 35 63 32843 5452
5499 0 22 0 32843 5438
5499 0 47 9 32841 5420
5499 0 23 18 32852 5467
5499 0 26 27 32837 5480
5499 1 57 30 32845 5447
5499 0 8 36 32833 5446
5499 0 34 54 32841 5458
5499 0 46 63 32838 5470
5500 0 47 0 32840 5399
5500 0 45 9 32829 5427
5500 0 23 18 32852 5468
5500 0 54 27 32845 5456
5500 0 26 36 32836 5463
5500 0 8 54 32832 5431
5500 0 35 63 32843 5453
5501 0 22 0 32843 5439
5501 0 47 9 32841 5421
5501 0 23 18 32852 5469
5501 0 26 27 32837 5481
5501 0 8 36 32833 5447
5501 0 34 54 32841 5459
5501 0 46 63 32838 5471
5502 0 47 0 32840 5400
5502 0 45 9 32829 5428
5502 0 23 18 32852 5470
5502 0 54 27 32845 5457
5502 0 26 36 32836 5464
5502 0 8 54 32832 5432
5502 0 35 63 32843 5454
5503 0 47 0 32840 5401
5503 0 47 9 32841 5422
5503 0 23 18 32852 5471
5503 0 26 27 32837 5482
5503 0 8 36 32833 5448
5503 0 34 54 32841 5460
5503 0 35 63 32843 5455
5504 0 47 0 32840 5402
5504 0 45 9 32829 5429
5504 0 23 18 32852 5472
5504 0 54 27 32845 5458
5504 0 26 36 32836 5465
5504 1 3 49 32844 5457
5504 0 8 54 32832 5433
5504 0 41 63 32839 5446
5505 0 22 0 32844 5440
5505 0 47 9 32841 5423
5505 0 21 18 32848 5483
5505 0 8 36 32833 5449
5505 0 34 54 32841 5461
5505 0 35 63 32843 5456
5506 0 47 0 32840 5403
5506 0 45 9 32829 5430
5506 0 23 18 32852 5473
5506 0 26 36 32836 5466
5506 0 8 54 32832 5434
5506 0 41 63 32839 5448
5507 0 22 0 32844 5441
5507 0 47 9 32841 5424
5507 0 21 18 32848 5484
5507 0 8 36 32833 5450
5507 0 34 54 32841 5462
5507 0 35 63 32843 5457
5508 0 47 0 32840 5404
5508 1 41 4 32841 5461
5508 0 47 9 32841 5425
5508 0 23 18 32852 5474
5508 0 26 36 32836 5467
5508 0 8 54 32832 5435
5508 0 41 63 32839 5449
5509 0 22 0 32844 5442
5509 0 53 9 32841 5445
5509 0 21 18 32848 5485
5509 0 26 36 32836 5468
5509 0 8 54 32832 5436
5509 0 41 63 32839 5450
5510 0 47 0 32840 5405
5510 0 47 9 32841 5426
5510 0 23 18 32852 5475
5510 0 8 36 32834 5451
5510 0 8 54 32832 5437
5510 0 49 63 32832 5464
5511 0 22 0 32844 5443
5511 0 53 9 32841 5446
5511 0 21 18 32848 5486
5511 0 26 36 32836 5469
5511 0 59 54 32841 5484
5511 0 41 63 32839 5451
5512 0 47 0 32840 5406
5512 0 47 9 32841 5427
5512 0 21 18 32848 5487
5512 0 8 36 32834 5452
5512 0 8 54 32832 5438
5512 0 49 63 32832 5465
5513 0 22 0 32844 5444
5513 0 53 9 32841 5447
5513 0 21 18 32848 5488
5513 0 26 36 32836 5470
5513 0 59 54 32841 5485
5513 0 41 63 32839 5452
5514 0 47 0 32840 5407
5514 1 43 5 32846 5472
5514 0 53 9 32841 5448
5514 1 41 15 32840 5447
5514 0 21 18 32848 5489
5514 0 8 36 32834 5453
5514 0 8 54 32832 5439
5514 0 49 63 32832 5466
5515 0 22 0 32844 5445
5515 0 53 9 32841 5449
5515 0 21 18 32848 5490
5515 1 11 25 32843 5487
5515 0 26 36 32836 5471
5515 0 59 54 32841 5486
5515 0 41 63 32839 5453
5516 0 22 0 32844 5446
5516 0 53 9 32841 5450
5516 0 19 18 32831 5504
5516 0 8 36 32834 5454
5516 0 8 54 32832 5440
5516 1 35 57 32844 5484
5516 0 49 63 32832 5467
5517 1 30 0 32824 5437
5517 0 53 9 32841 5451
5517 0 21 18 32848 5491
5517 0 26 36 32836 5472
5517 0 59 54 32841 5487
5517 0 41 63 32839 5454
5518 0 22 0 32844 5447
5518 0 63 9 32836 5449
5518 0 19 18 32831 5505
5518 0 8 36 32834 5455
5518 0 59 54 32841 5488
5518 0 49 63 32832 5468
5519 0 22 0 32844 5448
5519 0 53 9 32841 5452
5519 1 60 17 32838 5472
5519 0 21 18 32848 5492
5519 1 39 30 32845 5502
5519 0 53 36 32842 5493
5519 0 59 54 32841 5489
5519 0 41 63 32839 5455
5520 0 22 0 32844 5449
5520 0 63 9 32836 5450
5520 0 19 18 32831 5506
5520 0 59 54 32841 5490
5520 0 49 63 32832 5469
5521 0 53 9 32841 5453
5521 0 41 18 32842 5491
5521 0 8 36 32834 5456
5521 0 59 54 32841 5491
5521 0 41 63 32839 5456
5522 0 63 9 32836 5451
5522 0 53 36 32842 5494
5522 0 59 54 32841 5492
5522 0 49 63 32832 5470
5523 0 53 9 32841 5454
5523 0 19 18 32831 5507
5523 0 8 36 32834 5457
5523 0 59 54 32841 5493
5523 0 49 63 32832 5471
5524 0 63 9 32836 5452
5524 0 41 18 32842 5492
5524 0 53 36 32842 5495
5524 0 18 63 32834 5437
5525 0 63 9 32836 5453
5525 1 2 13 32817 5498
5525 0 19 18 32831 5508
5525 0 8 36 32834 5458
5525 1 9 44 32841 5478
5525 0 49 63 32832 5472
5526 0 63 9 32836 5454
5526 0 41 18 32842 5493
5526 0 53 36 32842 5496
5526 0 18 63 32834 5438
5527 0 63 9 32836 5455
5527 0 19 18 32831 5509
5527 0 8 36 32834 5459
5527 0 49 63 32832 5473
5528 0 63 9 32836 5456
5528 0 41 18 32842 5494
5528 0 61 27 32844 5491
5528 0 53 36 32842 5497
5528 0 18 63 32834 5439
5529 0 38 0 32859 5472
5529 0 63 9 32836 5457
5529 0 19 18 32831 5510
5529 0 61 27 32844 5492
5529 0 8 36 32834 5460
5529 0 3 54 32845 5476
5529 0 18 63 32834 5440
5530 0 38 0 32859 5473
5530 0 63 9 32836 5458
5530 0 41 18 32842 5495
5530 0 61 27 32844 5493
5530 0 53 36 32842 5498
5530 0 3 54 32845 5477
5530 0 21 63 32847 5456
5531 0 38 0 32859 5474
5531 0 19 18 32831 5511
5531 0 61 27 32844 5494
5531 0 30 36 32825 5497
5531 0 3 54 32845 5478
5531 1 3 61 32846 5479
5531 1 6 62 32852 5489
5531 0 18 63 32834 5441
5532 0 38 0 32859 5475
5532 0 41 18 32842 5496
5532 0 41 27 32843 5505
5532 0 53 36 32842 5499
5532 0 3 54 32845 5480
5532 0 21 63 32847 5457
5533 0 38 0 32859 5476
5533 0 51 9 32843 5488
5533 0 19 18 32831 5512
5533 0 61 27 32844 5495
5533 0 30 36 32825 5498
5533 0 3 54 32845 5481
5533 0 18 63 32834 5442
5534 0 38 0 32859 5477
5534 0 51 9 32843 5489
5534 0 41 18 32842 5497
5534 0 41 27 32843 5506
5534 0 53 36 32842 5500
5534 0 3 54 32845 5482
5534 0 21 63 32847 5458
5535 0 38 0 32859 5478
5535 0 51 9 32843 5490
5535 0 19 18 32831 5513
5535 0 61 27 32844 5496
5535 0 30 36 32825 5499
5535 1 40 42 32848 5518
5535 0 3 54 32845 5483
5535 0 18 63 32834 5443
5536 0 25 0 32834 5509
5536 0 51 9 32843 5491
5536 0 41 18 32842 5498
5536 0 41 27 32843 5507
5536 0 53 36 32842 5501
5536 0 3 54 32845 5484
5536 0 21 63 32847 5459
5537 0 38 0 32859 5479
5537 1 22 1 32845 5495
5537 0 51 9 32843 5492
5537 0 41 18 32842 5499
5537 0 61 27 32844 5497
5537 0 30 36 32825 5500
5537 0 3 54 32845 5485
5537 0 18 63 32834 5444
5538 0 25 0 32834 5510
5538 0 51 9 32843 5493
5538 0 41 18 32842 5500
5538 0 41 27 32843 5508
5538 0 53 36 32842 5502
5538 0 3 54 32845 5486
5538 0 21 63 32847 5460
5539 0 38 0 32859 5480
5539 0 51 9 32843 5494
5539 0 61 27 32844 5498
5539 0 30 36 32825 5501
5539 0 18 63 32834 5445
5540 0 25 0 32834 5511
5540 0 51 9 32843 5495
5540 0 41 27 32843 5509
5540 1 27 31 32850 5513
5540 0 16 36 32844 5483
5540 1 43 55 32847 5493
5540 0 21 63 32847 5461
5541 0 38 0 32859 5481
5541 1 6 4 32853 5524
5541 0 51 9 32843 5496
5541 0 61 27 32844 5499
5541 0 30 36 32825 5502
5541 0 18 63 32834 5446
5542 0 25 0 32834 5512
5542 0 51 9 32843 5497
5542 0 41 27 32843 5510
5542 0 16 36 32844 5484
5542 1 37 56 32842 5495
5542 0 21 63 32847 5462
5543 0 25 0 32834 5513
5543 0 61 27 32844 5500
5543 0 30 36 32825 5503
5543 0 21 63 32847 5463
5544 0 25 0 32834 5514
5544 0 41 27 32843 5511
5544 0 16 36 32844 5485
5544 0 53 63 32843 5507
5545 0 14 0 32843 5503
5545 0 8 27 32836 5510
5545 0 30 36 32825 5504
5545 0 14 54 32844 5513
5545 0 21 63 32847 5464
5546 0 25 0 32834 5515
5546 0 16 36 32844 5486
5546 0 14 54 32844 5514
5546 0 53 63 32843 5508
5547 0 14 0 32843 5504
5547 1 43 21 32848 5515
5547 0 41 27 32843 5512
5547 0 30 36 32825 5505
5547 1 34 49 32842 5525
5547 0 14 54 32844 5515
5547 0 21 63 32847 5465
5548 0 25 0 32834 5516
5548 0 8 27 32836 5511
5548 0 16 36 32844 5487
5548 1 35 48 32845 5516
5548 0 14 54 32844 5516
5548 0 53 63 32843 5509
5549 0 14 0 32843 5505
5549 0 41 27 32843 5513
5549 0 30 36 32825 5506
5549 0 14 54 32844 5517
5549 0 53 63 32843 5510
5550 0 25 0 32834 5517
5550 0 8 27 32836 5512
5550 0 16 36 32844 5488
5550 0 14 54 32844 5518
5550 0 12 63 32831 5449
5551 0 14 0 32843 5506
5551 0 50 9 32826 5514
5551 0 41 27 32843 5514
5551 0 47 36 32844 5515
5551 0 14 54 32844 5519
5551 0 53 63 32843 5511
5552 0 25 0 32834 5518
5552 0 50 9 32826 5515
5552 0 16 36 32844 5489
5552 0 14 54 32844 5520
5552 0 12 63 32831 5450
5553 0 14 0 32843 5507
5553 0 50 9 32826 5516
5553 0 8 27 32836 5513
5553 0 47 36 32844 5516
5553 0 14 54 32844 5521
5553 0 53 63 32843 5512
5554 0 14 0 32843 5508
5554 0 50 9 32826 5517
5554 0 8 27 32836 5514
5554 0 16 36 32844 5490
5554 0 14 54 32844 5522
5554 0 12 63 32831 5451
5555 0 32 0 32843 5528
5555 0 50 9 32826 5518
5555 1 9 11 32843 5538
5555 0 8 27 32836 5515
5555 0 47 36 32844 5517
5555 0 53 63 32843 5513
5556 0 14 0 32843 5509
5556 0 50 9 32826 5519
5556 0 8 27 32836 5516
5556 0 16 36 32844 5491
5556 0 12 63 32831 5452
5557 0 32 0 32843 5529
5557 0 50 9 32826 5520
5557 0 8 27 32836 5517
5557 0 47 36 32844 5518
5557 0 46 45 32839 5545
5557 0 53 63 32843 5514
5558 0 14 0 32843 5510
5558 0 50 9 32826 5521
5558 0 8 27 32836 5518
5558 0 16 36 32844 5492
5558 0 46 45 32839 5546
5558 0 12 63 32831 5453
5559 0 32 0 32843 5530
5559 0 50 9 32826 5522
5559 0 8 27 32836 5519
5559 0 47 36 32844 5519
5559 0 46 45 32839 5547
5559 0 53 63 32843 5515
5560 0 14 0 32843 5511
5560 0 50 9 32826 5523
5560 0 2 36 32818 5509
5560 0 46 45 32839 5548
5560 0 12 63 32831 5454
5561 0 32 0 32843 5531
5561 1 38 3 32860 5517
5561 0 47 36 32844 5520
5561 0 46 45 32839 5549
5561 1 15 48 32836 5494
5561 0 53 63 32843 5516
5562 0 14 0 32843 5512
5562 0 2 36 32818 5510
5562 1 9 43 32842 5525
5562 0 46 45 32839 5550
5562 0 12 63 32831 5455
5563 0 32 0 32843 5532
5563 1 43 31 32849 5526
5563 0 47 36 32844 5521
5563 0 46 45 32839 5551
5563 0 12 63 32831 5456
5564 0 32 0 32843 5533
5564 0 2 36 32818 5511
5564 0 46 45 32839 5552
5564 0 12 63 32831 5457
5565 0 32 0 32843 5534
5565 0 47 36 32844 5522
5565 0 46 45 32839 5553
5565 0 17 63 32834 5441
5566 0 32 0 32843 5535
5566 0 2 36 32818 5512
5566 0 46 45 32839 5554
5566 0 12 63 32831 5458
5567 0 58 0 32844 5514
5567 0 47 36 32844 5523
5567 1 15 40 32837 5505
5567 0 17 63 32834 5442
5568 0 32 0 32843 5536
5568 0 2 36 32818 5513
5568 0 17 63 32834 5443
5569 0 58 0 32844 5515
5569 0 47 36 32844 5524
5569 1 58 40 32845 5542
5569 0 17 63 32834 5444
5570 0 32 0 32843 5537
5570 0 2 36 32818 5514
5570 0 17 63 32834 5445
5571 0 58 0 32844 5516
5571 0 51 36 32844 5524
5571 0 11 63 32842 5463
5572 0 58 0 32844 5517
5572 0 2 36 32818 5515
5572 0 17 63 32834 5446
5573 0 58 0 32844 5518
5573 0 51 36 32844 5525
5573 0 7 45 32849 5531
5573 0 11 63 32842 5464
5574 0 58 0 32844 5519
5574 0 50 27 32827 5547
5574 0 2 36 32818 5516
5574 0 7 45 32849 5532
5574 0 17 63 32834 5447
5575 0 58 0 32844 5520
5575 0 50 27 32827 5548
5575 0 51 36 32844 5526
5575 0 7 45 32849 5533
5575 0 11 63 32842 5465
5576 0 58 0 32844 5521
5576 0 43 18 32850 5549
5576 0 50 27 32827 5549
5576 0 2 36 32818 5517
5576 0 7 45 32849 5534
5576 1 5 60 32843 5501
5576 0 17 63 32834 5448
5577 0 58 0 32844 5522
5577 0 43 18 32850 5550
5577 0 50 27 32827 5550
5577 0 51 36 32844 5527
5577 0 7 45 32849 5535
5577 0 11 63 32842 5466
5578 0 58 0 32844 5523
5578 0 43 18 32850 5551
5578 0 50 27 32827 5551
5578 0 2 36 32818 5518
5578 0 52 45 32841 5561
5578 0 17 63 32834 5449
5579 0 43 18 32850 5552
5579 0 50 27 32827 5552
5579 0 51 36 32844 5528
5579 0 7 45 32849 5536
5579 0 13 54 32837 5542
5579 0 11 63 32842 5467
5580 0 43 18 32850 5553
5580 0 50 27 32827 5553
5580 0 10 36 32842 5544
5580 0 52 45 32841 5562
5580 0 13 54 32837 5543
5580 0 17 63 32834 5450
5581 0 23 0 32854 5528
5581 0 43 18 32850 5554
5581 0 50 27 32827 5554
5581 0 51 36 32844 5529
5581 0 7 45 32849 5537
5581 0 13 54 32837 5544
5581 1 36 62 32831 5549
5581 0 11 63 32842 5468
5582 0 23 0 32854 5529
5582 0 43 18 32850 5555
5582 0 50 27 32827 5555
5582 0 10 36 32842 5545
5582 0 52 45 32841 5563
5582 1 55 46 32844 5565
5582 0 13 54 32837 5545
5582 1 56 62 32851 5545
5582 0 11 63 32842 5469
5583 0 23 0 32854 5530
5583 0 43 18 32850 5556
5583 0 50 27 32827 5556
5583 0 51 36 32844 5530
5583 0 7 45 32849 5538
5583 0 13 54 32837 5546
5583 0 57 63 32846 5546
5584 0 23 0 32854 5531
5584 0 43 18 32850 5557
5584 0 10 36 32842 5546
5584 0 52 45 32841 5564
5584 0 13 54 32837 5547
5584 0 11 63 32842 5470
5585 0 23 0 32854 5532
5585 0 43 18 32850 5558
5585 0 51 36 32844 5531
5585 0 7 45 32849 5539
5585 0 13 54 32837 5548
5585 1 62 57 32844 5553
5585 0 57 63 32846 5547
5586 0 23 0 32854 5533
5586 0 10 36 32842 5547
5586 0 52 45 32841 5565
5586 1 39 54 32846 5564
5586 0 11 63 32842 5473
5587 0 23 0 32854 5534
5587 0 3 9 32848 5565
5587 0 51 36 32844 5532
5587 0 7 45 32849 5540
5587 1 29 47 32826 5528
5587 0 13 54 32837 5549
5587 0 57 63 32846 5548
5588 0 23 0 32854 5535
5588 0 3 9 32848 5566
5588 0 10 36 32842 5548
5588 0 52 45 32841 5566
5588 0 13 54 32837 5550
5588 0 11 63 32842 5475
5589 0 23 0 32854 5536
5589 0 3 9 32848 5567
5589 0 51 36 32844 5533
5589 0 52 45 32841 5567
5589 0 13 54 32837 5551
5589 0 57 63 32846 5549
5590 0 23 0 32854 5537
5590 0 6 9 32854 5553
5590 0 10 36 32842 5549
5590 0 52 45 32841 5568
5590 0 18 63 32835 5447
5591 0 3 9 32848 5568
5591 0 10 36 32842 5550
5591 0 52 45 32841 5569
5591 0 57 63 32846 5550
5592 0 6 9 32854 5554
5592 0 38 18 32861 5555
5592 0 10 36 32842 5551
5592 0 52 45 32841 5570
5592 0 18 63 32835 5448
5593 0 3 9 32848 5569
5593 0 38 18 32861 5556
5593 0 10 36 32842 5552
5593 0 57 63 32846 5551
5594 0 6 9 32854 5555
5594 0 38 18 32861 5557
5594 0 10 36 32842 5553
5594 0 18 63 32835 5449
5595 0 3 9 32848 5570
5595 0 38 18 32861 5558
5595 0 57 63 32846 5552
5596 0 6 9 32854 5556
5596 0 38 18 32861 5559
5596 0 18 63 32835 5450
5597 1 12 6 32832 5575
5597 0 3 9 32848 5571
5597 0 38 18 32861 5560
5597 1 27 39 32851 5555
5597 0 57 63 32846 5553
5598 0 6 9 32854 5557
5598 0 18 63 32835 5451
5599 0 3 9 32848 5572
5599 1 40 21 32849 5552
5599 0 57 63 32846 5554
5600 0 6 9 32854 5558
5600 0 38 18 32861 5561
5600 0 18 63 32835 5452
5601 0 3 9 32848 5573
5601 1 17 39 32835 5543
5601 0 57 63 32846 5555
5602 0 6 9 32854 5559
5602 0 38 18 32861 5562
5602 0 18 63 32835 5453
5603 0 3 9 32848 5574
5603 0 23 63 32853 5504
5604 0 6 9 32854 5560
5604 0 38 18 32861 5563
5604 0 16 36 32845 5567
5604 0 18 63 32835 5454
5605 0 37 9 32843 5562
5605 0 16 36 32845 5568
5605 1 58 48 32846 5582
5605 0 23 63 32853 5505
5606 0 6 9 32854 5561
5606 0 38 18 32861 5564
5606 0 16 36 32845 5569
5606 0 18 63 32835 5455
5607 0 37 9 32843 5563
5607 1 29 32 32827 5570
5607 0 16 36 32845 5570
5607 0 25 54 32835 5557
5607 0 23 63 32853 5506
5608 0 6 9 32854 5562
5608 0 16 36 32845 5571
5608 0 25 54 32835 5558
5608 0 18 63 32835 5457
5609 0 37 9 32843 5564
5609 0 16 36 32845 5572
5609 0 25 54 32835 5559
5609 0 23 63 32853 5507
5610 0 37 9 32843 5565
5610 0 49 36 32833 5578
5610 1 10 48 32843 5568
5610 0 25 54 32835 5560
5610 0 23 63 32853 5508
5611 0 37 9 32843 5566
5611 0 16 36 32845 5573
5611 0 25 54 32835 5561
5611 0 23 63 32855 5538
5612 0 37 9 32843 5567
5612 1 62 25 32845 5560
5612 0 49 36 32833 5579
5612 0 21 54 32849 5580
5612 0 23 63 32853 5509
5613 1 59 2 32842 5566
5613 0 37 9 32843 5568
5613 1 44 22 32850 5581
5613 0 16 36 32845 5574
5613 0 25 54 32835 5562
5613 0 23 63 32855 5539
5614 0 37 9 32843 5569
5614 0 49 36 32833 5580
5614 0 21 54 32849 5581
5614 0 23 63 32853 5510
5615 0 37 9 32843 5570
5615 1 8 17 32837 5598
5615 0 16 36 32845 5575
5615 0 25 54 32835 5563
5615 0 23 63 32855 5540
5616 0 37 9 32843 5571
5616 0 59 27 32843 5589
5616 0 49 36 32833 5581
5616 0 21 54 32849 5582
5616 0 23 63 32853 5511
5617 0 31 18 32828 5580
5617 0 59 27 32843 5590
5617 0 16 36 32845 5576
5617 0 25 54 32835 5564
5617 0 23 63 32855 5541
5618 0 31 18 32828 5581
5618 0 59 27 32843 5591
5618 0 49 36 32833 5582
5618 0 21 54 32849 5583
5618 0 23 63 32853 5525
5619 0 31 18 32828 5582
5619 0 59 27 32843 5592
5619 0 3 36 32849 5580
5619 1 4 38 32848 5577
5619 0 25 54 32835 5565
5619 0 23 63 32855 5542
5620 0 31 18 32828 5583
5620 0 59 27 32843 5593
5620 0 49 36 32833 5583
5620 0 21 54 32849 5584
5620 0 23 63 32853 5527
5621 0 31 18 32828 5584
5621 0 59 27 32843 5594
5621 0 3 36 32849 5581
5621 0 25 54 32835 5566
5621 0 23 63 32855 5543
5622 0 31 18 32828 5585
5622 0 59 27 32843 5595
5622 0 49 36 32833 5584
5622 0 21 54 32849 5585
5622 0 23 63 32855 5544
5623 0 31 18 32828 5586
5623 0 59 27 32843 5596
5623 0 3 36 32849 5582
5623 0 56 54 32852 5571
5623 0 18 63 32836 5538
5624 1 44 7 32849 5577
5624 0 31 18 32828 5587
5624 0 59 27 32843 5597
5624 0 49 36 32833 5585
5624 0 21 54 32849 5586
5624 0 23 63 32855 5545
5625 0 31 18 32828 5588
5625 0 59 27 32843 5598
5625 0 3 36 32849 5583
5625 0 56 54 32852 5572
5625 0 18 63 32836 5539
5626 0 31 18 32828 5589
5626 0 49 36 32833 5586
5626 0 21 54 32849 5587
5626 0 23 63 32855 5547
5627 0 3 18 32850 5605
5627 0 3 36 32849 5584
5627 0 56 54 32852 5573
5627 0 18 63 32836 5540
5628 0 3 18 32850 5606
5628 0 49 36 32833 5587
5628 0 21 54 32849 5588
5628 0 23 63 32855 5549
5629 0 3 18 32850 5607
5629 0 3 36 32849 5585
5629 0 56 54 32852 5574
5629 0 18 63 32836 5541
5630 0 3 18 32850 5608
5630 0 28 36 32838 5604
5630 0 21 54 32849 5589
5630 0 18 63 32836 5542
5631 0 3 18 32850 5609
5631 0 3 36 32849 5586
5631 0 56 54 32852 5575
5631 0 26 63 32838 5547
5632 0 3 18 32850 5610
5632 0 28 36 32838 5605
5632 0 56 54 32852 5576
5632 0 18 63 32836 5543
5633 0 3 18 32850 5611
5633 0 3 36 32849 5587
5633 0 56 54 32852 5577
5633 0 26 63 32838 5548
5634 0 3 18 32850 5612
5634 0 28 36 32838 5606
5634 0 34 45 32843 5607
5634 0 56 54 32852 5578
5634 0 18 63 32836 5544
5635 0 3 18 32850 5613
5635 0 4 27 32849 5608
5635 0 3 36 32849 5588
5635 0 34 45 32843 5608
5635 0 56 54 32852 5579
5635 0 26 63 32838 5549
5636 0 3 18 32850 5614
5636 0 4 27 32849 5609
5636 0 28 36 32838 5607
5636 0 34 45 32843 5609
5636 0 56 54 32852 5580
5636 0 18 63 32836 5545
5637 0 4 27 32849 5610
5637 0 3 36 32849 5589
5637 0 34 45 32843 5610
5637 0 26 63 32838 5550
5638 1 16 14 32847 5596
5638 0 4 27 32849 5611
5638 0 28 36 32838 5608
5638 0 34 45 32843 5611
5638 0 18 63 32836 5546
5639 0 44 27 32851 5616
5639 1 38 36 32862 5611
5639 0 34 45 32843 5612
5639 0 26 63 32838 5551
5640 0 4 27 32849 5612
5640 0 28 36 32838 5609
5640 0 34 45 32843 5613
5640 0 0 54 32826 5573
5640 0 18 63 32836 5547
5641 0 44 27 32851 5617
5641 0 20 36 32833 5600
5641 0 34 45 32843 5614
5641 0 0 54 32826 5574
5641 0 26 63 32838 5552
5642 0 4 27 32849 5613
5642 0 28 36 32838 5610
5642 0 34 45 32843 5615
5642 0 0 54 32826 5575
5642 0 26 63 32838 5553
5643 0 44 27 32851 5618
5643 0 20 36 32833 5601
5643 0 34 45 32843 5616
5643 0 0 54 32826 5576
5643 0 41 63 32844 5577
5644 0 4 27 32849 5614
5644 0 28 36 32838 5611
5644 0 0 54 32826 5577
5644 0 26 63 32838 5554
5645 0 52 9 32842 5598
5645 0 44 27 32851 5619
5645 0 20 36 32833 5602
5645 0 0 54 32826 5578
5645 0 41 63 32844 5578
5646 0 52 9 32842 5599
5646 0 4 27 32849 5615
5646 0 28 36 32838 5612
5646 0 0 54 32826 5579
5646 0 26 63 32838 5555
5647 0 52 9 32842 5600
5647 1 51 18 32845 5614
5647 0 44 27 32851 5620
5647 0 20 36 32833 5603
5647 0 0 54 32826 5580
5647 0 41 63 32844 5579
5648 0 52 9 32842 5601
5648 0 4 27 32849 5616
5648 1 7 28 32852 5602
5648 0 28 36 32838 5613
5648 0 0 54 32826 5581
5648 0 26 63 32838 5556
5649 0 56 9 32853 5607
5649 0 44 27 32851 5621
5649 0 20 36 32833 5604
5649 0 0 54 32826 5582
5649 0 41 63 32844 5580
5650 0 52 9 32842 5602
5650 0 4 27 32849 5617
5650 0 37 36 32845 5636
5650 0 41 63 32844 5581
5651 0 56 9 32853 5608
5651 0 44 27 32851 5622
5651 0 20 36 32833 5605
5651 0 0 45 32827 5594
5651 0 3 63 32847 5547
5652 0 52 9 32842 5603
5652 0 7 27 32851 5600
5652 0 37 36 32845 5637
5652 0 0 45 32827 5595
5652 0 41 63 32844 5582
5653 0 56 9 32853 5609
5653 0 44 27 32851 5623
5653 0 20 36 32833 5606
5653 0 0 45 32827 5596
5653 0 3 63 32847 5548
5654 0 52 9 32842 5604
5654 0 7 27 32851 5601
5654 0 37 36 32845 5638
5654 0 0 45 32827 5597
5654 0 41 63 32844 5583
5655 0 56 9 32853 5610
5655 1 37 15 32844 5623
5655 0 44 27 32851 5624
5655 0 20 36 32833 5607
5655 0 0 45 32827 5598
5655 0 3 63 32847 5549
5656 1 45 2 32830 5609
5656 0 52 9 32842 5605
5656 0 7 27 32851 5603
5656 1 51 35 32847 5639
5656 0 37 36 32845 5639
5656 0 0 45 32827 5599
5656 0 41 63 32844 5584
5657 0 27 0 32852 5620
5657 0 56 9 32853 5611
5657 1 36 23 32832 5625
5657 0 44 27 32851 5625
5657 0 20 36 32833 5608
5657 0 0 45 32827 5600
5657 0 3 63 32847 5550
5658 0 27 0 32852 5621
5658 0 52 9 32842 5606
5658 0 7 27 32851 5604
5658 0 37 36 32845 5640
5658 0 0 45 32827 5601
5658 0 41 63 32844 5585
5659 0 27 0 32852 5622
5659 0 56 9 32853 5612
5659 0 7 27 32853 5611
5659 0 20 36 32833 5609
5659 0 0 45 32827 5602
5659 0 3 63 32847 5551
5660 0 27 0 32852 5623
5660 0 52 9 32842 5607
5660 0 7 27 32851 5605
5660 0 37 36 32845 5641
5660 0 0 45 32827 5603
5660 0 41 63 32844 5586
5661 0 27 0 32852 5624
5661 0 56 9 32853 5613
5661 0 7 27 32853 5612
5661 1 7 36 32850 5581
5661 0 3 63 32847 5552
5662 0 27 0 32852 5625
5662 0 56 9 32853 5614
5662 0 7 27 32851 5606
5662 0 37 36 32845 5642
5662 0 3 63 32847 5553
5663 0 27 0 32852 5626
5663 0 33 9 32827 5636
5663 0 7 27 32853 5613
5663 0 37 36 32845 5643
5663 0 22 63 32846 5602
5664 0 27 0 32852 5627
5664 0 56 9 32853 5615
5664 0 10 18 32844 5652
5664 0 7 27 32851 5607
5664 0 37 36 32845 5644
5664 0 3 63 32847 5554
5665 0 27 0 32852 5628
5665 0 33 9 32827 5637
5665 0 10 18 32844 5653
5665 0 7 27 32853 5614
5665 0 37 36 32845 5645
5665 0 22 63 32846 5603
5666 0 27 0 32852 5629
5666 0 56 9 32853 5616
5666 0 27 18 32853 5649
5666 0 7 27 32851 5608
5666 0 3 63 32847 5555
5667 0 33 9 32827 5638
5667 0 10 18 32844 5654
5667 1 51 23 32846 5620
5667 0 7 27 32853 5615
5667 1 54 46 32846 5655
5667 1 34 50 32844 5650
5667 0 22 63 32846 5604
5668 1 6 2 32855 5641
5668 0 33 9 32827 5639
5668 1 62 16 32846 5606
5668 0 27 18 32853 5650
5668 0 7 27 32851 5609
5668 0 3 63 32847 5556
5669 0 33 9 32827 5640
5669 0 10 18 32844 5655
5669 0 7 27 32853 5616
5669 0 22 63 32846 5605
5670 0 33 9 32827 5641
5670 0 27 18 32853 5651
5670 0 7 27 32851 5610
5670 0 50 36 32828 5643
5670 1 11 38 32844 5633
5670 0 22 63 32846 5606
5671 0 33 9 32827 5642
5671 0 10 18 32844 5656
5671 0 7 27 32853 5617
5671 0 50 36 32828 5644
5671 0 47 63 32845 5636
5672 0 33 9 32827 5643
5672 0 27 18 32853 5652
5672 0 7 27 32853 5618
5672 0 50 36 32828 5645
5672 0 22 63 32846 5607
5673 0 33 9 32827 5646
5673 0 10 18 32844 5657
5673 0 15 27 32838 5635
5673 0 16 36 32848 5636
5673 0 47 63 32845 5637
5674 0 33 9 32827 5648
5674 0 27 18 32853 5653
5674 1 8 21 32838 5637
5674 0 7 27 32853 5619
5674 0 50 36 32828 5646
5674 0 22 63 32846 5608
5675 0 39 9 32847 5622
5675 0 10 18 32844 5658
5675 0 15 27 32838 5636
5675 0 16 36 32848 5637
5675 0 47 63 32845 5638
5676 0 39 9 32847 5623
5676 0 27 18 32853 5654
5676 0 7 27 32853 5620
5676 0 50 36 32828 5647
5676 0 22 63 32846 5609
5677 0 39 9 32847 5624
5677 0 10 18 32844 5659
5677 0 15 27 32838 5637
5677 0 16 36 32848 5638
5677 0 46 54 32842 5665
5677 0 47 63 32845 5639
5678 0 39 9 32847 5625
5678 0 27 18 32853 5655
5678 1 0 23 32828 5626
5678 0 15 27 32838 5638
5678 0 50 36 32828 5648
5678 0 46 54 32842 5666
5678 1 46 55 32841 5638
5678 0 22 63 32846 5610
5679 1 36 8 32833 5637
5679 0 39 9 32847 5626
5679 0 10 18 32844 5660
5679 0 0 27 32829 5639
5679 0 16 36 32848 5639
5679 0 46 54 32842 5667
5679 0 47 63 32845 5640
5680 0 39 9 32847 5627
5680 1 62 14 32847 5643
5680 0 27 18 32853 5656
5680 0 15 27 32838 5639
5680 0 50 36 32828 5649
5680 0 46 54 32842 5668
5680 0 22 63 32846 5611
5681 0 39 9 32847 5628
5681 0 10 18 32844 5661
5681 0 0 27 32829 5640
5681 0 16 36 32848 5640
5681 0 46 54 32842 5669
5681 0 47 63 32845 5641
5682 0 39 9 32847 5629
5682 0 27 18 32853 5657
5682 1 55 25 32845 5630
5682 0 15 27 32838 5640
5682 0 50 36 32828 5650
5682 0 46 54 32842 5670
5682 0 47 63 32845 5642
5683 0 39 9 32847 5630
5683 0 27 18 32853 5658
5683 0 0 27 32829 5642
5683 1 0 28 32830 5641
5683 0 16 36 32848 5641
5683 0 46 54 32842 5671
5683 0 29 63 32828 5613
5684 0 39 9 32847 5631
5684 0 15 27 32838 5641
5684 0 50 36 32828 5651
5684 0 46 54 32842 5672
5684 0 47 63 32845 5643
5685 1 30 9 32826 5643
5685 0 0 27 32829 5643
5685 0 16 36 32848 5642
5685 0 46 54 32842 5673
5685 0 29 63 32828 5614
5686 0 15 27 32838 5642
5686 1 44 30 32853 5659
5686 0 50 36 32828 5652
5686 0 46 54 32842 5674
5686 0 47 63 32845 5648
5687 0 0 27 32829 5644
5687 0 16 36 32848 5643
5687 0 29 63 32828 5615
5688 0 15 27 32838 5643
5688 0 27 36 32854 5664
5688 1 52 45 32843 5671
5688 0 47 63 32845 5650
5689 0 14 0 32845 5647
5689 0 0 27 32829 5645
5689 0 16 36 32848 5644
5689 0 29 63 32828 5616
5690 0 14 0 32845 5648
5690 0 50 9 32829 5653
5690 0 36 18 32834 5663
5690 0 15 27 32838 5644
5690 0 27 36 32854 5665
5690 0 29 63 32828 5617
5691 0 14 0 32845 5649
5691 0 50 9 32829 5654
5691 0 36 18 32834 5664
5691 0 0 27 32829 5646
5691 0 16 36 32848 5645
5691 0 23 54 32856 5659
5691 0 46 63 32840 5630
5692 0 14 0 32845 5650
5692 0 50 9 32829 5655
5692 0 36 18 32834 5665
5692 0 35 27 32846 5670
5692 0 27 36 32854 5666
5692 0 23 54 32856 5660
5692 0 29 63 32828 5618
5693 0 14 0 32845 5651
5693 0 50 9 32829 5656
5693 0 36 18 32834 5666
5693 0 0 27 32829 5647
5693 0 27 36 32854 5667
5693 0 18 45 32837 5656
5693 1 33 52 32828 5661
5693 0 23 54 32856 5661
5693 0 46 63 32840 5631
5694 0 14 0 32845 5652
5694 0 50 9 32829 5657
5694 0 36 18 32834 5667
5694 0 35 27 32846 5671
5694 0 6 36 32856 5645
5694 0 18 45 32837 5657
5694 0 23 54 32856 5662
5694 0 29 63 32828 5619
5695 0 14 0 32845 5653
5695 0 50 9 32829 5658
5695 0 36 18 32834 5668
5695 0 0 27 32829 5648
5695 0 27 36 32854 5668
5695 0 18 45 32837 5658
5695 0 23 54 32856 5663
5695 0 46 63 32840 5632
5696 0 14 0 32845 5654
5696 0 50 9 32829 5659
5696 0 36 18 32834 5669
5696 0 35 27 32846 5672
5696 0 6 36 32856 5646
5696 0 18 45 32837 5659
5696 0 23 54 32856 5664
5696 0 29 63 32828 5620
5697 0 14 0 32845 5655
5697 0 50 9 32829 5660
5697 1 4 15 32850 5670
5697 0 36 18 32834 5670
5697 0 0 27 32829 5649
5697 0 27 36 32854 5669
5697 0 18 45 32837 5660
5697 0 23 54 32856 5665
5697 0 46 63 32840 5633
5698 0 14 0 32845 5656
5698 0 50 9 32829 5661
5698 0 36 18 32834 5671
5698 1 17 26 32836 5681
5698 0 35 27 32846 5673
5698 0 6 36 32856 5647
5698 0 18 45 32837 5661
5698 0 23 54 32856 5666
5698 0 29 63 32828 5621
5699 0 50 9 32829 5662
5699 0 36 18 32834 5672
5699 0 35 27 32846 5674
5699 0 27 36 32854 5670
5699 0 18 45 32837 5662
5699 0 23 54 32856 5667
5699 0 46 63 32840 5634
5700 1 4 9 32851 5671
5700 0 35 27 32846 5675
5700 0 6 36 32856 5648
5700 0 18 45 32837 5663
5700 0 23 54 32856 5668
5700 0 29 63 32828 5622
5701 0 1 0 32829 5689
5701 1 51 8 32848 5654
5701 0 23 27 32857 5669
5701 0 27 36 32854 5671
5701 0 18 45 32837 5664
5701 0 46 63 32840 5635
5702 0 1 0 32829 5690
5702 0 35 27 32846 5676
5702 0 6 36 32856 5649
5702 0 18 45 32837 5665
5702 0 46 63 32840 5636
5703 0 1 0 32829 5691
5703 0 23 27 32857 5670
5703 0 27 36 32854 5672
5703 0 44 63 32852 5645
5704 0 1 0 32829 5692
5704 0 35 27 32846 5677
5704 0 6 36 32856 5650
5704 0 46 63 32840 5637
5705 0 1 0 32829 5693
5705 0 23 27 32857 5671
5705 0 27 36 32854 5673
5705 0 44 63 32852 5646
5706 0 1 0 32829 5694
5706 0 35 27 32846 5678
5706 1 54 35 32847 5674
5706 0 6 36 32856 5651
5706 0 46 63 32840 5639
5707 0 1 0 32829 5695
5707 0 23 27 32857 5672
5707 0 42 36 32842 5681
5707 0 44 63 32852 5647
5708 0 1 0 32829 5696
5708 0 35 27 32846 5679
5708 0 6 36 32856 5652
5708 0 46 63 32840 5640
5709 0 1 0 32829 5697
5709 0 23 27 32857 5673
5709 0 42 36 32842 5682
5709 0 44 63 32852 5648
5710 0 1 0 32829 5698
5710 0 11 9 32845 5693
5710 0 2 18 32819 5693
5710 0 6 27 32857 5667
5710 0 6 36 32856 5653
5710 0 44 63 32852 5649
5711 0 7 9 32854 5668
5711 0 2 18 32819 5694
5711 0 23 27 32857 5674
5711 0 42 36 32842 5683
5711 0 16 63 32846 5590
5712 0 11 9 32845 5694
5712 0 2 18 32819 5695
5712 0 6 27 32857 5668
5712 0 6 36 32856 5654
5712 1 47 39 32846 5700
5712 0 44 63 32852 5650
5713 0 7 9 32854 5669
5713 0 52 18 32844 5676
5713 0 23 27 32857 5675
5713 0 42 36 32842 5684
5713 0 16 63 32846 5591
5714 0 11 9 32845 5695
5714 0 2 18 32819 5696
5714 0 6 27 32857 5669
5714 0 42 36 32842 5685
5714 0 44 63 32852 5651
5715 0 7 9 32854 5670
5715 0 52 18 32844 5677
5715 0 23 27 32857 5676
5715 0 42 36 32842 5686
5715 0 16 63 32846 5592
5716 0 11 9 32845 5696
5716 0 2 18 32819 5697
5716 1 57 19 32847 5666
5716 0 6 27 32857 5670
5716 0 42 36 32842 5687
5716 0 44 63 32852 5652
5717 0 7 9 32854 5671
5717 0 52 18 32844 5678
5717 0 23 27 32857 5677
5717 0 42 36 32842 5688
5717 0 16 63 32846 5593
5718 0 11 9 32845 5697
5718 0 2 18 32819 5698
5718 0 6 27 32857 5671
5718 0 42 36 32842 5689
5718 0 44 63 32852 5653
5719 0 7 9 32854 5672
5719 0 52 18 32844 5679
5719 0 23 27 32857 5678
5719 0 42 36 32842 5690
5719 1 59 61 32844 5702
5719 0 16 63 32846 5594
5720 0 11 9 32845 5698
5720 0 2 18 32819 5699
5720 0 6 27 32857 5672
5720 0 44 63 32852 5654
5721 0 7 9 32854 5673
5721 0 52 18 32844 5680
5721 0 26 27 32840 5709
5721 0 16 63 32846 5595
5722 0 11 9 32845 5699
5722 0 2 18 32819 5700
5722 0 6 27 32857 5673
5722 1 52 39 32846 5688
5722 0 16 63 32846 5597
5723 0 7 9 32854 5674
5723 0 52 18 32844 5681
5723 0 26 27 32840 5710
5723 0 5 63 32844 5608
5724 0 11 9 32845 5700
5724 0 2 18 32819 5701
5724 1 49 24 32834 5697
5724 0 6 27 32857 5674
5724 0 16 63 32846 5598
5725 0 7 9 32854 5675
5725 0 52 18 32844 5682
5725 1 26 23 32839 5688
5725 0 26 27 32840 5711
5725 0 5 63 32844 5609
5726 0 11 9 32845 5701
5726 0 2 18 32819 5702
5726 1 57 21 32848 5674
5726 0 6 27 32857 5675
5726 0 16 63 32846 5599
5727 0 7 9 32854 5676
5727 0 52 18 32844 5683
5727 0 26 27 32840 5712
5727 0 5 63 32844 5610
5728 0 11 9 32845 5702
5728 0 8 18 32839 5693
5728 0 6 27 32857 5676
5728 0 16 63 32846 5600
5729 0 7 9 32854 5677
5729 0 52 18 32844 5684
5729 0 26 27 32840 5713
5729 1 15 29 32842 5702
5729 1 56 61 32854 5697
5729 0 5 63 32844 5611
5730 0 8 18 32839 5694
5730 0 35 27 32847 5696
5730 0 5 63 32844 5612
5731 1 18 13 32838 5704
5731 0 52 18 32844 5685
5731 0 26 27 32840 5714
5731 0 54 63 32849 5706
5732 0 8 18 32839 5695
5732 0 35 27 32847 5697
5732 0 15 54 32840 5695
5732 0 5 63 32844 5613
5733 0 15 18 32839 5684
5733 0 26 27 32840 5715
5733 0 15 54 32840 5696
5733 0 54 63 32849 5707
5734 0 8 18 32839 5696
5734 0 35 27 32847 5698
5734 0 15 54 32840 5697
5734 0 5 63 32844 5614
5735 0 15 18 32839 5685
5735 0 26 27 32840 5716
5735 0 15 54 32840 5698
5735 0 54 63 32849 5708
5736 0 8 18 32839 5697
5736 0 35 27 32847 5699
5736 0 15 54 32840 5699
5736 0 5 63 32844 5615
5737 0 41 0 32845 5700
5737 0 15 18 32839 5686
5737 0 26 27 32840 5717
5737 1 5 47 32845 5686
5737 0 15 54 32840 5700
5737 0 54 63 32849 5709
5738 0 41 0 32845 5701
5738 0 8 18 32839 5698
5738 0 35 27 32847 5700
5738 0 15 54 32840 5701
5738 0 5 63 32844 5616
5739 0 41 0 32845 5702
5739 0 15 18 32839 5687
5739 0 26 27 32840 5718
5739 0 15 54 32840 5703
5739 0 54 63 32849 5710
5740 0 41 0 32845 5703
5740 0 8 18 32839 5699
5740 0 35 27 32847 5701
5740 0 15 54 32840 5704
5740 0 5 63 32844 5617
5741 0 41 0 32845 5704
5741 0 15 18 32839 5688
5741 0 54 27 32848 5696
5741 1 35 46 32848 5713
5741 0 15 54 32840 5705
5741 0 54 63 32849 5711
5742 0 41 0 32845 5705
5742 0 8 18 32839 5700
5742 0 35 27 32847 5702
5742 0 17 45 32837 5700
5742 0 54 63 32849 5712
5743 0 41 0 32845 5706
5743 0 15 18 32839 5689
5743 0 54 27 32848 5697
5743 0 13 45 32838 5714
5743 0 31 63 32829 5646
5744 0 52 0 32845 5686
5744 0 8 18 32839 5701
5744 0 35 27 32847 5703
5744 0 11 36 32846 5717
5744 0 17 45 32837 5701
5744 0 54 63 32849 5713
5745 0 41 0 32845 5707
5745 0 15 18 32839 5690
5745 0 54 27 32848 5698
5745 0 11 36 32846 5718
5745 0 13 45 32838 5715
5745 0 31 63 32829 5647
5746 0 52 0 32845 5687
5746 0 8 18 32839 5702
5746 0 35 27 32847 5704
5746 0 11 36 32846 5719
5746 0 17 45 32837 5702
5746 0 54 63 32849 5714
5747 0 41 0 32845 5708
5747 0 15 18 32839 5691
5747 0 54 27 32848 5699
5747 0 11 36 32846 5720
5747 0 13 45 32838 5716
5747 0 41 54 32846 5710
5747 0 31 63 32829 5648
5748 0 52 0 32845 5689
5748 0 18 18 32839 5739
5748 0 35 27 32847 5705
5748 0 11 36 32846 5721
5748 0 17 45 32837 5703
5748 0 41 54 32846 5711
5748 0 54 63 32849 5715
5749 0 41 0 32845 5709
5749 0 15 18 32839 5692
5749 0 54 27 32848 5700
5749 0 11 36 32846 5722
5749 0 13 45 32838 5717
5749 1 60 54 32840 5727
5749 0 31 63 32829 5649
5750 0 52 0 32845 5690
5750 1 34 14 32845 5708
5750 0 18 18 32839 5740
5750 1 44 21 32854 5723
5750 0 54 27 32848 5701
5750 0 11 36 32846 5723
5750 0 17 45 32837 5704
5750 0 41 54 32846 5712
5750 0 31 63 32829 5650
5751 0 7 0 32855 5705
5751 0 15 18 32839 5693
5751 0 54 27 32848 5702
5751 0 11 36 32846 5724
5751 0 13 45 32838 5718
5751 1 63 52 32837 5724
5751 0 41 54 32846 5713
5751 0 3 63 32851 5615
5752 0 52 0 32845 5691
5752 0 18 18 32839 5741
5752 0 54 27 32848 5703
5752 1 48 28 32842 5710
5752 0 11 36 32846 5725
5752 0 17 45 32837 5705
5752 0 41 54 32846 5714
5752 0 31 63 32829 5651
5753 0 7 0 32855 5706
5753 0 2 18 32820 5717
5753 0 54 27 32848 5704
5753 0 11 36 32846 5726
5753 0 13 45 32838 5719
5753 0 41 54 32846 5715
5753 0 3 63 32851 5616
5754 0 52 0 32845 5692
5754 0 18 18 32839 5742
5754 0 54 27 32848 5705
5754 0 17 45 32837 5706
5754 0 60 54 32841 5732
5754 0 31 63 32829 5652
5755 0 7 0 32855 5707
5755 0 2 18 32820 5718
5755 0 13 45 32838 5720
5755 1 27 46 32855 5723
5755 0 41 54 32846 5716
5755 0 3 63 32851 5617
5756 0 52 0 32845 5693
5756 0 18 18 32839 5743
5756 0 17 45 32837 5707
5756 0 60 54 32841 5733
5756 0 31 63 32829 5653
5757 0 7 0 32855 5708
5757 0 2 18 32820 5719
5757 0 1 27 32830 5725
5757 0 42 36 32843 5735
5757 0 13 45 32838 5721
5757 0 41 54 32846 5717
5757 0 3 63 32851 5618
5758 0 52 0 32845 5694
5758 0 18 18 32839 5744
5758 1 38 24 32863 5716
5758 0 56 27 32855 5716
5758 0 42 36 32843 5736
5758 0 17 45 32837 5708
5758 0 60 54 32841 5734
5758 0 31 63 32829 5656
5759 0 7 0 32855 5709
5759 0 2 18 32820 5720
5759 0 1 27 32830 5726
5759 0 42 36 32843 5737
5759 0 13 45 32838 5722
5759 0 41 54 32846 5718
5759 0 3 63 32851 5619
5760 0 52 0 32845 5695
5760 0 18 18 32839 5745
5760 0 56 27 32855 5717
5760 0 42 36 32843 5738
5760 0 17 45 32837 5709
5760 0 60 54 32841 5735
5760 0 31 63 32829 5657
5761 0 7 0 32855 5710
5761 0 2 18 32820 5721
5761 0 1 27 32830 5727
5761 0 42 36 32843 5739
5761 0 13 45 32838 5723
5761 0 41 54 32846 5719
5761 0 3 63 32851 5620
5762 0 52 0 32845 5696
5762 0 18 18 32839 5746
5762 0 56 27 32855 5718
5762 0 42 36 32843 5740
5762 0 57 45 32849 5707
5762 0 60 54 32841 5736
5762 0 3 63 32851 5621
5763 0 7 0 32855 5711
5763 0 2 18 32820 5722
5763 0 1 27 32830 5728
5763 0 42 36 32843 5741
5763 0 57 45 32849 5708
5763 1 48 47 32843 5716
5763 0 60 54 32841 5737
5763 0 57 63 32850 5726
5764 0 60 0 32839 5689
5764 0 18 18 32839 5747
5764 0 56 27 32855 5719
5764 0 42 36 32843 5742
5764 0 57 45 32849 5709
5764 0 38 54 32865 5743
5764 0 3 63 32851 5622
5765 0 7 0 32855 5712
5765 0 2 18 32820 5723
5765 0 1 27 32830 5729
5765 0 42 36 32843 5743
5765 0 57 45 32849 5710
5765 0 60 54 32841 5738
5765 0 57 63 32850 5727
5766 0 60 0 32839 5690
5766 0 18 18 32839 5749
5766 0 56 27 32855 5720
5766 0 42 36 32843 5744
5766 0 57 45 32849 5711
5766 0 38 54 32865 5744
5766 0 3 63 32851 5623
5767 0 7 0 32855 5713
5767 0 2 18 32820 5724
5767 0 1 27 32830 5730
5767 1 54 34 32850 5730
5767 0 57 45 32849 5712
5767 0 60 54 32841 5739
5767 0 57 63 32850 5728
5768 0 60 0 32839 5691
5768 0 2 18 32821 5727
5768 0 56 27 32855 5721
5768 0 57 45 32849 5713
5768 0 38 54 32865 5745
5768 0 3 63 32851 5624
5769 0 7 0 32855 5714
5769 0 2 18 32820 5725
5769 0 1 27 32830 5731
5769 0 57 45 32849 5714
5769 0 60 54 32841 5740
5769 0 57 63 32850 5729
5770 0 60 0 32839 5692
5770 0 2 18 32821 5728
5770 0 56 27 32855 5722
5770 0 57 45 32849 5715
5770 0 38 54 32865 5746
5770 0 30 63 32827 5714
5771 0 55 0 32846 5687
5771 0 2 18 32820 5726
5771 0 1 27 32830 5732
5771 0 57 45 32849 5716
5771 0 60 54 32841 5741
5771 0 57 63 32850 5730
5772 0 60 0 32839 5693
5772 0 2 18 32821 5729
5772 0 56 27 32855 5723
5772 0 38 54 32865 5747
5772 0 30 63 32827 5715
5773 0 55 0 32846 5688
5773 0 2 18 32821 5730
5773 0 1 27 32830 5733
5773 0 38 54 32865 5748
5773 0 57 63 32850 5731
5774 0 60 0 32839 5694
5774 0 56 27 32855 5724
5774 0 38 54 32865 5749
5774 0 30 63 32827 5716
5775 0 55 0 32846 5689
5775 0 2 18 32821 5731
5775 1 27 25 32856 5758
5775 0 1 27 32830 5734
5775 0 38 54 32865 5750
5775 0 57 63 32850 5732
5776 0 60 0 32839 5695
5776 0 2 18 32821 5732
5776 0 56 27 32855 5725
5776 0 38 54 32865 5751
5776 0 30 63 32827 5717
5777 0 55 0 32846 5690
5777 0 2 18 32821 5733
5777 0 38 27 32864 5733
5777 0 38 54 32865 5752
5777 0 57 63 32850 5733
5778 0 60 0 32839 5696
5778 1 23 9 32858 5736
5778 0 2 18 32821 5734
5778 0 38 27 32864 5734
5778 0 23 45 32859 5746
5778 0 30 63 32827 5718
5779 0 55 0 32846 5691
5779 0 2 18 32821 5735
5779 0 57 27 32851 5736
5779 0 23 45 32859 5747
5779 0 57 63 32850 5734
5780 0 60 0 32839 5697
5780 0 2 18 32821 5736
5780 0 38 27 32864 5735
5780 0 23 45 32859 5748
5780 0 30 63 32827 5719
5781 0 55 0 32846 5692
5781 0 57 27 32851 5737
5781 1 40 39 32850 5717
5781 0 23 45 32859 5749
5781 0 57 63 32850 5735
5782 0 60 0 32839 5698
5782 1 25 9 32836 5764
5782 0 38 27 32864 5736
5782 0 23 45 32859 5750
5782 0 30 63 32827 5720
5783 0 55 0 32846 5693
5783 0 57 27 32851 5738
5783 0 23 45 32859 5751
5783 0 46 63 32844 5744
5784 0 55 0 32846 5694
5784 1 46 1 32843 5726
5784 0 38 27 32864 5737
5784 0 23 45 32859 5752
5784 0 30 63 32827 5721
5785 0 55 0 32846 5695
5785 0 57 27 32851 5739
5785 0 23 45 32859 5753
5785 0 46 63 32844 5745
5786 0 55 0 32846 5696
5786 0 38 27 32864 5738
5786 0 23 45 32859 5754
5786 0 30 63 32827 5722
5787 0 57 27 32851 5740
5787 0 23 45 32859 5755
5787 0 46 63 32844 5746
5788 1 35 23 32849 5751
5788 0 38 27 32864 5739
5788 0 30 63 32827 5723
5789 0 57 27 32851 5741
5789 1 15 42 32841 5694
5789 0 46 63 32844 5747
5790 0 38 27 32864 5740
5790 1 15 36 32843 5753
5790 0 46 63 32844 5748
5791 0 57 27 32851 5742
5791 0 41 63 32847 5720
5792 0 38 27 32864 5741
5792 0 29 54 32829 5765
5792 0 46 63 32844 5749
5793 0 20 0 32834 5756
5793 0 57 27 32851 5743
5793 1 4 39 32852 5751
5793 0 29 54 32829 5766
5793 0 41 63 32847 5721
5794 0 20 0 32834 5757
5794 0 61 18 32845 5747
5794 0 38 27 32864 5742
5794 0 29 54 32829 5767
5794 0 46 63 32844 5750
5795 0 20 0 32834 5758
5795 0 61 18 32845 5748
5795 0 57 27 32851 5744
5795 0 29 54 32829 5768
5795 0 41 63 32847 5722
5796 0 20 0 32834 5759
5796 0 43 9 32851 5759
5796 0 61 18 32845 5749
5796 0 57 27 32851 5745
5796 0 29 54 32829 5769
5796 0 46 63 32844 5751
5797 0 20 0 32834 5760
5797 0 43 9 32851 5760
5797 0 61 18 32845 5750
5797 0 29 54 32829 5770
5797 0 41 63 32847 5723
5798 0 20 0 32834 5761
5798 0 43 9 32851 5761
5798 0 61 18 32845 5751
5798 0 29 54 32829 5771
5798 0 46 63 32844 5752
5799 0 20 0 32834 5762
5799 0 43 9 32851 5762
5799 0 61 18 32845 5752
5799 1 53 22 32844 5767
5799 0 29 54 32829 5772
5799 0 41 63 32847 5724
5800 0 20 0 32834 5763
5800 0 43 9 32851 5763
5800 0 61 18 32845 5753
5800 1 2 35 32822 5768
5800 0 41 36 32848 5773
5800 0 29 54 32829 5773
5800 0 46 63 32844 5753
5801 0 20 0 32834 5764
5801 0 43 9 32851 5764
5801 0 61 18 32845 5754
5801 0 41 36 32848 5774
5801 0 29 54 32829 5774
5801 0 41 63 32847 5725
5802 0 20 0 32834 5765
5802 0 43 9 32851 5765
5802 0 61 18 32845 5755
5802 0 41 36 32848 5775
5802 0 41 63 32847 5726
5803 0 43 9 32851 5766
5803 1 21 13 32851 5791
5803 0 61 18 32845 5756
5803 0 41 36 32848 5776
5803 0 21 63 32850 5736
5804 0 43 9 32851 5767
5804 0 41 36 32848 5777
5804 0 41 63 32847 5727
5805 0 43 9 32851 5768
5805 0 41 36 32848 5778
5805 0 21 63 32850 5737
5806 0 19 36 32832 5784
5806 0 41 63 32847 5728
5807 0 41 36 32848 5779
5807 0 21 63 32850 5738
5808 0 19 36 32832 5785
5808 0 41 63 32847 5729
5809 1 27 25 32858 5792
5809 0 41 36 32848 5780
5809 1 34 53 32846 5777
5809 0 21 63 32850 5739
5810 0 19 36 32832 5786
5810 1 8 44 32840 5762
5810 0 21 63 32850 5740
5811 0 41 36 32848 5781
5811 0 53 63 32845 5780
5812 1 30 3 32828 5775
5812 0 19 36 32832 5787
5812 0 21 63 32850 5741
5813 1 46 30 32847 5796
5813 0 41 36 32848 5782
5813 0 11 54 32847 5766
5813 0 53 63 32845 5781
5814 0 19 36 32832 5788
5814 0 11 54 32847 5767
5814 0 21 63 32850 5742
5815 0 19 36 32832 5789
5815 1 35 49 32850 5788
5815 0 11 54 32847 5768
5815 0 53 63 32845 5782
5816 0 19 36 32832 5790
5816 0 27 54 32857 5779
5816 0 21 63 32850 5743
5817 0 19 36 32832 5791
5817 0 11 54 32847 5769
5817 0 53 63 32845 5783
5818 0 19 36 32832 5792
5818 0 24 45 32849 5776
5818 0 27 54 32857 5780
5818 0 21 63 32850 5744
5819 0 19 36 32832 5793
5819 0 24 45 32849 5777
5819 0 11 54 32847 5770
5819 0 53 63 32845 5784
5820 1 54 2 32851 5763
5820 0 24 45 32849 5778
5820 0 27 54 32857 5781
5820 0 21 63 32850 5745
5821 0 24 45 32849 5779
5821 0 11 54 32847 5771
5821 0 53 63 32845 5785
5822 0 40 18 32852 5790
5822 0 24 45 32849 5780
5822 0 27 54 32857 5782
5822 0 53 63 32845 5786
5823 1 33 10 32829 5796
5823 0 40 18 32852 5791
5823 0 51 27 32849 5801
5823 0 63 36 32838 5786
5823 0 24 45 32849 5781
5823 0 11 54 32847 5772
5823 0 32 63 32844 5747
5824 0 40 18 32852 5792
5824 0 56 27 32856 5782
5824 0 63 36 32838 5787
5824 0 24 45 32849 5782
5824 0 27 54 32857 5783
5824 0 53 63 32845 5787
5825 0 46 18 32845 5783
5825 0 51 27 32849 5802
5825 0 63 36 32838 5788
5825 0 24 45 32849 5783
5825 0 11 54 32847 5773
5825 0 32 63 32844 5748
5826 0 40 18 32852 5793
5826 0 56 27 32856 5783
5826 0 63 36 32838 5789
5826 0 24 45 32849 5784
5826 0 27 54 32857 5784
5826 0 53 63 32845 5788
5827 0 61 0 32846 5760
5827 0 46 18 32845 5784
5827 0 51 27 32849 5803
5827 0 46 36 32848 5804
5827 0 24 45 32849 5785
5827 0 11 54 32847 5774
5827 0 32 63 32844 5749
5828 0 61 0 32846 5761
5828 0 40 18 32852 5794
5828 0 56 27 32856 5784
5828 0 63 36 32838 5790
5828 0 27 54 32857 5785
5828 0 53 63 32845 5789
5829 0 41 0 32849 5792
5829 0 46 18 32845 5785
5829 0 51 27 32849 5804
5829 0 46 36 32848 5805
5829 0 11 54 32847 5775
5829 0 32 63 32844 5750
5830 0 61 0 32846 5762
5830 0 40 18 32852 5795
5830 0 56 27 32856 5785
5830 0 63 36 32838 5791
5830 0 27 54 32857 5786
5830 0 32 63 32844 5751
5831 0 41 0 32849 5793
5831 0 46 18 32845 5786
5831 0 51 27 32849 5805
5831 0 46 36 32848 5806
5831 0 63 54 32839 5805
5831 0 17 63 32838 5752
5832 0 61 0 32846 5763
5832 0 40 18 32852 5796
5832 0 56 27 32856 5786
5832 0 63 36 32838 5792
5832 0 27 54 32857 5787
5832 0 32 63 32844 5752
5833 0 41 0 32849 5794
5833 0 46 18 32845 5787
5833 0 51 27 32849 5806
5833 1 40 30 32851 5786
5833 0 46 36 32848 5807
5833 1 43 45 32853 5816
5833 0 63 54 32839 5806
5833 0 17 63 32838 5753
5834 0 61 0 32846 5764
5834 0 40 18 32852 5797
5834 0 56 27 32856 5787
5834 0 63 36 32838 5793
5834 1 3 42 32852 5797
5834 0 27 54 32857 5788
5834 0 32 63 32844 5753
5835 0 41 0 32849 5795
5835 0 46 18 32845 5788
5835 0 51 27 32849 5807
5835 0 46 36 32848 5808
5835 0 34 45 32847 5808
5835 0 63 54 32839 5807
5835 0 17 63 32838 5754
5836 0 61 0 32846 5765
5836 0 40 18 32852 5798
5836 0 56 27 32856 5788
5836 0 63 36 32838 5794
5836 0 34 45 32847 5809
5836 1 2 54 32823 5769
5836 0 32 63 32844 5754
5837 0 41 0 32849 5796
5837 0 46 18 32845 5789
5837 0 51 27 32849 5808
5837 0 46 36 32848 5809
5837 0 34 45 32847 5810
5837 0 63 54 32839 5808
5837 0 17 63 32838 5755
5838 0 61 0 32846 5766
5838 0 40 18 32852 5799
5838 0 56 27 32856 5790
5838 1 55 29 32848 5806
5838 0 63 36 32838 5795
5838 0 34 45 32847 5811
5838 0 52 54 32847 5816
5838 0 32 63 32844 5755
5839 0 41 0 32849 5797
5839 0 46 18 32845 5790
5839 0 51 27 32849 5809
5839 0 46 36 32848 5810
5839 1 24 41 32851 5817
5839 0 34 45 32847 5812
5839 0 63 54 32839 5809
5839 0 17 63 32838 5756
5840 0 61 0 32846 5767
5840 0 46 18 32845 5791
5840 0 56 27 32856 5791
5840 0 24 36 32850 5799
5840 0 34 45 32847 5813
5840 0 52 54 32847 5817
5840 0 32 63 32844 5756
5841 0 41 0 32849 5798
5841 0 46 18 32846 5793
5841 0 51 27 32849 5810
5841 0 46 36 32848 5811
5841 0 34 45 32847 5814
5841 0 63 54 32839 5810
5841 0 17 63 32838 5757
5842 0 61 0 32846 5768
5842 0 46 18 32845 5792
5842 0 56 27 32856 5792
5842 0 24 36 32850 5800
5842 0 34 45 32847 5815
5842 0 52 54 32847 5819
5842 0 17 63 32838 5758
5843 0 41 0 32849 5799
5843 0 46 18 32846 5794
5843 0 46 36 32848 5812
5843 0 34 45 32847 5816
5843 0 63 54 32839 5811
5843 0 17 63 32838 5759
5844 0 61 0 32846 5769
5844 0 46 18 32846 5795
5844 1 49 31 32835 5792
5844 0 24 36 32850 5801
5844 0 34 45 32847 5817
5844 0 52 54 32847 5820
5844 0 17 63 32838 5760
5845 0 41 0 32849 5800
5845 0 46 18 32846 5797
5845 1 52 27 32848 5818
5845 0 46 36 32848 5813
5845 0 63 54 32839 5812
5845 0 17 63 32838 5761
5846 0 41 0 32849 5801
5846 1 2 7 32824 5814
5846 0 46 18 32846 5798
5846 1 56 21 32857 5789
5846 0 24 36 32850 5802
5846 0 52 54 32847 5821
5847 0 36 0 32835 5783
5847 0 46 18 32846 5799
5847 0 0 36 32831 5783
5847 0 63 54 32839 5813
5848 0 36 0 32835 5784
5848 0 38 9 32866 5792
5848 0 46 18 32846 5800
5848 0 25 27 32838 5831
5848 0 24 36 32850 5803
5848 0 52 54 32847 5822
5849 0 36 0 32835 5785
5849 0 38 9 32866 5793
5849 0 46 18 32846 5801
5849 0 25 27 32838 5832
5849 0 0 36 32831 5784
5849 0 63 54 32839 5814
5850 0 36 0 32835 5786
5850 0 38 9 32866 5794
5850 0 46 18 32846 5802
5850 0 25 27 32838 5833
5850 0 24 36 32850 5804
5850 0 52 54 32847 5823
5851 0 36 0 32835 5787
5851 0 38 9 32866 5795
5851 0 46 18 32846 5803
5851 0 25 27 32838 5834
5851 0 0 36 32831 5785
5851 0 16 45 32849 5803
5851 0 53 54 32846 5835
5852 0 36 0 32835 5788
5852 0 38 9 32866 5796
5852 0 25 27 32838 5835
5852 0 24 36 32850 5805
5852 0 16 45 32849 5804
5852 0 52 54 32847 5824
5853 0 36 0 32835 5789
5853 0 38 9 32866 5797
5853 0 25 27 32838 5836
5853 0 0 36 32831 5786
5853 0 16 45 32849 5805
5853 1 31 53 32830 5821
5853 0 53 54 32846 5836
5854 0 36 0 32835 5790
5854 0 38 9 32866 5798
5854 0 25 27 32838 5837
5854 0 24 36 32850 5806
5854 0 16 45 32849 5806
5854 0 52 54 32847 5825
5855 0 36 0 32835 5791
5855 0 38 9 32866 5799
5855 0 25 27 32838 5838
5855 0 0 36 32831 5787
5855 0 16 45 32849 5807
5855 0 53 54 32846 5837
5856 0 36 0 32835 5792
5856 0 38 9 32866 5800
5856 0 25 27 32838 5839
5856 0 24 36 32850 5807
5856 0 16 45 32849 5808
5856 0 52 54 32847 5826
5857 0 38 9 32866 5801
5857 0 25 27 32838 5840
5857 0 0 36 32831 5788
5857 0 14 45 32846 5825
5857 0 53 54 32846 5838
5858 1 47 34 32847 5813
5858 0 24 36 32850 5808
5858 0 16 45 32849 5810
5858 1 5 48 32846 5796
5858 0 53 54 32846 5839
5859 0 0 36 32831 5789
5859 0 14 45 32846 5826
5859 0 53 54 32846 5840
5860 0 46 36 32849 5814
5860 0 16 45 32849 5811
5860 0 53 54 32846 5841
5861 0 0 36 32831 5790
5861 1 16 39 32850 5809
5861 0 14 45 32846 5827
5861 0 53 54 32846 5842
5862 0 46 36 32849 5815
5862 0 16 45 32849 5812
5862 0 53 54 32846 5843
5863 0 0 36 32831 5791
5863 0 14 45 32846 5828
5863 0 53 54 32846 5844
5864 0 46 36 32849 5816
5864 0 16 45 32849 5813
5864 0 23 54 32860 5832
5865 0 0 36 32831 5792
5865 0 14 45 32846 5829
5865 0 25 54 32837 5817
5866 0 46 36 32849 5817
5866 0 55 45 32849 5835
5866 0 23 54 32860 5833
5867 0 43 36 32852 5811
5867 0 14 45 32846 5830
5867 0 25 54 32837 5818
5868 0 46 36 32849 5818
5868 0 55 45 32849 5836
5868 0 23 54 32860 5834
5869 0 43 36 32852 5812
5869 0 14 45 32846 5831
5869 0 25 54 32837 5819
5870 0 46 36 32849 5819
5870 0 55 45 32849 5837
5870 0 23 54 32860 5835
5871 1 63 2 32840 5804
5871 0 43 36 32852 5813
5871 0 14 45 32846 5832
5871 0 25 54 32837 5820
5872 1 62 27 32848 5830
5872 0 46 36 32849 5820
5872 0 55 45 32849 5838
5872 0 23 54 32860 5836
5872 1 32 60 32845 5830
5873 0 43 36 32852 5814
5873 0 14 45 32846 5833
5873 1 29 51 32830 5841
5873 0 25 54 32837 5821
5874 0 46 36 32849 5821
5874 0 55 45 32849 5839
5874 0 23 54 32860 5837
5875 0 24 27 32852 5853
5875 0 43 36 32852 5815
5875 0 14 45 32846 5834
5875 0 25 54 32837 5822
5876 0 24 27 32852 5854
5876 0 46 36 32849 5822
5876 0 55 45 32849 5840
5876 0 23 54 32860 5838
5876 0 48 63 32844 5825
5877 0 27 27 32859 5870
5877 0 43 36 32852 5817
5877 1 60 45 32842 5849
5877 0 25 54 32837 5823
5877 0 48 63 32844 5826
5878 1 7 16 32856 5825
5878 0 24 27 32852 5855
5878 0 46 36 32849 5823
5878 0 55 45 32849 5841
5878 0 23 54 32860 5839
5878 0 48 63 32844 5827
5879 1 24 25 32853 5867
5879 0 27 27 32859 5871
5879 0 43 36 32852 5818
5879 0 55 45 32849 5842
5879 0 25 54 32837 5824
5879 0 48 63 32844 5828
5880 0 24 27 32852 5856
5880 0 0 36 32832 5804
5880 0 55 45 32849 5843
5880 0 23 54 32860 5840
5880 0 48 63 32844 5829
5881 0 27 27 32859 5872
5881 0 55 45 32849 5844
5881 0 25 54 32837 5825
5881 0 48 63 32844 5830
5882 1 8 24 32841 5865
5882 0 24 27 32852 5857
5882 0 43 36 32852 5819
5882 0 23 54 32860 5841
5882 0 48 63 32844 5831
5883 0 27 27 32859 5873
5883 0 0 36 32832 5805
5883 0 25 54 32837 5826
5883 0 48 63 32844 5832
5884 0 24 27 32852 5858
5884 0 43 36 32852 5820
5884 1 10 59 32845 5842
5884 0 48 63 32844 5833
5885 0 27 27 32859 5874
5885 0 0 36 32832 5806
5885 1 50 61 32830 5858
5885 0 48 63 32844 5834
5886 0 24 27 32852 5859
5886 1 55 28 32847 5803
5886 0 43 36 32852 5821
5886 0 4 63 32853 5829
5887 1 59 9 32845 5840
5887 0 27 27 32859 5875
5887 0 0 36 32832 5807
5887 0 4 63 32853 5830
5888 0 24 27 32852 5860
5888 0 48 36 32845 5835
5888 0 4 63 32853 5831
5889 0 1 9 32831 5877
5889 0 27 27 32859 5876
5889 0 0 36 32832 5808
5889 1 13 55 32839 5847
5889 0 4 63 32853 5832
5890 0 1 9 32831 5878
5890 1 11 21 32848 5868
5890 0 24 27 32852 5861
5890 0 48 36 32845 5836
5890 0 4 63 32853 5833
5891 0 1 9 32831 5879
5891 0 27 27 32859 5877
5891 0 0 36 32832 5809
5891 1 16 56 32851 5859
5891 0 4 63 32853 5834
5892 0 1 9 32831 5880
5892 0 24 27 32852 5862
5892 0 48 36 32845 5837
5892 0 4 63 32853 5835
5893 0 1 9 32831 5881
5893 0 27 27 32859 5878
5893 0 0 36 32832 5810
5893 0 4 63 32853 5836
5894 0 0 9 32833 5877
5894 0 27 27 32859 5879
5894 0 48 36 32845 5838
5894 0 4 63 32853 5837
5895 0 1 9 32831 5882
5895 0 0 36 32832 5811
5895 0 4 63 32853 5838
5896 0 0 9 32833 5878
5896 0 48 36 32845 5839
5897 1 54 2 32852 5840
5897 0 1 9 32831 5883
5897 0 0 36 32832 5812
5898 0 0 9 32833 5879
5898 0 48 36 32845 5840
5899 0 1 9 32831 5884
5899 0 0 36 32832 5813
5899 0 62 54 32851 5887
5900 0 0 9 32833 5880
5900 0 48 36 32845 5841
5900 0 62 54 32851 5888
5901 0 1 9 32831 5885
5901 0 62 36 32849 5862
5901 0 33 54 32830 5859
5902 0 0 9 32833 5881
5902 1 31 22 32831 5885
5902 0 48 36 32845 5842
5902 0 62 54 32851 5889
5903 0 1 9 32831 5886
5903 0 62 36 32849 5863
5903 0 33 54 32830 5860
5904 0 0 9 32833 5882
5904 0 48 36 32845 5843
5904 0 62 54 32851 5890
5905 0 0 9 32833 5883
5905 0 62 36 32849 5864
5905 0 55 45 32850 5883
5905 0 33 54 32830 5861
5906 0 0 9 32833 5884
5906 0 48 36 32845 5844
5906 0 55 45 32850 5884
5906 0 62 54 32851 5891
5907 0 16 0 32852 5890
5907 0 0 9 32833 5885
5907 0 62 36 32849 5865
5907 0 55 45 32850 5885
5907 0 33 54 32830 5862
5908 0 16 0 32852 5891
5908 0 0 9 32833 5886
5908 0 7 36 32857 5855
5908 0 55 45 32850 5886
5908 0 62 54 32851 5892
5909 0 16 0 32852 5892
5909 0 62 36 32849 5866
5909 0 55 45 32850 5887
5909 0 33 54 32830 5863
5909 0 19 63 32833 5857
5910 0 16 0 32852 5893
5910 0 7 36 32857 5856
5910 0 55 45 32850 5888
5910 0 62 54 32851 5893
5910 0 61 63 32848 5893
5911 0 61 0 32847 5844
5911 0 62 36 32849 5867
5911 0 55 45 32850 5889
5911 0 33 54 32830 5864
5911 0 19 63 32833 5858
5912 0 16 0 32852 5894
5912 0 7 36 32857 5857
5912 0 55 45 32850 5890
5912 0 62 54 32851 5894
5912 0 61 63 32848 5894
5913 0 61 0 32847 5845
5913 0 4 18 32854 5886
5913 0 62 36 32849 5868
5913 0 55 45 32850 5891
5913 0 33 54 32830 5865
5913 0 19 63 32833 5859
5914 0 16 0 32852 5895
5914 0 4 18 32854 5887
5914 0 7 36 32857 5858
5914 0 55 45 32850 5892
5914 0 62 54 32851 5895
5914 0 61 63 32848 5895
5915 0 61 0 32847 5846
5915 0 4 18 32854 5888
5915 0 62 36 32849 5869
5915 0 33 54 32830 5866
5915 0 19 63 32833 5860
5916 0 16 0 32852 5896
5916 1 45 3 32831 5874
5916 0 39 9 32848 5864
5916 0 4 18 32854 5889
5916 0 7 36 32857 5859
5916 0 62 54 32851 5896
5916 0 61 63 32848 5896
5917 0 61 0 32847 5847
5917 0 51 9 32850 5875
5917 0 4 18 32854 5890
5917 0 62 36 32849 5870
5917 0 33 54 32830 5867
5917 0 19 63 32833 5861
5918 0 16 0 32852 5897
5918 0 39 9 32848 5865
5918 0 4 18 32854 5891
5918 0 7 36 32857 5860
5918 0 33 54 32830 5868
5918 0 61 63 32848 5897
5919 0 61 0 32847 5848
5919 0 51 9 32850 5876
5919 0 4 18 32854 5892
5919 0 62 36 32849 5871
5919 0 19 63 32833 5862
5920 0 16 0 32852 5898
5920 0 39 9 32848 5866
5920 1 11 16 32849 5893
5920 0 4 18 32854 5893
5920 1 55 31 32851 5898
5920 0 7 36 32857 5861
5920 0 61 63 32848 5898
5921 0 61 0 32847 5849
5921 0 51 9 32850 5877
5921 0 4 18 32854 5894
5921 0 40 36 32853 5874
5921 1 43 54 32854 5886
5921 0 19 63 32833 5863
5922 0 16 0 32852 5899
5922 0 39 9 32848 5867
5922 0 4 18 32854 5895
5922 0 7 36 32857 5862
5922 0 60 45 32843 5900
5922 0 61 63 32848 5899
5923 0 61 0 32847 5850
5923 0 51 9 32850 5878
5923 0 40 36 32853 5875
5923 0 60 45 32843 5901
5923 0 25 54 32839 5876
5923 0 19 63 32833 5864
5924 0 61 0 32847 5851
5924 0 39 9 32848 5868
5924 0 19 27 32834 5912
5924 0 7 36 32857 5863
5924 0 60 45 32843 5902
5924 1 50 51 32831 5912
5924 0 25 54 32839 5877
5924 0 61 63 32848 5900
5925 0 16 0 32853 5900
5925 0 51 9 32850 5879
5925 0 19 27 32834 5913
5925 0 40 36 32853 5876
5925 0 60 45 32843 5903
5925 0 25 54 32839 5878
5925 0 19 63 32833 5865
5926 0 61 0 32847 5852
5926 0 39 9 32848 5869
5926 0 19 27 32834 5914
5926 0 7 36 32857 5864
5926 0 25 54 32839 5879
5926 0 61 63 32848 5901
5927 0 16 0 32853 5901
5927 0 51 9 32850 5880
5927 0 19 27 32834 5915
5927 0 40 36 32853 5877
5927 0 60 45 32843 5904
5927 0 25 54 32839 5880
5927 0 19 63 32833 5866
5928 0 61 0 32847 5853
5928 0 39 9 32848 5870
5928 0 19 27 32834 5916
5928 0 40 36 32853 5878
5928 1 11 44 32850 5896
5928 0 60 45 32843 5905
5928 0 25 54 32839 5881
5928 0 61 63 32848 5902
5929 0 16 0 32853 5902
5929 0 51 9 32850 5881
5929 0 19 27 32834 5917
5929 0 40 36 32853 5879
5929 0 60 45 32843 5906
5929 0 25 54 32839 5882
5929 0 44 63 32855 5891
5930 0 16 0 32853 5903
5930 0 39 9 32848 5871
5930 0 19 27 32834 5918
5930 0 40 36 32853 5880
5930 0 60 45 32843 5907
5930 0 25 54 32839 5883
5930 0 62 63 32852 5906
5931 0 42 0 32844 5871
5931 0 51 9 32850 5882
5931 0 46 18 32850 5889
5931 0 19 27 32834 5919
5931 0 40 36 32853 5881
5931 0 34 45 32848 5904
5931 0 25 54 32839 5884
5931 0 44 63 32855 5892
5932 0 16 0 32853 5904
5932 0 39 9 32848 5872
5932 0 48 18 32847 5894
5932 0 19 27 32834 5920
5932 0 40 36 32853 5882
5932 0 60 45 32843 5908
5932 0 46 54 32852 5920
5932 0 62 63 32852 5907
5933 0 42 0 32844 5872
5933 0 51 9 32850 5883
5933 0 46 18 32850 5890
5933 0 19 27 32834 5921
5933 0 40 36 32853 5883
5933 0 34 45 32848 5905
5933 0 25 54 32839 5885
5933 0 44 63 32855 5893
5934 0 16 0 32853 5905
5934 0 39 9 32848 5873
5934 0 48 18 32847 5895
5934 0 60 45 32843 5909
5934 0 46 54 32852 5921
5934 0 62 63 32852 5908
5935 0 42 0 32844 5873
5935 0 51 9 32850 5884
5935 0 46 18 32850 5891
5935 0 34 45 32848 5906
5935 0 46 54 32852 5922
5935 0 44 63 32855 5894
5936 0 16 0 32853 5906
5936 0 48 18 32847 5896
5936 1 48 29 32846 5889
5936 0 34 45 32848 5907
5936 0 46 54 32852 5923
5936 0 62 63 32852 5909
5937 0 42 0 32844 5874
5937 0 46 18 32850 5892
5937 0 34 45 32848 5908
5937 0 46 54 32852 5924
5937 0 44 63 32855 5895
5938 0 16 0 32853 5907
5938 0 38 9 32867 5878
5938 0 48 18 32847 5897
5938 0 34 45 32848 5909
5938 0 56 54 32858 5896
5938 0 62 63 32852 5910
5939 0 42 0 32844 5875
5939 1 10 4 32847 5917
5939 0 28 9 32839 5894
5939 1 21 13 32852 5927
5939 0 46 18 32850 5893
5939 0 34 45 32848 5910
5939 0 46 54 32852 5925
5939 0 44 63 32855 5896
5940 0 16 0 32853 5913
5940 0 38 9 32867 5879
5940 0 48 18 32847 5898
5940 0 53 36 32847 5918
5940 0 34 45 32848 5911
5940 0 56 54 32858 5897
5940 0 62 63 32852 5911
5941 0 42 0 32844 5876
5941 0 28 9 32839 5895
5941 0 46 18 32850 5894
5941 0 53 36 32847 5919
5941 0 34 45 32848 5912
5941 0 46 54 32852 5926
5941 0 44 63 32855 5897
5942 0 16 0 32853 5915
5942 0 38 9 32867 5880
5942 0 48 18 32847 5899
5942 0 12 27 32833 5920
5942 1 51 34 32851 5903
5942 0 53 36 32847 5920
5942 0 34 45 32848 5913
5942 0 56 54 32858 5898
5942 0 62 63 32852 5912
5943 0 42 0 32844 5877
5943 0 28 9 32839 5896
5943 0 46 18 32850 5895
5943 0 12 27 32833 5921
5943 0 53 36 32847 5921
5943 0 46 54 32852 5927
5943 0 44 63 32855 5898
5944 0 42 0 32844 5878
5944 0 38 9 32867 5881
5944 0 48 18 32847 5900
5944 0 12 27 32833 5922
5944 0 53 36 32847 5922
5944 0 56 54 32858 5899
5944 0 62 63 32852 5913
5945 0 42 0 32844 5879
5945 0 28 9 32839 5897
5945 0 46 18 32850 5896
5945 0 12 27 32833 5923
5945 0 53 36 32847 5923
5945 0 46 54 32852 5928
5945 0 44 63 32855 5899
5946 0 42 0 32844 5880
5946 0 38 9 32867 5882
5946 0 48 18 32847 5901
5946 0 12 27 32833 5924
5946 1 11 30 32851 5914
5946 0 53 36 32847 5924
5946 0 56 54 32858 5900
5946 0 62 63 32852 5914
5947 0 28 9 32839 5898
5947 0 46 18 32850 5897
5947 0 12 27 32833 5925
5947 0 53 36 32847 5925
5947 0 46 54 32852 5929
5947 0 44 63 32855 5900
5948 0 38 9 32867 5883
5948 0 48 18 32847 5902
5948 0 12 27 32833 5926
5948 0 53 36 32847 5926
5948 0 56 54 32858 5901
5948 0 62 63 32852 5915
5949 0 28 9 32839 5899
5949 0 46 18 32850 5898
5949 0 12 27 32833 5927
5949 0 53 36 32847 5927
5949 0 58 45 32847 5917
5949 0 50 54 32832 5920
5949 0 46 63 32851 5910
5950 0 38 9 32867 5884
5950 0 48 18 32847 5903
5950 0 14 27 32847 5918
5950 0 58 45 32847 5918
5950 0 56 54 32858 5902
5950 0 10 63 32846 5878
5951 0 28 9 32839 5900
5951 1 2 17 32826 5929
5951 0 2 18 32825 5928
5951 0 12 27 32833 5928
5951 0 58 45 32847 5919
5951 0 50 54 32832 5921
5951 0 46 63 32851 5911
5952 0 25 0 32840 5925
5952 0 38 9 32867 5885
5952 0 7 18 32858 5910
5952 0 14 27 32847 5919
5952 0 58 45 32847 5920
5952 0 56 54 32858 5903
5952 0 10 63 32846 5879
5953 0 25 0 32840 5926
5953 0 28 9 32839 5901
5953 0 2 18 32825 5930
5953 0 12 27 32833 5929
5953 0 58 45 32847 5921
5953 0 50 54 32832 5922
5953 0 46 63 32851 5912
5954 0 25 0 32840 5927
5954 0 38 9 32867 5886
5954 0 7 18 32858 5911
5954 0 14 27 32847 5920
5954 0 58 45 32847 5922
5954 0 56 54 32858 5904
5954 0 10 63 32846 5880
5955 0 25 0 32840 5928
5955 0 28 9 32839 5902
5955 0 2 18 32825 5931
5955 0 25 27 32841 5935
5955 0 58 45 32847 5923
5955 0 50 54 32832 5923
5955 0 46 63 32851 5913
5956 0 25 0 32840 5929
5956 0 38 9 32867 5887
5956 0 7 18 32858 5912
5956 0 14 27 32847 5921
5956 0 58 45 32847 5924
5956 0 56 54 32858 5905
5956 0 10 63 32846 5881
5957 0 25 0 32840 5930
5957 0 28 9 32839 5903
5957 0 2 18 32825 5932
5957 0 25 27 32841 5936
5957 0 29 45 32831 5940
5957 0 50 54 32832 5924
5957 0 46 63 32851 5914
5958 0 25 0 32840 5931
5958 0 7 18 32858 5913
5958 0 14 27 32847 5922
5958 0 58 45 32847 5925
5958 0 44 54 32856 5925
5958 0 10 63 32846 5882
5959 0 25 0 32840 5932
5959 0 62 9 32850 5872
5959 0 2 18 32825 5933
5959 0 25 27 32841 5937
5959 0 29 45 32831 5941
5959 0 50 54 32832 5925
5959 0 46 63 32851 5915
5960 0 25 0 32840 5933
5960 0 43 9 32855 5902
5960 0 7 18 32858 5914
5960 0 14 27 32847 5923
5960 1 25 32 32842 5943
5960 0 58 45 32847 5926
5960 0 44 54 32856 5926
5960 0 10 63 32846 5883
5961 0 25 0 32840 5934
5961 0 62 9 32850 5873
5961 1 36 13 32836 5934
5961 0 2 18 32825 5934
5961 0 25 27 32841 5938
5961 0 29 45 32831 5942
5961 0 50 54 32832 5926
5961 0 46 63 32851 5916
5962 0 43 9 32855 5903
5962 0 7 18 32858 5915
5962 0 14 27 32847 5924
5962 0 29 45 32831 5943
5962 0 44 54 32856 5927
5962 0 10 63 32846 5884
5963 0 62 9 32850 5874
5963 0 2 18 32825 5935
5963 0 25 27 32841 5939
5963 0 29 45 32831 5944
5963 0 50 54 32832 5927
5963 0 46 63 32851 5917
5964 1 48 2 32848 5910
5964 0 43 9 32855 5904
5964 0 7 18 32858 5916
5964 0 14 27 32847 5925
5964 0 29 45 32831 5945
5964 0 44 54 32856 5928
5964 0 10 63 32846 5885
5965 0 62 9 32850 5875
5965 0 2 18 32825 5936
5965 0 25 27 32841 5940
5965 0 29 45 32831 5946
5965 0 50 54 32832 5928
5965 0 46 63 32851 5918
5966 0 43 9 32855 5905
5966 0 7 18 32858 5917
5966 0 14 27 32847 5926
5966 0 56 36 32859 5924
5966 1 61 44 32850 5944
5966 0 29 45 32831 5947
5966 0 44 54 32856 5929
5966 0 10 63 32846 5886
5967 0 62 9 32850 5876
5967 0 2 18 32825 5937
5967 0 25 27 32841 5941
5967 0 56 36 32859 5925
5967 0 29 45 32832 5950
5967 0 50 54 32832 5929
5967 0 46 63 32851 5919
5968 0 43 9 32855 5906
5968 0 7 18 32858 5918
5968 0 14 27 32847 5927
5968 0 56 36 32859 5926
5968 0 29 45 32831 5948
5968 0 44 54 32856 5930
5968 0 10 63 32846 5887
5969 0 62 9 32850 5877
5969 0 2 18 32825 5938
5969 0 25 27 32841 5942
5969 0 56 36 32859 5927
5969 0 29 45 32832 5951
5969 0 58 54 32848 5931
5970 0 43 9 32855 5907
5970 0 7 18 32858 5919
5970 0 39 27 32849 5928
5970 0 56 36 32859 5928
5970 0 29 45 32831 5949
5970 0 44 54 32856 5931
5970 0 4 63 32855 5912
5971 0 62 9 32850 5878
5971 0 60 18 32844 5920
5971 0 25 27 32841 5944
5971 0 56 36 32859 5929
5971 0 29 45 32832 5952
5971 0 58 54 32848 5932
5971 0 22 63 32847 5927
5972 0 27 0 32860 5935
5972 0 43 9 32855 5908
5972 0 60 18 32844 5921
5972 0 39 27 32849 5929
5972 0 56 36 32859 5930
5972 0 29 45 32832 5953
5972 0 44 54 32856 5932
5972 0 4 63 32855 5913
5973 0 27 0 32860 5936
5973 0 62 9 32850 5879
5973 0 60 18 32844 5922
5973 0 25 27 32841 5945
5973 0 29 45 32832 5954
5973 0 58 54 32848 5933
5973 0 22 63 32847 5928
5974 0 27 0 32860 5937
5974 0 43 9 32855 5909
5974 0 60 18 32844 5923
5974 0 39 27 32849 5930
5974 0 56 36 32859 5931
5974 0 29 45 32832 5955
5974 1 6 51 32858 5922
5974 0 44 54 32856 5933
5974 0 4 63 32855 5914
5975 0 27 0 32860 5938
5975 0 62 9 32850 5880
5975 0 60 18 32844 5924
5975 0 39 27 32849 5931
5975 0 56 36 32859 5932
5975 0 29 45 32832 5956
5975 0 58 54 32848 5934
5975 0 22 63 32847 5929
5976 0 27 0 32860 5939
5976 0 43 9 32855 5910
5976 0 60 18 32844 5925
5976 1 41 19 32850 5944
5976 0 39 27 32849 5932
5976 0 2 36 32827 5939
5976 0 44 54 32856 5934
5976 0 4 63 32855 5915
5977 0 27 0 32860 5940
5977 0 62 9 32850 5881
5977 0 60 18 32844 5926
5977 0 39 27 32849 5933
5977 0 56 36 32859 5933
5977 0 29 45 32832 5957
5977 0 58 54 32848 5935
5977 0 22 63 32847 5930
5978 0 27 0 32860 5941
5978 0 43 9 32855 5911
5978 0 60 18 32844 5927
5978 0 39 27 32849 5934
5978 0 2 36 32827 5940
5978 0 29 45 32832 5958
5978 0 43 54 32856 5925
5978 0 4 63 32855 5916
5979 0 27 0 32860 5942
5979 0 60 18 32844 5928
5979 0 39 27 32849 5935
5979 0 2 36 32827 5941
5979 0 29 45 32832 5959
5979 0 58 54 32848 5936
5979 0 22 63 32847 5931
5980 0 27 0 32860 5943
5980 0 17 9 32839 5952
5980 0 60 18 32844 5929
5980 0 39 27 32849 5936
5980 0 46 36 32853 5958
5980 0 43 54 32856 5926
5980 0 4 63 32855 5917
5981 0 27 0 32860 5944
5981 0 20 9 32835 5932
5981 0 10 18 32848 5969
5981 0 39 27 32849 5937
5981 0 2 36 32827 5942
5981 0 11 45 32852 5944
5981 0 58 54 32848 5937
5981 0 22 63 32847 5932
5982 0 17 9 32839 5953
5982 0 10 18 32848 5970
5982 0 46 36 32853 5959
5982 0 7 45 32859 5940
5982 0 43 54 32856 5927
5982 0 4 63 32855 5918
5983 0 20 9 32835 5933
5983 0 10 18 32848 5971
5983 0 2 36 32827 5943
5983 0 11 45 32852 5945
5983 0 58 54 32848 5938
5983 0 22 63 32847 5933
5984 0 40 0 32854 5952
5984 0 17 9 32839 5954
5984 0 10 18 32848 5972
5984 0 46 36 32853 5960
5984 0 7 45 32859 5941
5984 0 43 54 32856 5928
5984 0 4 63 32855 5919
5985 0 40 0 32854 5953
5985 0 20 9 32835 5934
5985 0 10 18 32848 5973
5985 1 27 31 32861 5958
5985 0 2 36 32827 5944
5985 0 11 45 32852 5946
5985 0 58 54 32848 5939
5985 0 22 63 32847 5934
5986 0 40 0 32854 5954
5986 0 17 9 32839 5955
5986 0 10 18 32848 5974
5986 0 46 36 32853 5961
5986 0 7 45 32859 5942
5986 0 43 54 32856 5929
5986 1 22 61 32848 5949
5986 0 4 63 32855 5920
5987 0 40 0 32854 5955
5987 0 20 9 32835 5935
5987 0 10 18 32848 5975
5987 0 2 36 32827 5945
5987 0 11 45 32852 5947
5987 1 18 52 32840 5949
5987 0 58 54 32848 5940
5987 0 22 63 32847 5935
5988 0 61 0 32849 5921
5988 0 17 9 32839 5956
5988 0 10 18 32848 5976
5988 0 46 36 32853 5962
5988 0 7 45 32859 5943
5988 0 43 54 32856 5930
5988 0 4 63 32855 5921
5989 0 40 0 32854 5956
5989 0 20 9 32835 5936
5989 0 10 18 32848 5977
5989 0 61 27 32851 5952
5989 0 2 36 32827 5946
5989 0 11 45 32852 5948
5989 0 43 54 32856 5931
5989 0 22 63 32847 5936
5990 0 61 0 32849 5922
5990 0 17 9 32839 5957
5990 0 10 18 32848 5978
5990 0 61 27 32851 5953
5990 0 46 36 32853 5963
5990 0 7 45 32859 5944
5990 0 43 54 32856 5932
5991 0 40 0 32854 5957
5991 0 20 9 32835 5937
5991 0 61 27 32851 5954
5991 0 2 36 32827 5947
5991 0 11 45 32852 5949
5991 0 43 54 32856 5933
5992 0 61 0 32849 5923
5992 0 17 9 32839 5958
5992 0 61 27 32851 5955
5992 0 46 36 32853 5964
5992 1 39 38 32850 5980
5992 0 7 45 32859 5945
5992 0 8 54 32842 5929
5993 0 40 0 32854 5958
5993 0 20 9 32835 5938
5993 0 45 18 32832 5956
5993 0 61 27 32851 5956
5993 0 2 36 32827 5948
5993 0 11 45 32852 5950
5993 0 43 54 32856 5934
5994 0 61 0 32849 5924
5994 0 17 9 32839 5959
5994 0 45 18 32832 5957
5994 0 61 27 32851 5957
5994 0 46 36 32853 5965
5994 0 7 45 32859 5946
5994 0 8 54 32842 5930
5995 0 40 0 32854 5959
5995 0 20 9 32835 5939
5995 1 31 12 32832 5963
5995 0 45 18 32832 5958
5995 0 61 27 32851 5958
5995 0 35 36 32851 5968
5995 1 23 43 32861 5953
5995 0 11 45 32852 5951
5995 0 8 54 32842 5931
5996 0 61 0 32849 5925
5996 0 17 9 32839 5972
5996 0 45 18 32832 5959
5996 0 61 27 32851 5959
5996 0 46 36 32853 5966
5996 0 7 45 32859 5947
5996 0 5 54 32847 5949
5997 0 40 0 32854 5960
5997 0 20 9 32835 5940
5997 0 45 18 32832 5960
5997 0 61 27 32851 5960
5997 0 35 36 32851 5969
5997 0 11 45 32852 5952
5997 0 8 54 32842 5932
5998 0 61 0 32849 5926
5998 0 17 9 32839 5974
5998 0 45 18 32832 5961
5998 0 61 27 32851 5961
5998 0 46 36 32853 5967
5998 1 35 39 32852 5971
5998 0 7 45 32859 5948
5998 0 5 54 32847 5950
5998 1 26 59 32841 5966
5999 0 40 0 32854 5961
5999 1 44 6 32857 5957
5999 0 20 9 32835 5941
5999 0 45 18 32832 5962
5999 0 35 36 32851 5970
5999 0 11 45 32852 5953
5999 0 8 54 32842 5933
6000 0 61 0 32849 5927
6000 0 45 18 32832 5963
6000 0 27 36 32862 5982
6000 0 7 45 32859 5949
6000 0 5 54 32847 5951
6001 0 1 0 32832 5980
6001 0 45 18 32832 5964
6001 0 35 36 32851 5972
6001 0 42 45 32845 5973
6001 0 8 54 32842 5934
6001 0 32 63 32846 5944
6002 0 61 0 32849 5928
6002 0 45 18 32832 5965
6002 0 27 36 32862 5983
6002 0 54 45 32853 5976
6002 1 14 47 32849 5970
6002 0 5 54 32847 5952
6002 0 32 63 32846 5945
6003 0 1 0 32832 5981
6003 0 35 36 32851 5973
6003 0 42 45 32845 5974
6003 0 8 54 32842 5935
6003 0 32 63 32846 5946
6004 0 61 0 32849 5929
6004 0 27 36 32862 5984
6004 0 54 45 32853 5977
6004 0 5 54 32847 5953
6004 0 32 63 32846 5947
6005 0 1 0 32832 5982
6005 0 35 36 32851 5974
6005 0 42 45 32845 5975
6005 0 8 54 32842 5936
6005 0 32 63 32846 5948
6006 0 61 0 32849 5930
6006 1 41 1 32852 5970
6006 0 27 36 32862 5985
6006 0 54 45 32853 5978
6006 0 5 54 32847 5954
6006 0 32 63 32846 5949
6007 0 1 0 32832 5983
6007 0 35 36 32851 5975
6007 0 42 45 32845 5976
6007 0 8 54 32842 5937
6007 0 32 63 32846 5950
6008 0 5 0 32848 5959
6008 0 27 36 32862 5986
6008 0 54 45 32853 5979
6008 0 5 54 32847 5955
6008 1 2 56 32828 5956
6008 0 32 63 32846 5951
6009 0 1 0 32832 5984
6009 0 35 36 32851 5976
6009 0 42 45 32845 5977
6009 0 8 54 32842 5938
6009 0 32 63 32846 5952
6010 0 5 0 32848 5960
6010 0 27 36 32862 5987
6010 0 54 45 32853 5980
6010 0 5 54 32847 5956
6010 0 32 63 32846 5953
6011 0 1 0 32832 5985
6011 0 19 27 32836 5999
6011 0 35 36 32851 5977
6011 0 42 45 32845 5978
6011 0 5 54 32847 5957
6012 0 5 0 32848 5961
6012 0 19 27 32836 6000
6012 0 27 36 32862 5988
6012 0 54 45 32853 5981
6012 0 38 54 32868 5983
6013 0 1 0 32832 5986
6013 0 28 18 32840 5991
6013 0 19 27 32836 6001
6013 0 35 36 32851 5978
6013 0 42 45 32845 5979
6013 0 5 54 32847 5958
6014 0 5 0 32848 5962
6014 0 28 18 32840 5992
6014 0 19 27 32836 6002
6014 1 8 31 32843 5962
6014 0 27 36 32862 5989
6014 0 54 45 32853 5982
6014 0 38 54 32868 5984
6015 0 1 0 32832 5987
6015 0 2 9 32830 5998
6015 0 28 18 32840 5993
6015 0 19 27 32836 6003
6015 0 63 36 32841 5958
6015 0 42 45 32845 5980
6015 0 58 54 32849 5981
6016 0 5 0 32848 5963
6016 0 2 9 32830 5999
6016 0 28 18 32840 5994
6016 0 19 27 32836 6004
6016 0 27 36 32862 5990
6016 0 54 45 32853 5983
6016 1 62 46 32855 5999
6017 0 1 0 32832 5988
6017 0 56 9 32861 5975
6017 0 28 18 32840 5995
6017 0 19 27 32836 6005
6017 0 63 36 32841 5959
6017 0 42 45 32845 5981
6017 0 38 54 32868 5985
6018 0 5 0 32848 5965
6018 0 2 9 32830 6000
6018 0 28 18 32840 5996
6018 0 19 27 32836 6006
6018 0 27 36 32862 5991
6018 0 54 45 32853 5984
6018 0 58 54 32849 5982
6019 0 1 0 32832 5989
6019 0 56 9 32861 5976
6019 1 62 18 32854 5967
6019 0 19 27 32836 6007
6019 0 63 36 32841 5960
6019 0 42 45 32845 5982
6019 0 38 54 32868 5986
6020 0 5 0 32848 5966
6020 0 2 9 32830 6001
6020 0 28 18 32840 5997
6020 0 19 27 32836 6008
6020 0 63 36 32841 5961
6020 0 54 45 32853 5985
6020 0 58 54 32849 5983
6021 0 41 0 32851 5959
6021 1 20 4 32836 6004
6021 0 56 9 32861 5977
6021 0 28 18 32840 5998
6021 0 63 36 32841 5962
6021 0 42 45 32846 5992
6021 1 29 50 32833 5984
6021 0 38 54 32868 5987
6021 1 5 58 32849 5964
6021 1 15 62 32844 5971
6022 0 5 0 32848 5967
6022 0 2 9 32830 6002
6022 0 28 18 32840 5999
6022 0 63 36 32841 5963
6022 0 39 45 32851 5986
6022 0 58 54 32849 5984
6023 0 41 0 32851 5960
6023 0 56 9 32861 5978
6023 0 28 18 32840 6000
6023 0 26 27 32842 6011
6023 0 63 36 32841 5964
6023 0 42 45 32846 5993
6023 0 38 54 32868 5988
6024 0 5 0 32848 5968
6024 0 2 9 32830 6003
6024 0 59 18 32846 5987
6024 0 26 27 32842 6012
6024 0 63 36 32841 5965
6024 0 39 45 32851 5987
6024 0 58 54 32849 5985
6025 0 41 0 32851 5961
6025 0 56 9 32861 5979
6025 0 59 18 32846 5988
6025 0 26 27 32842 6013
6025 0 63 36 32841 5966
6025 0 42 45 32846 5994
6025 0 38 54 32868 5989
6026 0 5 0 32848 5969
6026 0 2 9 32830 6004
6026 0 59 18 32846 5989
6026 0 26 27 32842 6014
6026 0 63 36 32841 5967
6026 1 19 44 32835 5997
6026 0 39 45 32851 5988
6026 0 58 54 32849 5986
6027 0 41 0 32851 5962
6027 0 56 9 32861 5980
6027 0 59 18 32846 5990
6027 0 26 27 32842 6015
6027 0 54 36 32854 5991
6027 0 42 45 32846 5995
6027 0 38 54 32868 5990
6028 0 14 0 32848 5964
6028 0 2 9 32830 6005
6028 0 59 18 32846 5991
6028 0 26 27 32842 6016
6028 0 54 36 32854 5992
6028 0 39 45 32851 5989
6028 0 58 54 32849 5987
6029 0 41 0 32851 5963
6029 0 56 9 32861 5981
6029 0 59 18 32846 5992
6029 0 26 27 32842 6017
6029 0 54 36 32854 5993
6029 0 42 45 32846 5996
6029 0 38 54 32868 6000
6030 0 14 0 32848 5965
6030 1 13 7 32840 6003
6030 0 2 9 32830 6006
6030 0 59 18 32846 5993
6030 0 26 27 32842 6018
6030 0 54 36 32854 5994
6030 0 39 45 32851 5990
6030 0 58 54 32849 5988
6031 0 41 0 32851 5964
6031 0 56 9 32861 5982
6031 0 59 18 32846 5994
6031 0 26 27 32842 6019
6031 0 54 36 32854 5995
6031 0 42 45 32846 5997
6031 0 38 54 32868 6001
6032 0 14 0 32848 5966
6032 0 2 9 32830 6007
6032 0 59 18 32846 5995
6032 0 26 27 32842 6020
6032 0 54 36 32854 5996
6032 0 39 45 32851 5991
6032 0 58 54 32849 5989
6033 0 41 0 32851 5965
6033 0 56 9 32861 5983
6033 0 31 18 32833 5996
6033 0 54 36 32854 5997
6033 0 42 45 32846 5998
6033 1 54 54 32855 6025
6034 0 14 0 32848 5967
6034 0 45 9 32833 5977
6034 0 59 18 32846 5996
6034 0 54 36 32854 5998
6034 0 39 45 32851 5992
6034 0 58 54 32849 5990
6035 0 41 0 32851 5966
6035 0 56 9 32861 5984
6035 0 31 18 32833 5997
6035 0 54 36 32854 5999
6035 0 42 45 32846 5999
6036 0 14 0 32848 5968
6036 0 45 9 32833 5978
6036 0 31 18 32833 5998
6036 0 54 36 32854 6000
6036 0 39 45 32851 5993
6036 0 45 54 32834 6019
6037 0 41 0 32851 5967
6037 0 45 9 32833 5979
6037 0 40 18 32856 6005
6037 0 42 45 32846 6000
6037 0 45 54 32834 6020
6037 0 9 63 32844 5969
6038 0 14 0 32848 5969
6038 0 45 9 32833 5980
6038 0 31 18 32833 5999
6038 0 39 45 32851 5994
6038 0 45 54 32834 6021
6038 0 9 63 32844 5970
6039 0 41 0 32851 5968
6039 0 45 9 32833 5981
6039 0 40 18 32856 6006
6039 0 42 45 32846 6001
6039 0 45 54 32834 6022
6039 0 9 63 32844 5971
6040 0 14 0 32848 5971
6040 0 45 9 32833 5982
6040 0 31 18 32833 6000
6040 0 39 45 32851 5995
6040 0 32 54 32847 5993
6040 0 9 63 32844 5972
6041 0 14 0 32848 5972
6041 0 45 9 32833 5983
6041 0 40 18 32856 6007
6041 0 52 45 32849 6008
6041 0 45 54 32834 6023
6041 0 10 63 32849 5979
6042 0 62 0 32853 5933
6042 0 45 9 32833 5984
6042 0 31 18 32833 6001
6042 0 20 27 32837 6025
6042 1 32 33 32848 6030
6042 0 4 45 32856 5945
6042 0 32 54 32847 5994
6042 0 9 63 32844 5973
6043 0 14 0 32848 5973
6043 0 45 9 32833 5985
6043 0 40 18 32856 6008
6043 0 20 27 32837 6026
6043 0 52 45 32849 6009
6043 0 45 54 32834 6024
6043 0 10 63 32849 5980
6044 0 62 0 32853 5934
6044 0 45 9 32833 5986
6044 0 31 18 32833 6002
6044 0 20 27 32837 6027
6044 0 4 45 32856 5946
6044 0 32 54 32847 5995
6044 0 9 63 32844 5974
6045 0 14 0 32848 5974
6045 0 40 18 32856 6009
6045 0 20 27 32837 6028
6045 0 52 45 32849 6010
6045 0 45 54 32834 6025
6045 0 10 63 32849 5981
6046 0 62 0 32853 5935
6046 1 34 3 32849 6014
6046 0 31 18 32833 6003
6046 0 20 27 32837 6029
6046 0 4 45 32856 5947
6046 0 32 54 32847 5996
6046 0 9 63 32844 5975
6047 0 62 0 32853 5936
6047 0 40 18 32856 6010
6047 0 20 27 32837 6030
6047 0 52 45 32849 6011
6047 0 45 54 32834 6026
6047 0 10 63 32849 5982
6048 0 37 0 32846 5960
6048 0 31 18 32833 6004
6048 0 20 27 32837 6031
6048 0 4 45 32856 5948
6048 0 32 54 32847 5997
6048 0 9 63 32844 5976
6049 0 62 0 32853 5937
6049 0 40 18 32856 6011
6049 0 20 27 32837 6032
6049 0 52 45 32849 6012
6049 0 45 54 32834 6027
6049 0 10 63 32849 5983
6050 0 37 0 32846 5961
6050 0 31 18 32833 6005
6050 0 20 27 32837 6033
6050 0 4 45 32856 5949
6050 0 32 54 32847 5998
6050 0 9 63 32844 5977
6051 0 62 0 32853 5938
6051 0 40 18 32856 6012
6051 1 63 19 32843 5997
6051 0 20 27 32837 6034
6051 0 52 45 32849 6013
6051 0 45 54 32834 6028
6051 0 10 63 32849 5984
6052 0 37 0 32846 5962
6052 0 9 18 32845 6024
6052 0 4 45 32856 5950
6052 0 32 54 32847 5999
6052 0 9 63 32844 5978
6053 0 62 0 32853 5939
6053 0 40 18 32856 6013
6053 0 52 45 32849 6014
6053 0 32 54 32847 6000
6053 0 10 63 32849 5985
6054 0 37 0 32846 5963
6054 0 9 18 32845 6025
6054 0 4 45 32856 5951
6054 0 32 54 32847 6001
6054 0 10 63 32849 5986
6055 0 62 0 32853 5940
6055 0 40 18 32856 6014
6055 0 60 36 32845 6033
6055 0 52 45 32849 6015
6055 0 32 54 32847 6002
6055 0 10 63 32849 5987
6056 0 37 0 32846 5964
6056 0 9 18 32845 6026
6056 0 60 36 32845 6034
6056 0 4 45 32856 5952
6056 0 10 63 32849 5988
6057 0 62 0 32853 5941
6057 0 9 18 32845 6027
6057 0 60 36 32845 6035
6057 0 52 45 32849 6016
6057 1 59 46 32847 6025
6058 0 37 0 32846 5965
6058 0 9 18 32845 6028
6058 0 60 36 32845 6036
6058 0 4 45 32856 5953
6059 0 62 0 32853 5942
6059 0 37 9 32847 6017
6059 0 9 18 32845 6029
6059 0 60 36 32845 6037
6059 0 52 45 32849 6017
6060 0 37 0 32846 5966
6060 0 37 9 32847 6018
6060 0 9 18 32845 6030
6060 0 33 27 32831 6038
6060 0 60 36 32845 6038
6060 0 4 45 32856 5954
6061 0 37 0 32846 5967
6061 0 37 9 32847 6019
6061 0 9 18 32845 6031
6061 0 33 27 32831 6039
6061 0 60 36 32845 6039
6061 0 62 45 32856 6010
6062 0 22 0 32849 5983
6062 0 37 9 32847 6020
6062 0 9 18 32845 6032
6062 0 33 27 32831 6040
6062 0 60 36 32845 6040
6062 0 45 45 32835 6029
6063 0 37 0 32846 5968
6063 0 9 18 32845 6033
6063 0 33 27 32831 6041
6063 0 60 36 32845 6041
6063 0 62 45 32856 6011
6064 0 22 0 32849 5984
6064 0 37 9 32847 6021
6064 0 46 18 32854 6022
6064 0 33 27 32831 6042
6064 0 60 36 32845 6042
6064 0 45 45 32835 6030
6065 0 37 0 32846 5969
6065 0 37 9 32847 6022
6065 0 46 18 32854 6023
6065 0 33 27 32831 6043
6065 0 62 45 32856 6012
6065 0 60 54 32846 6043
6066 0 22 0 32849 5985
6066 0 37 9 32847 6023
6066 0 46 18 32854 6024
6066 0 33 27 32831 6044
6066 0 45 45 32835 6031
6066 0 60 54 32846 6044
6067 0 22 0 32849 5986
6067 0 37 9 32847 6024
6067 0 46 18 32854 6025
6067 0 33 27 32831 6045
6067 0 62 45 32856 6013
6067 0 60 54 32846 6045
6068 0 56 0 32860 5965
6068 1 63 1 32842 5996
6068 0 37 9 32847 6025
6068 0 46 18 32854 6026
6068 0 33 27 32831 6046
6068 0 45 45 32835 6032
6068 0 60 54 32846 6046
6069 0 22 0 32849 5987
6069 0 37 9 32847 6026
6069 0 46 18 32854 6027
6069 0 33 27 32831 6047
6069 0 62 45 32856 6014
6069 0 38 54 32871 6052
6070 0 56 0 32860 5966
6070 0 4 18 32858 6043
6070 0 45 45 32835 6033
6070 0 60 54 32846 6047
6071 0 22 0 32849 5988
6071 0 46 18 32854 6028
6071 0 62 45 32856 6015
6071 0 38 54 32871 6053
6071 0 5 63 32851 6019
6072 0 56 0 32860 5967
6072 0 4 18 32858 6044
6072 1 42 24 32847 6025
6072 0 45 45 32835 6034
6072 0 60 54 32846 6048
6072 0 5 63 32851 6020
6073 0 22 0 32849 5989
6073 1 35 5 32853 6036
6073 0 46 18 32854 6029
6073 0 62 45 32856 6016
6073 0 38 54 32871 6054
6073 0 5 63 32851 6021
6074 0 56 0 32860 5968
6074 1 6 6 32859 6067
6074 0 4 18 32858 6045
6074 0 45 45 32835 6035
6074 0 60 54 32846 6049
6074 0 5 63 32851 6022
6075 0 22 0 32849 5990
6075 0 46 18 32854 6030
6075 0 26 27 32843 6063
6075 0 62 45 32856 6017
6075 0 38 54 32871 6055
6075 0 5 63 32851 6023
6076 0 56 0 32860 5969
6076 0 4 18 32858 6046
6076 0 54 27 32856 6039
6076 0 45 45 32835 6036
6076 0 60 54 32846 6050
6076 0 5 63 32851 6024
6077 0 22 0 32849 5991
6077 0 46 18 32854 6031
6077 0 26 27 32843 6064
6077 0 62 45 32856 6018
6077 0 38 54 32871 6056
6077 0 5 63 32851 6025
6078 0 56 0 32860 5970
6078 0 4 18 32858 6047
6078 0 54 27 32856 6040
6078 0 45 45 32835 6061
6078 0 60 54 32846 6051
6078 0 5 63 32851 6026
6079 0 22 0 32849 5992
6079 0 4 18 32858 6048
6079 0 26 27 32843 6065
6079 0 62 45 32856 6019
6079 0 38 54 32871 6057
6079 0 5 63 32851 6027
6080 0 56 0 32860 5971
6080 1 38 9 32870 6033
6080 0 4 18 32858 6049
6080 0 54 27 32856 6041
6080 0 4 36 32859 6053
6080 0 45 45 32835 6063
6080 0 60 54 32846 6052
6080 0 5 63 32851 6028
6081 0 5 0 32852 6041
6081 0 4 18 32858 6050
6081 0 26 27 32843 6066
6081 0 4 36 32859 6054
6081 0 5 45 32850 5991
6081 0 38 54 32871 6058
6082 0 56 0 32860 5972
6082 1 48 16 32850 6030
6082 0 4 18 32858 6051
6082 0 54 27 32856 6042
6082 0 4 36 32859 6055
6082 0 8 45 32844 5984
6082 0 4 54 32857 6023
6083 0 5 0 32852 6042
6083 0 4 18 32858 6052
6083 0 26 27 32843 6067
6083 0 4 36 32859 6056
6083 0 5 45 32850 5992
6083 0 38 54 32871 6059
6084 0 56 0 32860 5973
6084 0 54 27 32856 6043
6084 0 4 36 32859 6057
6084 0 8 45 32844 5985
6084 0 4 54 32857 6024
6084 1 2 60 32831 6032
6085 0 5 0 32852 6043
6085 0 26 27 32843 6068
6085 0 4 36 32859 6058
6085 0 5 45 32850 5993
6085 0 38 54 32871 6060
6086 0 56 0 32860 5974
6086 0 54 27 32856 6044
6086 0 4 36 32859 6059
6086 0 8 45 32844 5986
6086 0 4 54 32857 6025
6087 0 5 0 32852 6044
6087 0 26 27 32843 6069
6087 0 4 36 32859 6060
6087 1 35 39 32855 6060
6087 0 5 45 32850 5994
6087 0 38 54 32871 6061
6088 0 40 0 32855 5979
6088 0 54 27 32856 6045
6088 0 4 36 32859 6061
6088 0 8 45 32844 5987
6088 0 4 54 32857 6026
6088 0 61 63 32853 6071
6089 0 5 0 32852 6045
6089 0 26 27 32843 6070
6089 0 4 36 32859 6062
6089 0 5 45 32850 5995
6089 0 4 54 32857 6027
6089 0 61 63 32853 6072
6090 0 40 0 32855 5980
6090 0 54 27 32856 6046
6090 0 8 45 32844 5988
6090 0 61 63 32853 6073
6091 0 5 0 32852 6046
6091 0 26 27 32843 6071
6091 0 5 45 32850 5996
6091 0 4 54 32857 6028
6091 0 61 63 32853 6074
6092 0 40 0 32855 5981
6092 0 54 27 32856 6047
6092 0 8 45 32844 5989
6092 0 4 54 32857 6029
6092 0 61 63 32853 6075
6093 0 5 0 32852 6047
6093 0 26 27 32843 6072
6093 0 15 36 32846 6056
6093 0 5 45 32850 5997
6093 0 39 54 32852 6061
6093 0 61 63 32853 6076
6094 0 40 0 32855 5982
6094 0 54 27 32856 6048
6094 0 15 36 32846 6057
6094 0 8 45 32844 5990
6094 0 4 54 32857 6030
6094 1 48 55 32851 6052
6094 0 61 63 32853 6077
6095 0 5 0 32852 6048
6095 0 15 36 32846 6058
6095 0 5 45 32850 5998
6095 0 39 54 32852 6062
6095 1 47 62 32848 6072
6095 0 61 63 32853 6078
6096 0 40 0 32855 5983
6096 0 15 36 32846 6059
6096 0 8 45 32844 5991
6096 0 4 54 32857 6031
6096 0 61 63 32853 6079
6097 0 5 0 32852 6049
6097 0 15 36 32846 6060
6097 1 53 43 32848 6075
6097 0 5 45 32850 5999
6097 0 39 54 32852 6063
6097 0 61 63 32853 6080
6098 0 40 0 32855 5984
6098 1 52 30 32850 6066
6098 0 41 36 32853 6071
6098 0 8 45 32844 5992
6098 0 4 54 32857 6032
6099 0 5 0 32852 6050
6099 0 44 9 32858 6057
6099 0 15 36 32846 6061
6099 0 5 45 32850 6000
6099 0 39 54 32852 6064
6100 0 40 0 32855 5985
6100 0 44 9 32858 6058
6100 1 17 14 32840 6063
6100 0 41 36 32853 6072
6100 0 8 45 32844 5993
6100 0 55 54 32853 6084
6101 0 48 0 32849 6013
6101 0 44 9 32858 6059
6101 0 63 18 32844 6044
6101 0 15 36 32846 6062
6101 0 39 54 32852 6065
6102 0 40 0 32855 5986
6102 0 44 9 32858 6060
6102 0 63 18 32844 6045
6102 0 41 36 32853 6073
6102 0 35 45 32854 6051
6102 0 55 54 32853 6085
6103 0 48 0 32849 6014
6103 0 44 9 32858 6061
6103 0 63 18 32844 6046
6103 0 15 36 32846 6063
6103 0 39 54 32852 6066
6104 0 40 0 32855 6002
6104 0 44 9 32858 6062
6104 0 63 18 32844 6047
6104 0 41 36 32853 6074
6104 0 35 45 32854 6052
6104 0 55 54 32853 6086
6105 0 48 0 32849 6015
6105 0 44 9 32858 6063
6105 0 63 18 32844 6048
6105 0 15 36 32846 6064
6105 0 35 45 32854 6053
6105 0 39 54 32852 6067
6106 0 40 0 32855 6004
6106 0 44 9 32858 6064
6106 0 63 18 32844 6049
6106 0 41 36 32853 6075
6106 0 15 45 32845 6027
6106 0 55 54 32853 6087
6107 0 48 0 32849 6016
6107 0 44 9 32858 6065
6107 0 29 18 32834 6080
6107 0 15 36 32846 6065
6107 0 35 45 32854 6054
6107 0 39 54 32852 6068
6108 0 48 0 32849 6017
6108 0 44 9 32858 6066
6108 0 63 18 32844 6050
6108 0 41 36 32853 6076
6108 1 55 40 32852 6061
6108 0 15 45 32845 6028
6108 0 55 54 32853 6088
6109 0 40 0 32857 6015
6109 0 29 18 32834 6081
6109 0 41 36 32853 6077
6109 0 35 45 32854 6055
6109 0 39 54 32852 6069
6110 0 48 0 32849 6018
6110 0 63 18 32844 6051
6110 0 41 36 32853 6078
6110 0 15 45 32845 6029
6110 0 55 54 32853 6089
6111 0 40 0 32857 6016
6111 0 29 18 32834 6082
6111 0 41 36 32853 6079
6111 0 35 45 32854 6056
6111 0 39 54 32852 6070
6112 0 48 0 32849 6019
6112 0 61 9 32852 6055
6112 0 63 18 32844 6052
6112 0 41 36 32853 6080
6112 0 15 45 32845 6030
6112 0 55 54 32853 6090
6113 0 40 0 32857 6017
6113 0 61 9 32852 6056
6113 0 29 18 32834 6083
6113 0 35 45 32854 6057
6113 0 10 54 32850 6035
6113 1 2 61 32829 5993
6114 0 48 0 32849 6020
6114 0 61 9 32852 6057
6114 0 63 18 32844 6053
6114 0 15 45 32845 6031
6114 0 55 54 32853 6091
6115 0 40 0 32857 6018
6115 0 61 9 32852 6058
6115 0 29 18 32834 6084
6115 0 35 45 32854 6058
6115 0 10 54 32850 6036
6116 0 48 0 32849 6021
6116 0 23 9 32862 6074
6116 0 29 18 32834 6085
6116 0 15 45 32845 6032
6116 0 55 54 32853 6092
6117 0 40 0 32857 6019
6117 0 61 9 32852 6059
6117 0 29 18 32834 6086
6117 0 30 27 32829 6094
6117 0 35 45 32854 6059
6117 0 10 54 32850 6037
6117 1 36 56 32837 6075
6118 0 48 0 32849 6022
6118 0 23 9 32862 6075
6118 0 29 18 32834 6087
6118 0 30 27 32829 6096
6118 0 15 45 32845 6033
6118 0 55 54 32853 6093
6119 0 40 0 32857 6020
6119 0 61 9 32852 6060
6119 0 29 18 32834 6088
6119 0 35 45 32854 6061
6119 0 10 54 32850 6038
6120 0 40 0 32857 6022
6120 0 23 9 32862 6076
6120 0 29 18 32834 6089
6120 0 30 27 32829 6097
6120 0 15 45 32845 6034
6120 0 10 54 32850 6039
6121 0 8 0 32845 6095
6121 1 35 4 32856 6089
6121 1 18 7 32841 6079
6121 0 61 9 32852 6061
6121 0 30 27 32829 6098
6121 0 15 45 32845 6035
6121 0 10 54 32850 6040
6122 0 40 0 32857 6025
6122 0 23 9 32862 6077
6122 0 30 27 32829 6099
6122 0 28 45 32841 6075
6122 0 10 54 32850 6041
6123 0 8 0 32845 6096
6123 0 61 9 32852 6062
6123 0 30 27 32829 6100
6123 0 15 45 32845 6036
6123 0 10 54 32850 6042
6124 0 40 0 32857 6028
6124 0 23 9 32862 6078
6124 0 30 27 32829 6101
6124 0 28 45 32841 6076
6124 0 10 54 32850 6043
6125 0 8 0 32845 6097
6125 0 61 9 32852 6063
6125 0 30 27 32829 6102
6125 0 28 45 32841 6077
6125 0 10 54 32850 6044
6126 0 40 0 32857 6030
6126 1 29 4 32835 6099
6126 0 23 9 32862 6079
6126 0 30 27 32829 6103
6126 0 20 45 32838 6087
6126 1 13 54 32841 6082
6127 0 8 0 32845 6098
6127 0 61 9 32852 6064
6127 0 30 27 32831 6105
6127 0 28 45 32841 6078
6127 0 3 63 32853 6065
6128 0 8 0 32845 6099
6128 0 23 9 32862 6080
6128 0 30 27 32829 6104
6128 1 50 34 32833 6111
6128 0 20 45 32838 6088
6128 0 9 54 32846 6068
6128 0 3 63 32853 6066
6129 0 34 0 32850 6047
6129 0 23 9 32862 6081
6129 0 30 27 32831 6106
6129 0 28 45 32841 6079
6129 0 54 54 32857 6122
6129 0 3 63 32853 6067
6130 0 8 0 32845 6100
6130 0 23 9 32862 6082
6130 0 30 27 32831 6107
6130 0 20 45 32838 6089
6130 0 9 54 32846 6069
6130 0 3 63 32853 6068
6131 0 34 0 32850 6048
6131 0 23 9 32862 6083
6131 0 0 18 32834 6104
6131 0 30 27 32831 6108
6131 0 28 45 32841 6080
6131 0 54 54 32857 6123
6131 0 3 63 32853 6069
6132 0 8 0 32845 6101
6132 0 0 18 32834 6105
6132 0 30 27 32831 6109
6132 0 20 45 32838 6090
6132 0 9 54 32846 6070
6132 0 3 63 32853 6070
6133 0 34 0 32850 6049
6133 0 0 18 32834 6106
6133 0 30 27 32831 6110
6133 0 28 45 32841 6081
6133 0 54 54 32857 6124
6133 0 6 63 32860 6086
6134 0 8 0 32845 6102
6134 0 0 18 32834 6107
6134 0 30 27 32831 6111
6134 0 20 45 32838 6091
6134 0 9 54 32846 6071
6134 0 3 63 32853 6071
6135 0 34 0 32850 6050
6135 0 63 9 32845 6068
6135 0 0 18 32834 6108
6135 0 30 27 32831 6112
6135 0 28 45 32841 6082
6135 0 54 54 32857 6125
6135 0 6 63 32860 6087
6136 0 8 0 32845 6106
6136 0 63 9 32845 6069
6136 0 0 18 32834 6109
6136 0 30 27 32831 6113
6136 0 20 45 32838 6092
6136 0 9 54 32846 6072
6136 0 3 63 32853 6072
6137 0 34 0 32850 6051
6137 0 63 9 32845 6070
6137 0 0 18 32834 6110
6137 0 30 27 32831 6114
6137 0 28 45 32841 6083
6137 0 54 54 32857 6126
6137 1 3 56 32854 6077
6137 0 6 63 32860 6088
6138 0 8 0 32845 6108
6138 0 63 9 32845 6071
6138 0 0 18 32834 6111
6138 1 32 25 32849 6121
6138 0 20 45 32838 6093
6138 0 9 54 32846 6073
6138 0 3 63 32853 6073
6139 0 34 0 32850 6052
6139 0 63 9 32845 6072
6139 0 0 18 32834 6112
6139 0 28 45 32841 6084
6139 0 54 54 32857 6127
6139 0 6 63 32860 6089
6140 0 34 0 32850 6053
6140 0 63 9 32845 6073
6140 0 0 18 32834 6113
6140 1 1 36 32833 6098
6140 1 59 37 32848 6108
6140 0 20 45 32838 6094
6140 0 9 54 32846 6074
6140 0 3 63 32853 6074
6141 0 38 0 32869 6034
6141 0 63 9 32845 6074
6141 0 20 45 32838 6095
6141 0 54 54 32857 6128
6141 0 6 63 32860 6090
6142 0 34 0 32850 6054
6142 0 63 9 32845 6075
6142 0 5 45 32853 6104
6142 0 9 54 32846 6075
6142 0 6 63 32860 6091
6143 0 38 0 32869 6035
6143 1 4 9 32860 6116
6143 0 20 45 32838 6096
6143 0 54 54 32857 6129
6143 0 6 63 32860 6092
6144 0 34 0 32850 6055
6144 0 63 9 32845 6076
6144 0 5 45 32853 6105
6144 1 30 49 32830 6095
6144 0 9 54 32846 6076
6144 0 6 63 32860 6093
6145 0 38 0 32869 6036
6145 0 63 9 32845 6077
6145 0 38 36 32872 6128
6145 0 5 45 32853 6106
6145 0 54 54 32857 6130
6145 0 6 63 32860 6094
6146 0 34 0 32850 6056
6146 0 0 9 32835 6128
6146 0 38 36 32872 6129
6146 0 17 45 32841 6096
6146 0 9 54 32846 6077
6146 0 6 63 32860 6095
6147 0 38 0 32869 6037
6147 0 0 9 32835 6129
6147 0 38 36 32872 6130
6147 0 5 45 32853 6107
6147 0 54 54 32857 6131
6148 0 38 0 32869 6038
6148 0 0 9 32835 6130
6148 0 38 36 32872 6131
6148 0 17 45 32841 6097
6148 0 57 54 32852 6108
6149 0 56 0 32862 6062
6149 0 0 9 32835 6131
6149 0 38 36 32872 6132
6149 0 5 45 32853 6108
6149 0 57 54 32852 6109
6150 0 38 0 32869 6039
6150 0 0 9 32835 6132
6150 0 7 18 32860 6108
6150 0 38 36 32872 6133
6150 0 17 45 32841 6098
6150 0 57 54 32852 6110
6151 0 56 0 32862 6063
6151 0 0 9 32835 6133
6151 0 5 18 32854 6118
6151 0 38 36 32872 6134
6151 0 5 45 32853 6109
6151 0 57 54 32852 6111
6152 0 38 0 32869 6040
6152 0 0 9 32835 6134
6152 0 7 18 32860 6109
6152 0 38 36 32872 6135
6152 0 17 45 32841 6099
6152 0 57 54 32852 6112
6152 1 10 60 32851 6105
6153 0 56 0 32862 6064
6153 0 0 9 32835 6135
6153 0 5 18 32854 6119
6153 0 38 36 32872 6136
6153 1 22 40 32850 6101
6153 0 5 45 32853 6110
6153 0 57 54 32852 6113
6154 0 38 0 32869 6041
6154 0 0 9 32835 6136
6154 0 7 18 32860 6110
6154 0 38 36 32872 6137
6154 0 17 45 32841 6100
6154 1 7 47 32861 6121
6154 0 57 54 32852 6114
6154 0 13 63 32842 6107
6155 0 56 0 32862 6065
6155 0 0 9 32835 6137
6155 0 5 18 32854 6120
6155 0 5 45 32853 6111
6155 0 57 54 32852 6115
6155 0 13 63 32842 6108
6156 0 38 0 32869 6042
6156 0 7 18 32860 6111
6156 0 17 45 32841 6101
6156 0 57 54 32852 6116
6156 0 13 63 32842 6109
6157 0 56 0 32862 6066
6157 0 5 18 32854 6121
6157 0 5 45 32853 6112
6157 0 57 54 32852 6117
6157 0 13 63 32842 6110
6158 0 38 0 32869 6043
6158 0 7 18 32860 6112
6158 0 17 45 32841 6102
6158 0 13 63 32842 6111
6159 0 56 0 32862 6067
6159 0 5 18 32854 6122
6159 0 43 36 32857 6142
6159 0 5 45 32853 6113
6159 0 13 63 32842 6112
6160 0 56 0 32862 6068
6160 0 7 18 32860 6113
6160 0 43 36 32857 6143
6160 0 17 45 32841 6103
6160 0 13 63 32842 6113
6161 0 56 0 32862 6069
6161 0 5 18 32854 6123
6161 0 43 36 32857 6144
6161 0 17 45 32841 6104
6161 0 21 54 32854 6129
6161 1 12 63 32834 6109
6162 0 56 0 32862 6070
6162 0 7 18 32860 6114
6162 0 43 36 32857 6145
6162 0 21 54 32854 6130
6162 0 13 63 32842 6114
6163 0 56 0 32862 6071
6163 0 5 18 32854 6124
6163 0 43 36 32857 6146
6163 0 17 45 32841 6105
6163 0 21 54 32854 6131
6163 0 13 63 32842 6115
6164 0 7 18 32860 6115
6164 0 43 36 32857 6147
6164 0 21 54 32854 6132
6164 0 13 63 32842 6116
6165 0 5 18 32854 6125
6165 0 43 36 32857 6148
6165 0 21 54 32854 6133
6166 0 7 18 32860 6116
6166 0 43 36 32857 6149
6166 0 21 54 32854 6134
6167 0 5 18 32854 6126
6167 0 43 36 32857 6150
6167 0 21 54 32854 6135
6168 1 39 13 32853 6136
6168 0 7 18 32860 6117
6168 1 1 20 32835 6136
6168 0 43 36 32857 6151
6168 0 21 54 32854 6136
6169 0 5 18 32854 6127
6169 0 21 54 32854 6137
6170 1 60 18 32847 6114
6170 0 21 54 32854 6138
6171 0 59 18 32849 6118
6172 0 59 18 32849 6119
6172 1 21 61 32853 6127
6173 0 32 18 32850 6135
6173 1 43 43 32858 6166
6173 0 31 45 32834 6146
6174 0 59 18 32849 6120
6174 0 20 36 32839 6157
6174 0 31 45 32834 6147
6175 0 32 18 32850 6136
6175 0 20 36 32839 6158
6175 1 62 44 32857 6147
6175 0 31 45 32834 6148
6176 1 2 5 32832 6154
6176 0 59 18 32849 6121
6176 1 18 29 32842 6148
6176 0 20 36 32839 6159
6176 0 31 45 32834 6149
6177 0 32 18 32850 6137
6177 1 24 35 32854 6150
6177 0 20 36 32839 6160
6177 0 31 45 32834 6150
6178 0 59 18 32849 6122
6178 0 20 36 32839 6161
6178 0 31 45 32834 6151
6179 0 32 18 32850 6138
6179 0 51 36 32853 6157
6179 0 31 45 32834 6152
6180 0 59 18 32849 6123
6180 0 26 27 32844 6168
6180 0 20 36 32839 6162
6180 0 31 45 32834 6153
6181 0 32 18 32850 6139
6181 0 26 27 32844 6169
6181 0 31 45 32834 6154
6182 0 59 18 32849 6124
6182 0 26 27 32844 6170
6182 0 51 36 32853 6158
6182 0 31 45 32834 6155
6183 0 32 18 32850 6140
6183 0 26 27 32844 6171
6183 0 20 36 32839 6163
6184 0 59 18 32849 6125
6184 0 26 27 32844 6172
6184 0 51 36 32853 6159
6185 0 32 18 32850 6141
6185 0 26 27 32844 6173
6185 0 20 36 32839 6164
6185 0 1 45 32834 6133
6186 0 59 18 32849 6126
6186 0 26 27 32844 6174
6186 1 34 32 32851 6169
6186 0 51 36 32853 6160
6186 0 1 45 32834 6134
6187 0 32 18 32850 6142
6187 0 26 27 32844 6175
6187 0 20 36 32839 6165
6187 0 1 45 32834 6135
6188 0 59 18 32849 6127
6188 0 26 27 32844 6176
6188 0 51 36 32853 6161
6188 0 1 45 32834 6137
6189 0 32 18 32850 6143
6189 0 20 36 32839 6166
6189 0 1 45 32834 6138
6190 0 32 18 32850 6144
6190 0 26 27 32844 6177
6190 0 51 36 32853 6162
6190 0 1 45 32834 6139
6191 0 51 36 32853 6163
6191 0 1 45 32834 6140
6192 0 51 36 32853 6164
6192 0 1 45 32834 6141
6193 1 47 12 32849 6151
6193 1 56 13 32863 6131
6193 0 51 18 32852 6147
6193 0 51 36 32853 6165
6193 0 1 45 32834 6142
6193 0 42 63 32848 6151
6194 0 44 18 32859 6155
6194 0 51 36 32853 6166
6194 0 1 45 32834 6143
6194 0 36 54 32838 6167
6194 0 42 63 32848 6152
6195 0 51 18 32852 6148
6195 0 36 54 32838 6168
6195 0 42 63 32848 6153
6196 1 50 10 32834 6147
6196 0 44 18 32859 6156
6196 0 36 54 32838 6169
6196 0 42 63 32848 6154
6197 0 9 0 32847 6180
6197 0 51 18 32852 6149
6197 0 36 54 32838 6170
6197 0 42 63 32848 6155
6198 0 9 0 32847 6181
6198 0 44 18 32859 6157
6198 1 51 44 32854 6181
6198 0 36 54 32838 6171
6198 0 42 63 32848 6156
6199 0 9 0 32847 6182
6199 0 51 18 32852 6150
6199 1 26 34 32845 6187
6199 0 36 54 32838 6172
6199 0 42 63 32848 6157
6200 0 9 0 32847 6183
6200 0 44 18 32859 6158
6200 0 36 54 32838 6173
6200 0 42 63 32848 6158
6201 0 9 0 32847 6184
6201 1 42 4 32849 6159
6201 0 51 18 32852 6151
6201 0 36 54 32838 6174
6201 0 42 63 32848 6160
6202 0 9 0 32847 6185
6202 1 17 2 32842 6180
6202 0 44 18 32859 6159
6202 0 36 54 32838 6175
6202 0 42 63 32848 6161
6203 0 9 0 32847 6186
6203 0 31 9 32835 6156
6203 0 51 18 32852 6152
6203 0 36 54 32838 6176
6204 0 9 0 32847 6187
6204 0 31 9 32835 6157
6204 0 44 18 32859 6160
6204 1 38 25 32873 6167
6205 0 9 0 32847 6188
6205 0 31 9 32835 6158
6205 0 51 18 32852 6153
6205 0 7 45 32862 6163
6206 0 9 0 32847 6189
6206 0 31 9 32835 6159
6206 0 44 18 32859 6161
6206 0 7 45 32862 6164
6207 0 31 9 32835 6160
6207 0 51 18 32852 6154
6207 0 7 45 32862 6165
6208 0 31 9 32835 6161
6208 1 0 11 32836 6181
6208 1 28 17 32842 6181
6208 0 44 18 32859 6162
6208 0 7 45 32862 6166
6209 0 31 9 32835 6162
6209 0 51 18 32852 6155
6209 0 51 45 32855 6187
6209 0 21 63 32855 6167
6210 0 31 9 32835 6163
6210 0 44 18 32859 6163
6210 0 7 45 32862 6167
6210 0 21 63 32855 6168
6211 0 31 9 32835 6164
6211 0 51 18 32852 6156
6211 0 51 45 32855 6188
6211 0 21 63 32855 6169
6212 0 31 9 32835 6165
6212 0 44 18 32859 6164
6212 0 7 45 32862 6168
6212 0 21 63 32855 6170
6213 0 17 18 32843 6189
6213 0 51 45 32855 6189
6213 0 21 63 32855 6171
6214 0 56 0 32864 6172
6214 0 7 45 32862 6169
6214 0 21 63 32855 6172
6215 0 56 0 32864 6173
6215 0 17 18 32843 6190
6215 0 51 45 32855 6190
6215 0 21 63 32855 6173
6216 0 56 0 32864 6174
6216 0 7 45 32862 6170
6216 0 21 63 32855 6174
6217 0 56 0 32864 6175
6217 0 17 18 32843 6191
6217 0 51 45 32855 6191
6217 0 21 63 32855 6175
6218 0 56 0 32864 6176
6218 1 37 18 32848 6186
6218 0 7 45 32862 6171
6218 0 21 63 32855 6176
6219 0 56 0 32864 6177
6219 0 17 18 32843 6192
6219 0 51 45 32855 6192
6219 0 24 54 32855 6167
6220 0 56 0 32864 6178
6220 0 17 18 32843 6193
6220 0 7 45 32862 6172
6220 0 24 54 32855 6168
6221 0 56 0 32864 6179
6221 0 51 45 32855 6193
6221 0 24 54 32855 6169
6222 0 56 0 32864 6180
6222 0 17 18 32843 6194
6222 0 57 45 32853 6172
6222 0 24 54 32855 6170
6223 0 56 0 32864 6181
6223 0 4 18 32861 6196
6223 0 14 36 32850 6191
6223 0 51 45 32855 6194
6223 0 24 54 32855 6171
6224 0 17 18 32843 6195
6224 0 6 27 32861 6187
6224 0 14 36 32850 6192
6224 0 57 45 32853 6173
6224 0 24 54 32855 6172
6224 0 29 63 32836 6187
6225 0 4 18 32861 6197
6225 0 6 27 32861 6188
6225 0 14 36 32850 6193
6225 0 51 45 32855 6195
6225 0 24 54 32855 6173
6225 0 29 63 32836 6188
6226 1 16 10 32855 6195
6226 0 17 18 32843 6196
6226 0 6 27 32861 6189
6226 0 14 36 32850 6194
6226 0 57 45 32853 6174
6226 0 24 54 32855 6174
6226 0 29 63 32836 6189
6227 0 4 18 32861 6198
6227 0 6 27 32861 6190
6227 0 14 36 32850 6195
6227 0 51 45 32855 6196
6227 0 24 54 32855 6175
6227 0 29 63 32836 6190
6228 0 49 0 32836 6186
6228 0 17 18 32843 6197
6228 0 6 27 32861 6191
6228 0 14 36 32850 6196
6228 0 57 45 32853 6175
6228 0 24 54 32855 6176
6228 0 29 63 32836 6191
6229 0 49 0 32836 6187
6229 0 4 18 32861 6199
6229 0 6 27 32861 6192
6229 0 14 36 32850 6197
6229 0 57 45 32853 6176
6229 0 29 63 32836 6192
6230 0 49 0 32836 6188
6230 0 17 18 32843 6198
6230 0 6 27 32861 6193
6230 0 14 36 32850 6198
6230 0 57 45 32853 6177
6230 0 29 63 32836 6193
6231 0 49 0 32836 6189
6231 0 4 18 32861 6200
6231 0 14 36 32850 6199
6231 0 16 45 32854 6184
6231 1 30 49 32832 6184
6231 0 29 63 32836 6194
6232 0 49 0 32836 6190
6232 0 0 18 32837 6199
6232 0 6 27 32861 6194
6232 0 14 36 32850 6200
6232 0 57 45 32853 6178
6232 0 29 63 32836 6195
6233 0 49 0 32836 6191
6233 0 4 18 32861 6201
6233 0 16 45 32854 6185
6233 0 11 63 32853 6176
6234 0 49 0 32836 6192
6234 0 0 18 32837 6200
6234 0 6 27 32861 6195
6234 0 57 45 32853 6179
6234 0 29 63 32836 6196
6235 0 49 0 32836 6193
6235 0 4 18 32861 6202
6235 0 16 45 32854 6186
6235 0 11 63 32853 6177
6236 0 49 0 32836 6194
6236 0 33 9 32832 6214
6236 0 0 18 32837 6201
6236 0 6 27 32861 6196
6236 0 57 45 32853 6180
6236 0 11 63 32853 6178
6237 0 49 0 32836 6195
6237 0 33 9 32832 6215
6237 0 4 18 32861 6203
6237 0 16 45 32854 6187
6237 0 11 63 32853 6179
6238 0 33 9 32832 6216
6238 0 0 18 32837 6202
6238 0 57 45 32853 6181
6238 0 11 63 32853 6180
6239 0 33 9 32832 6217
6239 0 4 18 32861 6204
6239 0 16 45 32854 6188
6239 0 11 63 32853 6181
6240 0 33 9 32832 6218
6240 0 0 18 32837 6203
6240 0 25 45 32843 6203
6240 0 11 63 32853 6182
6241 0 33 9 32832 6219
6241 0 4 18 32861 6205
6241 0 16 45 32854 6189
6241 0 11 63 32853 6183
6242 0 33 9 32832 6220
6242 0 0 18 32837 6204
6242 0 25 45 32843 6204
6242 0 11 63 32853 6184
6243 0 33 9 32832 6221
6243 0 0 18 32837 6205
6243 0 16 45 32854 6190
6243 0 11 63 32853 6185
6244 0 33 9 32832 6222
6244 0 0 18 32838 6209
6244 0 25 45 32843 6205
6245 0 33 9 32832 6223
6245 0 0 18 32837 6206
6245 0 16 45 32854 6191
6246 0 51 9 32856 6204
6246 0 0 18 32838 6210
6246 0 25 45 32843 6206
6247 1 40 4 32858 6195
6247 0 51 9 32856 6205
6247 1 7 12 32863 6220
6247 0 0 18 32837 6207
6247 0 16 45 32854 6192
6247 1 58 47 32850 6205
6248 0 51 9 32856 6206
6248 0 0 18 32838 6211
6248 0 25 45 32843 6207
6249 0 51 9 32856 6207
6249 0 0 18 32837 6208
6249 0 16 45 32854 6193
6249 1 35 46 32857 6222
6250 0 51 9 32856 6208
6250 0 0 18 32838 6212
6250 0 25 45 32843 6208
6251 0 51 9 32856 6209
6251 0 55 18 32854 6196
6251 0 41 27 32854 6224
6251 0 46 45 32856 6226
6252 0 51 9 32856 6210
6252 0 0 18 32838 6213
6252 0 41 27 32854 6225
6252 0 25 45 32843 6209
6252 0 49 54 32837 6220
6253 0 51 9 32856 6211
6253 0 55 18 32854 6197
6253 0 26 27 32847 6241
6253 0 46 45 32856 6227
6253 0 49 54 32837 6221
6254 0 51 9 32856 6212
6254 0 0 18 32838 6214
6254 0 41 27 32854 6226
6254 1 26 36 32846 6232
6254 0 25 45 32843 6210
6254 0 49 54 32837 6222
6255 0 51 9 32856 6213
6255 0 55 18 32854 6198
6255 0 26 27 32847 6242
6255 0 46 45 32856 6228
6255 0 49 54 32837 6223
6256 0 0 18 32838 6215
6256 0 41 27 32854 6227
6256 0 25 45 32843 6211
6256 0 49 54 32837 6224
6257 0 55 18 32854 6199
6257 0 26 27 32847 6243
6257 0 46 45 32856 6229
6257 0 49 54 32837 6225
6258 0 0 18 32838 6216
6258 0 41 27 32854 6228
6258 0 25 45 32843 6212
6258 0 49 54 32837 6226
6259 0 55 18 32854 6200
6259 0 26 27 32847 6244
6259 0 46 45 32856 6230
6259 0 49 54 32837 6227
6260 0 0 18 32838 6217
6260 0 41 27 32854 6229
6260 0 60 45 32848 6209
6260 0 49 54 32837 6228
6261 0 55 18 32854 6201
6261 0 26 27 32847 6245
6261 0 46 45 32856 6231
6261 0 49 54 32837 6229
6262 0 0 18 32838 6218
6262 0 41 27 32854 6230
6262 0 60 45 32848 6210
6263 0 55 18 32854 6202
6263 0 26 27 32847 6246
6263 0 46 45 32856 6232
6264 0 23 0 32863 6212
6264 0 55 18 32854 6203
6264 0 41 27 32854 6231
6264 1 57 42 32856 6242
6264 0 60 45 32848 6211
6265 0 23 0 32863 6213
6265 0 55 18 32854 6204
6265 0 26 27 32847 6247
6265 1 16 30 32856 6223
6265 1 42 35 32850 6248
6265 0 46 45 32856 6233
6266 0 23 0 32863 6214
6266 0 55 18 32854 6205
6266 0 41 27 32854 6232
6266 0 60 45 32848 6212
6267 1 27 0 32863 6230
6267 0 26 27 32847 6248
6267 0 46 45 32856 6234
6268 0 23 0 32863 6215
6268 0 46 9 32855 6216
6268 0 41 27 32854 6233
6268 1 43 31 32859 6231
6268 0 60 45 32848 6213
6269 0 23 0 32863 6216
6269 0 46 9 32855 6217
6269 0 26 27 32847 6249
6269 0 61 36 32854 6242
6269 0 46 45 32856 6235
6269 0 62 63 32858 6257
6270 0 23 0 32863 6217
6270 0 46 9 32855 6218
6270 0 25 27 32844 6240
6270 0 61 36 32854 6243
6270 0 60 45 32848 6214
6270 0 61 54 32856 6253
6270 0 62 63 32858 6258
6271 0 23 0 32863 6218
6271 0 60 9 32849 6219
6271 1 7 17 32864 6224
6271 0 21 18 32856 6249
6271 0 26 27 32847 6250
6271 0 61 36 32854 6245
6271 0 47 45 32850 6237
6271 0 61 54 32856 6254
6271 0 62 63 32858 6259
6272 0 27 0 32864 6235
6272 0 46 9 32855 6219
6272 0 42 18 32851 6250
6272 0 25 27 32844 6241
6272 0 61 36 32854 6246
6272 0 60 45 32848 6215
6272 0 61 54 32856 6255
6272 1 29 61 32837 6245
6272 0 62 63 32858 6260
6273 0 23 0 32863 6219
6273 0 60 9 32849 6220
6273 0 21 18 32856 6250
6273 0 25 27 32844 6242
6273 0 61 36 32854 6247
6273 0 47 45 32850 6238
6273 0 61 54 32856 6256
6273 0 62 63 32858 6261
6274 0 27 0 32864 6236
6274 0 46 9 32855 6220
6274 0 42 18 32851 6251
6274 0 25 27 32844 6243
6274 0 61 36 32854 6248
6274 0 60 45 32848 6216
6274 0 61 54 32856 6257
6274 0 62 63 32858 6262
6275 0 23 0 32863 6220
6275 0 60 9 32849 6221
6275 0 21 18 32856 6251
6275 0 25 27 32844 6244
6275 0 61 36 32854 6249
6275 0 47 45 32850 6239
6275 0 61 54 32856 6258
6275 0 62 63 32858 6263
6276 0 27 0 32864 6237
6276 0 46 9 32855 6221
6276 0 42 18 32851 6252
6276 0 25 27 32844 6245
6276 0 61 36 32854 6250
6276 0 60 45 32848 6217
6276 0 61 54 32856 6259
6276 0 62 63 32858 6264
6277 0 23 0 32863 6221
6277 0 60 9 32849 6222
6277 0 21 18 32856 6252
6277 0 25 27 32844 6246
6277 0 61 36 32854 6251
6277 1 45 38 32836 6260
6277 0 47 45 32850 6240
6277 0 61 54 32856 6260
6277 0 62 63 32858 6265
6278 0 27 0 32864 6238
6278 0 46 9 32855 6222
6278 0 42 18 32851 6253
6278 0 61 36 32854 6252
6278 0 60 45 32848 6218
6278 0 61 54 32856 6261
6278 0 62 63 32858 6266
6279 0 27 0 32864 6239
6279 0 60 9 32849 6223
6279 0 21 18 32856 6253
6279 0 25 27 32844 6247
6279 0 47 45 32850 6241
6279 0 61 54 32856 6262
6279 0 33 63 32833 6227
6280 0 25 0 32845 6250
6280 0 46 9 32855 6223
6280 0 42 18 32851 6254
6280 0 57 45 32855 6220
6280 0 33 63 32833 6228
6281 0 27 0 32864 6240
6281 0 60 9 32849 6224
6281 0 21 18 32856 6254
6281 0 25 27 32844 6248
6281 0 47 45 32850 6242
6281 0 33 63 32833 6229
6282 0 25 0 32845 6251
6282 0 46 9 32855 6224
6282 0 42 18 32851 6255
6282 0 57 45 32855 6221
6282 0 33 63 32833 6230
6283 0 27 0 32864 6241
6283 0 60 9 32849 6225
6283 0 21 18 32856 6255
6283 0 25 27 32844 6249
6283 0 59 36 32851 6256
6283 0 47 45 32850 6243
6283 1 30 59 32834 6241
6283 0 33 63 32833 6231
6284 0 25 0 32845 6252
6284 0 46 9 32855 6225
6284 0 42 18 32851 6256
6284 0 16 27 32857 6257
6284 0 51 36 32857 6262
6284 0 57 45 32855 6222
6284 0 33 63 32833 6232
6285 0 27 0 32864 6242
6285 0 60 9 32849 6226
6285 0 21 18 32856 6256
6285 0 16 27 32857 6258
6285 0 59 36 32851 6257
6285 0 47 45 32850 6244
6285 0 33 63 32833 6233
6286 0 25 0 32845 6253
6286 0 60 9 32849 6227
6286 0 42 18 32851 6257
6286 0 16 27 32857 6259
6286 0 51 36 32857 6263
6286 0 57 45 32855 6223
6286 0 33 63 32833 6234
6287 0 27 0 32864 6243
6287 0 60 9 32849 6228
6287 1 5 13 32855 6275
6287 0 21 18 32856 6257
6287 0 8 27 32846 6255
6287 0 59 36 32851 6258
6287 0 47 45 32850 6245
6287 0 33 63 32833 6235
6288 0 25 0 32845 6254
6288 0 42 18 32851 6258
6288 0 16 27 32857 6260
6288 0 51 36 32857 6264
6288 0 57 45 32855 6224
6288 0 33 63 32833 6236
6289 0 27 0 32864 6244
6289 0 21 18 32856 6258
6289 0 8 27 32846 6256
6289 0 59 36 32851 6259
6289 0 47 45 32850 6246
6290 0 25 0 32845 6255
6290 0 30 9 32835 6248
6290 0 42 18 32851 6259
6290 0 16 27 32857 6261
6290 0 51 36 32857 6265
6290 0 57 45 32855 6225
6290 1 27 62 32865 6248
6291 0 25 0 32845 6256
6291 0 30 9 32835 6249
6291 0 46 18 32857 6236
6291 0 8 27 32846 6257
6291 0 59 36 32851 6260
6291 0 41 45 32855 6237
6292 0 25 0 32845 6257
6292 0 30 9 32835 6250
6292 0 46 18 32857 6237
6292 0 8 27 32846 6258
6292 0 51 36 32857 6266
6292 0 57 45 32855 6226
6293 1 30 0 32833 6232
6293 0 30 9 32835 6251
6293 0 40 18 32859 6245
6293 0 16 27 32857 6262
6293 0 59 36 32851 6261
6293 0 41 45 32855 6238
6294 0 25 0 32845 6258
6294 0 30 9 32835 6252
6294 0 46 18 32857 6238
6294 0 8 27 32846 6259
6294 0 51 36 32857 6267
6294 0 57 45 32855 6227
6295 0 25 0 32845 6259
6295 0 30 9 32835 6253
6295 0 40 18 32859 6246
6295 0 16 27 32857 6263
6295 0 59 36 32851 6262
6295 1 43 62 32860 6263
6296 0 30 9 32835 6254
6296 0 46 18 32857 6239
6296 0 8 27 32846 6260
6296 0 51 36 32857 6268
6296 0 41 45 32855 6239
6296 0 39 63 32854 6274
6297 0 30 9 32835 6255
6297 0 40 18 32859 6247
6297 0 16 27 32857 6264
6297 0 59 36 32851 6263
6297 0 57 45 32855 6228
6297 0 39 63 32854 6275
6298 0 30 9 32835 6256
6298 0 46 18 32857 6240
6298 0 8 27 32846 6261
6298 0 51 36 32857 6269
6298 0 41 45 32855 6240
6298 0 39 63 32854 6276
6299 0 30 9 32835 6257
6299 0 40 18 32859 6248
6299 0 16 27 32857 6265
6299 0 59 36 32851 6264
6299 0 57 45 32855 6229
6299 0 39 63 32854 6277
6300 0 46 18 32857 6241
6300 0 8 27 32846 6262
6300 0 51 36 32857 6270
6300 0 41 45 32855 6241
6300 0 39 63 32854 6278
6301 0 40 18 32859 6249
6301 0 16 27 32857 6266
6301 0 59 36 32851 6265
6301 0 26 45 32848 6266
6301 0 39 63 32854 6279
6302 0 46 18 32857 6242
6302 0 8 27 32846 6263
6302 0 51 36 32857 6271
6302 0 41 45 32855 6242
6302 0 39 63 32854 6280
6303 1 41 15 32856 6243
6303 0 40 18 32859 6250
6303 0 26 45 32848 6267
6303 0 39 63 32854 6281
6304 0 46 18 32857 6243
6304 0 8 27 32846 6264
6304 1 17 36 32845 6271
6304 0 41 45 32855 6244
6304 0 39 63 32854 6282
6305 0 20 9 32840 6278
6305 0 40 18 32859 6251
6305 0 11 27 32854 6280
6305 0 26 45 32848 6268
6305 0 44 54 32860 6283
6305 0 39 63 32854 6283
6306 0 20 9 32840 6279
6306 0 46 18 32857 6244
6306 0 11 27 32854 6281
6306 0 41 45 32855 6245
6306 0 49 54 32839 6274
6307 0 20 9 32840 6280
6307 0 40 18 32859 6252
6307 0 11 27 32854 6282
6307 0 26 45 32848 6269
6307 0 44 54 32860 6284
6308 0 20 9 32840 6281
6308 0 46 18 32857 6245
6308 0 11 27 32854 6283
6308 0 41 45 32855 6246
6308 1 31 49 32836 6256
6308 0 49 54 32839 6275
6309 0 20 9 32840 6282
6309 0 40 18 32859 6253
6309 0 11 27 32854 6284
6309 0 26 45 32848 6270
6309 0 44 54 32860 6285
6310 0 20 9 32840 6283
6310 0 3 18 32855 6279
6310 0 11 27 32854 6285
6310 0 41 45 32855 6247
6310 0 49 54 32839 6276
6311 0 20 9 32840 6284
6311 0 40 18 32859 6254
6311 0 11 27 32854 6286
6311 0 26 45 32848 6271
6311 0 44 54 32860 6286
6312 0 20 9 32840 6285
6312 0 3 18 32855 6280
6312 0 11 27 32854 6287
6312 1 57 45 32854 6217
6312 0 49 54 32839 6277
6312 1 56 56 32865 6305
6313 0 20 9 32840 6286
6313 0 49 18 32838 6262
6313 0 11 27 32854 6288
6313 0 26 45 32848 6272
6313 0 44 54 32860 6287
6314 0 20 9 32840 6287
6314 0 3 18 32855 6281
6314 0 11 27 32854 6289
6314 0 1 45 32836 6244
6314 0 49 54 32839 6278
6315 1 43 11 32861 6288
6315 0 49 18 32838 6263
6315 0 51 36 32858 6293
6315 1 21 44 32857 6288
6315 0 26 45 32848 6273
6315 0 44 54 32860 6288
6316 0 3 18 32855 6282
6316 0 51 36 32858 6294
6316 0 1 45 32836 6245
6316 0 49 54 32839 6279
6317 0 49 18 32838 6264
6317 0 51 36 32858 6295
6317 0 26 45 32848 6274
6317 0 44 54 32860 6289
6318 0 3 18 32855 6283
6318 1 0 21 32839 6276
6318 0 11 27 32855 6301
6318 0 51 36 32858 6296
6318 0 1 45 32836 6246
6318 0 49 54 32839 6280
6318 0 17 63 32844 6256
6319 0 49 18 32838 6265
6319 0 11 27 32855 6302
6319 0 51 36 32858 6297
6319 0 26 45 32848 6275
6319 0 44 54 32860 6290
6319 0 17 63 32844 6257
6320 0 3 18 32855 6284
6320 0 11 27 32855 6303
6320 0 51 36 32858 6298
6320 0 1 45 32836 6247
6320 0 49 54 32839 6281
6320 0 17 63 32844 6258
6321 0 49 18 32838 6266
6321 0 11 27 32855 6304
6321 0 51 36 32858 6299
6321 1 52 45 32851 6278
6321 0 44 54 32860 6291
6321 0 17 63 32844 6259
6322 0 7 0 32866 6271
6322 0 3 18 32855 6285
6322 0 11 27 32855 6305
6322 0 51 36 32858 6300
6322 0 1 45 32836 6248
6322 0 49 54 32839 6282
6322 0 17 63 32844 6260
6323 0 33 0 32834 6291
6323 0 49 18 32838 6267
6323 0 11 27 32855 6306
6323 0 51 36 32858 6301
6323 0 1 45 32836 6249
6323 0 44 54 32860 6292
6323 0 17 63 32844 6261
6324 0 7 0 32866 6272
6324 0 3 18 32855 6286
6324 0 11 27 32855 6307
6324 0 51 36 32858 6302
6324 0 1 45 32836 6250
6324 0 49 54 32839 6283
6324 0 17 63 32844 6262
6325 0 33 0 32834 6292
6325 0 49 18 32838 6268
6325 0 11 27 32855 6308
6325 1 61 29 32855 6244
6325 0 1 45 32836 6251
6325 0 17 63 32844 6263
6326 0 7 0 32866 6273
6326 0 3 18 32855 6287
6326 0 11 27 32855 6309
6326 0 1 45 32837 6255
6326 0 17 63 32844 6264
6327 0 33 0 32834 6293
6327 0 49 18 32838 6269
6327 0 11 27 32855 6310
6327 0 1 45 32836 6252
6327 0 17 63 32844 6265
6328 0 7 0 32866 6274
6328 0 3 18 32855 6288
6328 0 1 45 32837 6256
6329 0 33 0 32834 6294
6329 0 49 18 32838 6270
6329 0 1 45 32836 6253
6330 0 7 0 32866 6275
6330 0 7 18 32865 6259
6330 0 1 45 32837 6257
6331 0 33 0 32834 6295
6331 0 11 9 32856 6314
6331 0 49 18 32838 6271
6331 0 1 45 32837 6258
6332 0 7 0 32866 6276
6332 0 11 9 32856 6315
6332 0 7 18 32865 6260
6332 0 1 45 32837 6259
6333 0 33 0 32834 6296
6333 0 11 9 32856 6316
6333 0 59 18 32850 6246
6333 0 1 45 32837 6260
6333 0 41 63 32857 6282
6334 0 7 0 32866 6277
6334 0 11 9 32856 6317
6334 0 7 18 32865 6261
6334 0 1 45 32837 6261
6334 0 41 63 32857 6283
6335 0 33 0 32834 6297
6335 0 11 9 32856 6318
6335 0 59 18 32850 6247
6335 0 1 45 32837 6262
6335 0 41 63 32857 6284
6336 0 7 0 32866 6278
6336 0 11 9 32856 6319
6336 1 13 16 32843 6299
6336 0 7 18 32865 6262
6336 0 1 45 32837 6263
6336 0 41 63 32857 6285
6337 0 33 0 32834 6298
6337 0 11 9 32856 6320
6337 0 59 18 32850 6248
6337 1 28 28 32843 6330
6337 0 1 45 32837 6264
6337 0 41 63 32857 6286
6338 0 7 0 32866 6279
6338 0 11 9 32856 6321
6338 0 7 18 32865 6263
6338 0 51 63 32859 6305
6339 0 33 0 32834 6299
6339 0 11 9 32856 6322
6339 0 59 18 32850 6249
6339 0 1 45 32838 6287
6339 1 25 46 32846 6297
6339 0 41 63 32857 6287
6340 0 7 0 32866 6280
6340 0 11 9 32856 6323
6340 0 7 18 32865 6264
6340 1 30 33 32836 6303
6340 0 1 45 32838 6288
6340 0 51 63 32859 6306
6341 0 33 0 32834 6300
6341 0 59 18 32850 6250
6341 0 1 45 32838 6289
6341 1 12 62 32835 6294
6341 0 41 63 32857 6288
6342 0 50 0 32835 6279
6342 0 7 18 32865 6265
6342 1 10 29 32852 6310
6342 0 1 45 32838 6290
6342 0 51 63 32859 6307
6343 0 50 0 32835 6280
6343 0 59 18 32850 6251
6343 0 1 45 32838 6291
6343 0 41 63 32857 6289
6344 0 1 0 32839 6332
6344 0 7 18 32865 6266
6344 1 7 44 32867 6297
6344 0 1 45 32838 6292
6344 0 51 63 32859 6308
6345 0 50 0 32835 6281
6345 0 59 18 32850 6252
6345 0 24 36 32856 6313
6345 0 1 45 32838 6293
6345 0 41 63 32857 6290
6346 0 1 0 32839 6333
6346 0 7 18 32865 6267
6346 0 24 36 32856 6314
6346 0 1 45 32838 6294
6346 0 51 63 32859 6309
6347 0 50 0 32835 6282
6347 0 59 18 32850 6253
6347 0 24 36 32856 6315
6347 0 1 45 32838 6295
6347 0 41 63 32857 6291
6348 0 1 0 32839 6334
6348 0 7 18 32865 6268
6348 1 27 30 32866 6326
6348 0 24 36 32856 6316
6348 0 23 45 32864 6316
6348 0 51 63 32859 6310
6349 0 50 0 32835 6283
6349 0 59 18 32850 6254
6349 0 24 36 32856 6317
6349 0 1 45 32838 6296
6349 0 51 63 32859 6311
6350 0 1 0 32839 6335
6350 1 48 8 32852 6318
6350 0 63 18 32846 6279
6350 0 24 36 32856 6318
6350 0 23 45 32864 6317
6350 0 51 63 32859 6312
6351 0 50 0 32835 6284
6351 0 59 18 32850 6255
6351 0 24 36 32856 6319
6351 0 23 45 32864 6318
6351 0 51 63 32859 6313
6352 0 1 0 32839 6336
6352 0 63 18 32846 6280
6352 0 24 36 32856 6320
6352 0 23 45 32864 6319
6352 0 51 63 32859 6314
6353 0 50 0 32835 6285
6353 0 63 18 32846 6281
6353 0 24 36 32856 6321
6353 1 60 41 32850 6321
6353 0 23 45 32864 6320
6354 0 1 0 32839 6337
6354 1 18 4 32843 6327
6354 0 20 9 32841 6327
6354 0 63 18 32846 6282
6354 0 31 36 32838 6327
6354 0 61 45 32857 6337
6355 0 50 0 32835 6286
6355 0 20 9 32841 6328
6355 0 63 18 32846 6283
6355 0 24 36 32856 6322
6355 0 23 45 32864 6321
6356 0 1 0 32839 6338
6356 0 20 9 32841 6329
6356 0 63 18 32846 6284
6356 0 31 36 32838 6328
6356 0 61 45 32857 6338
6357 0 50 0 32835 6287
6357 0 20 9 32841 6330
6357 0 63 18 32846 6285
6357 0 31 36 32838 6329
6357 0 23 45 32864 6322
6358 0 1 0 32839 6339
6358 0 20 9 32841 6331
6358 0 63 18 32846 6286
6358 0 31 36 32838 6330
6358 0 61 45 32857 6339
6359 0 50 0 32835 6288
6359 0 20 9 32841 6332
6359 0 63 18 32846 6287
6359 0 31 36 32838 6331
6359 0 23 45 32864 6323
6360 0 1 0 32839 6340
6360 0 20 9 32841 6333
6360 0 63 18 32846 6288
6360 0 31 36 32838 6332
6360 0 61 45 32857 6340
6361 0 5 0 32856 6317
6361 0 20 9 32841 6334
6361 0 31 36 32838 6333
6361 0 23 45 32864 6324
6362 0 1 0 32839 6341
6362 0 20 9 32841 6335
6362 1 7 35 32868 6315
6362 0 31 36 32838 6334
6362 0 61 45 32857 6341
6363 0 5 0 32856 6318
6363 0 20 9 32841 6336
6363 1 54 18 32858 6314
6363 0 31 36 32838 6335
6363 0 23 45 32864 6325
6364 0 5 0 32856 6319
6364 0 31 9 32837 6317
6364 0 31 36 32838 6336
6364 0 61 45 32857 6342
6365 0 5 0 32856 6320
6365 0 31 9 32837 6318
6365 0 30 45 32837 6337
6366 0 5 0 32856 6321
6366 0 63 9 32847 6299
6366 1 12 11 32836 6354
6366 1 10 31 32853 6324
6366 0 61 45 32857 6343
6367 0 5 0 32856 6322
6367 0 31 9 32837 6319
6367 0 46 27 32858 6335
6367 0 30 45 32837 6338
6368 0 5 0 32856 6323
6368 0 63 9 32847 6300
6368 1 55 26 32855 6321
6368 0 46 27 32858 6336
6368 0 61 45 32857 6344
6369 0 5 0 32856 6324
6369 0 31 9 32837 6320
6369 0 46 27 32858 6337
6369 0 30 45 32837 6339
6370 0 5 0 32856 6325
6370 0 63 9 32847 6301
6370 0 46 27 32858 6338
6370 0 61 45 32857 6345
6371 0 5 0 32856 6326
6371 0 31 9 32837 6321
6371 0 46 27 32858 6339
6371 0 30 45 32837 6340
6372 0 63 9 32847 6302
6372 0 46 27 32858 6340
6372 0 61 45 32857 6346
6373 0 31 9 32837 6322
6373 0 46 27 32858 6341
6373 0 30 45 32837 6341
6374 0 47 0 32851 6307
6374 0 63 9 32847 6303
6374 0 46 27 32858 6342
6374 0 32 36 32851 6347
6374 0 4 45 32862 6330
6374 0 38 54 32874 6357
6375 0 47 0 32851 6308
6375 0 31 9 32837 6323
6375 0 46 27 32858 6343
6375 0 32 36 32851 6348
6375 0 30 45 32837 6342
6375 0 38 54 32874 6358
6376 0 47 0 32851 6309
6376 1 35 6 32859 6334
6376 0 63 9 32847 6304
6376 0 46 27 32858 6344
6376 0 32 36 32851 6349
6376 0 4 45 32862 6331
6376 0 38 54 32874 6359
6376 1 0 61 32840 6305
6377 0 47 0 32851 6310
6377 1 35 7 32858 6330
6377 0 31 9 32837 6324
6377 0 32 36 32851 6350
6377 0 30 45 32837 6343
6377 0 38 54 32874 6360
6378 0 47 0 32851 6311
6378 0 63 9 32847 6305
6378 0 32 36 32851 6351
6378 1 39 41 32855 6336
6378 0 4 45 32862 6332
6378 0 38 54 32874 6361
6379 0 47 0 32851 6312
6379 0 31 9 32837 6325
6379 1 32 36 32852 6352
6379 0 30 45 32837 6344
6379 0 38 54 32874 6362
6380 0 47 0 32851 6313
6380 0 63 9 32847 6306
6380 0 32 36 32851 6353
6380 0 4 45 32862 6333
6380 0 38 54 32874 6363
6380 0 16 63 32858 6313
6381 0 47 0 32851 6314
6381 1 2 3 32833 6369
6381 0 31 9 32837 6326
6381 0 32 36 32851 6354
6381 0 30 45 32837 6345
6381 0 38 54 32874 6364
6381 0 16 63 32858 6314
6382 0 47 0 32851 6315
6382 0 63 9 32847 6307
6382 0 32 36 32851 6355
6382 0 4 45 32862 6334
6382 0 38 54 32874 6365
6382 0 16 63 32858 6315
6383 0 47 0 32851 6316
6383 0 63 9 32847 6308
6383 0 32 36 32851 6356
6383 0 30 45 32837 6346
6383 0 38 54 32874 6366
6383 0 16 63 32858 6316
6384 0 32 36 32851 6357
6384 0 4 45 32862 6335
6384 0 16 63 32858 6317
6385 0 4 45 32862 6336
6385 0 16 63 32858 6318
6386 0 11 45 32857 6336
6386 0 16 63 32858 6319
6387 0 4 45 32862 6337
6387 0 16 63 32858 6320
6388 1 60 24 32851 6341
6388 0 11 45 32857 6337
6388 0 16 63 32858 6321
6389 0 4 45 32862 6338
6389 0 16 63 32858 6322
6390 0 34 9 32852 6363
6390 0 11 45 32857 6338
6391 0 34 9 32852 6364
6391 1 47 14 32852 6359
6391 0 4 45 32862 6339
6392 0 34 9 32852 6365
6392 0 11 45 32857 6339
6392 0 37 54 32849 6370
6393 0 34 9 32852 6366
6393 0 11 45 32857 6340
6393 0 37 54 32849 6371
6393 0 58 63 32851 6361
6394 0 34 9 32852 6367
6394 0 38 45 32875 6377
6394 0 37 54 32849 6372
6394 0 58 63 32851 6362
6395 0 34 9 32852 6368
6395 0 33 18 32835 6373
6395 0 11 45 32857 6341
6395 0 37 54 32849 6373
6395 0 58 63 32851 6363
6396 0 34 9 32852 6369
6396 0 33 18 32835 6374
6396 0 38 45 32875 6378
6396 0 37 54 32849 6374
6396 0 58 63 32851 6364
6397 1 18 4 32845 6370
6397 0 34 9 32852 6370
6397 0 33 18 32835 6375
6397 0 11 45 32857 6342
6397 0 37 54 32849 6375
6397 0 58 63 32851 6365
6398 0 34 9 32852 6371
6398 0 32 18 32853 6371
6398 0 38 45 32875 6379
6398 0 37 54 32849 6376
6398 0 58 63 32851 6366
6399 0 34 9 32852 6372
6399 0 33 18 32835 6376
6399 0 11 45 32857 6343
6399 0 37 54 32849 6377
6399 1 20 56 32842 6347
6399 0 58 63 32851 6367
6400 0 7 0 32869 6358
6400 0 32 18 32853 6372
6400 0 38 45 32875 6380
6400 0 37 54 32849 6378
6400 0 58 63 32851 6368
6401 0 7 0 32869 6359
6401 0 33 18 32835 6377
6401 0 11 45 32857 6344
6401 0 37 54 32849 6379
6401 0 58 63 32851 6369
6402 0 7 0 32869 6360
6402 0 32 18 32853 6373
6402 0 38 45 32875 6381
6402 0 58 63 32851 6370
6403 0 7 0 32869 6361
6403 0 33 18 32835 6378
6403 1 6 43 32862 6356
6403 0 11 45 32857 6345
6404 0 7 0 32869 6362
6404 0 32 18 32853 6374
6404 0 38 45 32875 6382
6405 0 7 0 32869 6363
6405 0 33 18 32835 6379
6405 0 63 45 32849 6378
6405 0 53 63 32849 6383
6406 0 7 0 32869 6364
6406 0 32 18 32853 6375
6406 0 38 45 32875 6383
6406 0 53 63 32849 6384
6407 0 7 0 32869 6365
6407 0 33 18 32835 6380
6407 0 63 45 32849 6379
6407 0 53 63 32849 6385
6408 0 7 0 32869 6366
6408 0 32 18 32853 6377
6408 0 38 45 32875 6384
6408 0 53 63 32849 6386
6409 0 7 0 32869 6367
6409 0 33 18 32835 6381
6409 1 14 36 32852 6377
6409 0 63 45 32849 6380
6409 0 53 63 32849 6387
6410 0 40 0 32860 6378
6410 0 32 18 32853 6378
6410 0 38 45 32875 6385
6410 0 53 63 32849 6388
6411 0 40 0 32860 6379
6411 0 33 18 32835 6382
6411 0 63 45 32849 6381
6411 0 22 63 32852 6374
6412 0 40 0 32860 6380
6412 0 32 18 32853 6379
6412 0 38 45 32875 6386
6412 0 53 63 32849 6389
6413 0 40 0 32860 6381
6413 1 14 10 32853 6386
6413 0 32 18 32853 6380
6413 0 63 45 32849 6382
6413 0 22 63 32852 6375
6414 0 40 0 32860 6382
6414 0 32 18 32853 6381
6414 0 3 27 32856 6392
6414 0 18 45 32844 6357
6414 0 53 63 32849 6390
6415 0 40 0 32860 6383
6415 0 3 27 32856 6393
6415 1 22 32 32851 6368
6415 0 63 45 32849 6383
6415 0 22 63 32852 6376
6416 0 40 0 32860 6384
6416 1 25 22 32847 6379
6416 0 3 27 32856 6394
6416 0 18 45 32844 6358
6416 0 53 63 32849 6391
6417 0 40 0 32860 6385
6417 0 3 27 32856 6395
6417 0 63 45 32849 6384
6417 0 22 63 32852 6377
6418 0 40 0 32860 6386
6418 1 7 22 32870 6396
6418 0 3 27 32856 6396
6418 0 18 45 32844 6359
6418 0 53 63 32849 6392
6419 0 40 0 32860 6387
6419 0 49 9 32840 6387
6419 1 12 18 32838 6397
6419 0 3 27 32856 6397
6419 0 63 45 32849 6385
6419 0 22 63 32852 6378
6420 0 49 9 32840 6388
6420 0 3 27 32856 6398
6420 0 18 45 32844 6360
6420 0 57 63 32857 6378
6421 0 49 9 32840 6389
6421 0 3 27 32856 6399
6421 0 63 45 32849 6386
6421 0 22 63 32852 6379
6422 0 49 9 32840 6390
6422 0 3 27 32856 6400
6422 0 18 45 32844 6361
6422 1 56 57 32867 6410
6422 0 57 63 32857 6379
6423 0 49 9 32840 6391
6423 0 3 27 32856 6401
6423 0 48 36 32853 6386
6423 0 63 45 32849 6387
6423 0 22 63 32852 6380
6424 0 49 9 32840 6392
6424 0 48 36 32853 6387
6424 0 18 45 32844 6362
6424 0 57 63 32857 6380
6425 0 49 9 32840 6393
6425 0 48 36 32853 6388
6425 0 50 45 32836 6379
6425 0 22 63 32852 6381
6426 0 49 9 32840 6394
6426 0 48 36 32853 6389
6426 0 18 45 32844 6363
6426 0 57 63 32857 6381
6427 0 49 9 32840 6395
6427 0 48 36 32853 6390
6427 0 50 45 32836 6380
6427 0 22 63 32852 6382
6428 0 49 9 32840 6396
6428 0 48 36 32853 6391
6428 0 18 45 32844 6364
6428 0 57 63 32857 6382
6429 0 48 36 32853 6392
6429 0 50 45 32836 6381
6429 1 32 46 32854 6376
6429 0 22 63 32852 6383
6430 1 25 10 32849 6408
6430 0 48 36 32853 6394
6430 0 18 45 32844 6365
6430 0 57 63 32857 6383
6431 0 63 0 32848 6354
6431 0 48 36 32853 6395
6431 0 50 45 32836 6382
6431 0 21 63 32858 6370
6432 0 63 0 32848 6355
6432 0 48 36 32853 6396
6432 0 18 45 32844 6366
6432 0 57 63 32857 6384
6433 0 63 0 32848 6356
6433 0 50 45 32836 6383
6433 0 51 54 32860 6411
6433 0 21 63 32858 6371
6434 0 63 0 32848 6357
6434 0 44 45 32861 6419
6434 0 51 54 32860 6412
6434 0 57 63 32857 6385
6435 0 63 0 32848 6358
6435 1 48 19 32854 6393
6435 0 50 45 32836 6384
6435 0 51 54 32860 6413
6435 0 21 63 32858 6372
6436 0 63 0 32848 6359
6436 0 44 45 32861 6420
6436 0 0 54 32841 6369
6436 0 57 63 32857 6386
6437 0 58 0 32852 6385
6437 0 50 45 32836 6385
6437 0 51 54 32860 6414
6437 0 21 63 32858 6373
6438 0 63 0 32848 6360
6438 1 52 19 32852 6406
6438 0 44 45 32861 6421
6438 0 0 54 32841 6370
6438 0 57 63 32857 6387
6439 0 58 0 32852 6386
6439 0 50 45 32836 6386
6439 0 51 54 32860 6415
6439 0 21 63 32858 6374
6440 0 63 0 32848 6361
6440 0 44 45 32861 6422
6440 0 0 54 32841 6371
6440 0 21 63 32858 6375
6441 0 58 0 32852 6387
6441 0 50 45 32836 6387
6441 0 51 54 32860 6416
6441 0 21 63 32858 6376
6442 0 63 0 32848 6362
6442 0 1 36 32840 6400
6442 0 44 45 32861 6423
6442 0 0 54 32841 6372
6442 0 21 63 32858 6377
6443 0 58 0 32852 6388
6443 0 8 36 32847 6401
6443 0 50 45 32836 6388
6443 0 51 54 32860 6417
6443 0 14 63 32851 6373
6444 0 63 0 32848 6363
6444 0 1 36 32840 6401
6444 0 44 45 32861 6424
6444 0 0 54 32841 6373
6444 1 56 55 32866 6397
6444 0 21 63 32858 6378
6445 0 58 0 32852 6389
6445 0 8 36 32847 6402
6445 0 20 45 32843 6369
6445 0 51 54 32860 6418
6445 0 14 63 32851 6374
6446 0 58 0 32852 6390
6446 0 1 36 32840 6402
6446 0 44 45 32861 6425
6446 0 0 54 32841 6374
6446 0 21 63 32858 6379
6447 0 58 0 32852 6391
6447 0 8 36 32847 6403
6447 0 20 45 32843 6370
6447 0 51 54 32860 6419
6447 1 8 58 32848 6400
6447 0 14 63 32851 6375
6448 0 47 0 32853 6381
6448 0 12 9 32839 6426
6448 0 1 36 32840 6403
6448 0 44 45 32861 6426
6448 0 0 54 32841 6375
6448 0 14 63 32851 6376
6449 0 58 0 32852 6392
6449 0 12 9 32839 6427
6449 0 8 36 32847 6404
6449 0 20 45 32843 6371
6449 0 51 54 32860 6420
6449 0 14 63 32851 6378
6450 0 47 0 32853 6382
6450 0 12 9 32839 6428
6450 0 1 36 32840 6404
6450 0 44 45 32861 6427
6450 0 0 54 32841 6376
6450 0 14 63 32851 6379
6451 0 58 0 32852 6393
6451 0 12 9 32839 6429
6451 0 8 36 32847 6405
6451 0 20 45 32843 6372
6451 0 0 54 32841 6377
6451 0 14 63 32851 6380
6452 0 47 0 32853 6383
6452 0 12 9 32839 6430
6452 0 1 36 32840 6405
6452 0 44 45 32861 6428
6452 0 0 54 32841 6378
6452 0 14 63 32851 6381
6453 0 58 0 32852 6394
6453 0 12 9 32839 6431
6453 0 8 36 32847 6406
6453 0 20 45 32843 6373
6453 0 14 63 32851 6382
6454 0 47 0 32853 6384
6454 0 12 9 32839 6432
6454 0 1 36 32840 6406
6454 0 11 45 32858 6370
6454 0 14 63 32851 6383
6455 0 47 0 32853 6385
6455 0 12 9 32839 6433
6455 0 8 36 32847 6407
6455 0 20 45 32843 6374
6456 0 47 0 32853 6386
6456 0 12 9 32839 6434
6456 0 1 36 32840 6407
6456 0 11 45 32858 6371
6457 0 47 0 32853 6387
6457 0 12 9 32839 6435
6457 0 8 36 32847 6408
6457 0 20 45 32843 6375
6458 0 47 0 32853 6388
6458 0 1 9 32842 6446
6458 0 1 36 32840 6409
6458 0 11 45 32858 6372
6459 0 47 0 32853 6389
6459 0 1 9 32842 6447
6459 0 8 36 32847 6409
6459 0 20 45 32843 6376
6459 1 44 58 32862 6432
6460 0 47 0 32853 6390
6460 0 1 9 32842 6448
6460 0 1 36 32840 6410
6460 0 11 45 32858 6373
6461 0 1 9 32842 6449
6461 0 8 36 32847 6410
6461 0 20 45 32843 6377
6462 0 1 9 32842 6450
6462 0 11 45 32858 6374
6463 0 1 9 32842 6451
6463 0 20 45 32843 6378
6464 0 1 9 32842 6452
6464 1 20 40 32844 6422
6464 0 11 45 32858 6375
6465 0 1 9 32842 6453
6465 1 36 33 32839 6443
6465 0 11 45 32858 6376
6466 0 1 9 32842 6454
6466 0 25 45 32848 6382
6467 0 1 9 32842 6455
6467 0 11 45 32858 6377
6468 0 25 45 32848 6383
6469 1 15 13 32847 6452
6469 0 11 45 32858 6378
6470 0 25 45 32848 6384
6470 0 55 63 32857 6458
6471 0 11 45 32858 6379
6471 0 55 63 32857 6459
6472 0 55 9 32856 6410
6472 0 25 45 32848 6385
6472 0 55 63 32857 6460
6473 0 55 9 32856 6411
6473 0 45 45 32837 6463
6473 0 8 54 32849 6411
6473 0 55 63 32857 6461
6474 0 2 9 32834 6457
6474 0 17 18 32847 6462
6474 0 25 45 32848 6386
6474 0 22 54 32853 6447
6474 0 55 63 32857 6462
6475 0 55 9 32856 6412
6475 0 35 36 32860 6463
6475 0 45 45 32837 6464
6475 0 8 54 32849 6412
6475 0 55 63 32857 6463
6476 0 2 9 32834 6458
6476 0 17 18 32847 6463
6476 0 35 36 32860 6464
6476 0 25 45 32848 6387
6476 0 22 54 32853 6448
6476 0 55 63 32857 6464
6477 0 55 9 32856 6413
6477 0 17 18 32847 6464
6477 0 35 36 32860 6465
6477 0 45 45 32837 6465
6477 0 8 54 32849 6413
6477 0 55 63 32857 6465
6478 0 2 9 32834 6459
6478 0 17 18 32847 6465
6478 0 35 36 32860 6466
6478 0 25 45 32848 6388
6478 0 22 54 32853 6449
6478 0 55 63 32857 6466
6479 0 55 9 32856 6414
6479 0 17 18 32847 6466
6479 0 35 36 32860 6467
6479 0 45 45 32837 6466
6479 0 8 54 32849 6414
6479 0 55 63 32857 6467
6480 0 2 9 32834 6460
6480 0 17 18 32847 6467
6480 0 35 36 32860 6468
6480 0 25 45 32848 6389
6480 0 22 54 32853 6450
6480 1 1 63 32841 6408
6481 0 55 9 32856 6415
6481 0 17 18 32847 6468
6481 0 35 36 32860 6469
6481 0 45 45 32837 6467
6481 0 8 54 32849 6415
6482 0 2 9 32834 6461
6482 0 17 18 32847 6469
6482 0 35 36 32860 6470
6482 0 25 45 32848 6390
6482 0 22 54 32853 6451
6483 0 55 9 32856 6416
6483 0 17 18 32847 6470
6483 0 35 36 32860 6471
6483 0 45 45 32837 6468
6483 0 8 54 32849 6416
6483 1 31 59 32839 6436
6484 0 2 9 32834 6462
6484 0 17 18 32847 6471
6484 0 35 36 32860 6472
6484 0 25 45 32848 6391
6484 0 22 54 32853 6452
6484 0 31 63 32840 6457
6485 0 55 9 32856 6417
6485 0 45 45 32837 6470
6485 0 8 54 32849 6417
6485 0 31 63 32840 6458
6486 0 2 9 32834 6463
6486 0 12 45 32837 6396
6486 0 22 54 32853 6453
6486 0 31 63 32840 6459
6487 0 55 9 32856 6418
6487 0 45 45 32837 6471
6487 0 8 54 32849 6418
6487 0 31 63 32840 6460
6488 0 2 9 32834 6464
6488 0 12 45 32837 6398
6488 0 22 54 32853 6454
6488 0 24 63 32857 6412
6489 0 55 9 32856 6419
6489 0 45 45 32837 6472
6489 0 8 54 32849 6419
6489 0 31 63 32840 6461
6490 0 2 9 32834 6465
6490 0 12 45 32837 6399
6490 0 22 54 32853 6455
6490 0 24 63 32857 6413
6491 0 4 9 32864 6453
6491 1 5 22 32857 6469
6491 0 45 45 32837 6474
6491 0 8 54 32849 6420
6491 0 31 63 32840 6462
6492 0 2 9 32834 6466
6492 0 25 18 32850 6475
6492 0 61 36 32858 6465
6492 0 12 45 32837 6400
6492 0 22 54 32853 6456
6492 0 24 63 32857 6414
6493 0 4 9 32864 6454
6493 0 25 18 32850 6476
6493 0 61 36 32858 6466
6493 0 26 45 32849 6412
6493 0 31 63 32840 6463
6494 0 4 9 32864 6455
6494 0 25 18 32850 6477
6494 0 61 36 32858 6467
6494 0 12 45 32837 6401
6494 0 24 63 32857 6415
6495 0 0 9 32843 6476
6495 0 25 18 32850 6478
6495 0 61 36 32858 6468
6495 0 26 45 32849 6413
6495 0 31 63 32840 6464
6496 0 4 9 32864 6456
6496 0 25 18 32850 6479
6496 0 61 36 32858 6469
6496 0 12 45 32837 6402
6496 0 39 54 32856 6463
6496 0 24 63 32857 6416
6497 0 0 9 32843 6477
6497 1 22 18 32855 6470
6497 0 61 36 32858 6470
6497 0 26 45 32849 6414
6497 0 59 54 32852 6470
6497 0 31 63 32840 6465
6498 0 4 9 32864 6457
6498 0 25 18 32850 6480
6498 0 61 36 32858 6471
6498 0 12 45 32837 6403
6498 0 39 54 32856 6464
6498 0 24 63 32857 6417
6499 0 0 9 32843 6478
6499 0 25 18 32850 6481
6499 0 61 36 32858 6472
6499 0 26 45 32849 6415
6499 0 59 54 32852 6471
6499 0 31 63 32840 6466
6500 0 4 9 32864 6458
6500 0 25 18 32850 6482
6500 0 12 45 32837 6404
6500 0 39 54 32856 6465
6500 1 29 62 32838 6456
6500 0 24 63 32857 6418
6501 0 0 9 32843 6479
6501 0 25 18 32850 6483
6501 0 61 36 32858 6473
6501 0 26 45 32849 6416
6501 0 59 54 32852 6472
6501 0 24 63 32857 6419
6502 0 4 9 32864 6459
6502 0 25 18 32850 6484
6502 0 61 36 32858 6474
6502 0 12 45 32837 6405
6502 0 39 54 32856 6466
6502 0 55 63 32859 6488
6503 0 0 9 32843 6480
6503 0 26 45 32849 6417
6503 0 59 54 32852 6474
6503 0 24 63 32857 6420
6504 0 4 9 32864 6460
6504 0 12 45 32837 6406
6504 0 39 54 32856 6467
6504 0 55 63 32859 6489
6505 0 0 9 32843 6481
6505 0 38 27 32876 6478
6505 0 26 45 32849 6418
6505 0 59 54 32852 6475
6505 0 24 63 32857 6421
6506 1 45 6 32838 6469
6506 0 4 9 32864 6461
6506 0 36 27 32840 6488
6506 0 55 45 32858 6477
6506 0 39 54 32856 6468
6506 0 55 63 32859 6490
6507 1 44 7 32863 6460
6507 0 0 9 32843 6482
6507 0 38 27 32876 6480
6507 0 26 45 32849 6419
6507 0 59 54 32852 6476
6507 0 55 63 32859 6491
6508 0 4 9 32864 6462
6508 0 36 27 32840 6489
6508 0 55 45 32858 6478
6508 0 39 54 32856 6469
6508 0 55 63 32859 6492
6509 0 0 9 32843 6483
6509 0 38 27 32876 6481
6509 0 26 45 32849 6420
6509 0 59 54 32852 6477
6509 0 55 63 32859 6493
6510 0 5 0 32858 6478
6510 0 22 9 32854 6463
6510 0 36 27 32840 6490
6510 0 55 45 32858 6479
6510 0 39 54 32856 6470
6510 0 55 63 32859 6494
6511 0 5 0 32858 6479
6511 0 0 9 32843 6484
6511 0 38 27 32876 6482
6511 0 26 45 32849 6421
6511 0 59 54 32852 6478
6511 0 55 63 32859 6495
6512 0 5 0 32858 6480
6512 0 22 9 32854 6464
6512 0 36 27 32840 6491
6512 0 55 45 32858 6480
6512 1 52 47 32853 6485
6512 0 39 54 32856 6471
6512 0 55 63 32859 6496
6513 0 5 0 32858 6481
6513 0 0 9 32843 6485
6513 0 38 27 32876 6483
6513 0 18 45 32846 6416
6513 0 59 54 32852 6479
6513 0 55 63 32859 6497
6514 0 5 0 32858 6482
6514 0 22 9 32854 6465
6514 0 36 27 32840 6492
6514 0 55 45 32858 6481
6514 0 39 54 32856 6472
6515 0 5 0 32858 6483
6515 0 22 9 32854 6466
6515 0 38 27 32876 6484
6515 0 18 45 32846 6417
6515 0 59 54 32852 6480
6516 0 5 0 32858 6484
6516 0 22 9 32854 6467
6516 0 36 27 32840 6493
6516 0 55 45 32858 6482
6516 0 13 54 32844 6449
6516 1 57 63 32858 6466
6517 0 5 0 32858 6485
6517 0 22 9 32854 6468
6517 0 38 27 32876 6485
6517 0 18 45 32846 6418
6517 0 60 54 32852 6479
6518 0 5 0 32858 6486
6518 0 22 9 32854 6469
6518 0 21 18 32860 6496
6518 0 36 27 32840 6494
6518 1 19 31 32838 6486
6518 0 55 45 32858 6483
6518 0 13 54 32844 6450
6519 0 5 0 32858 6487
6519 0 22 9 32854 6471
6519 0 21 18 32860 6497
6519 0 38 27 32876 6486
6519 0 18 45 32846 6419
6519 0 60 54 32852 6480
6520 1 59 4 32853 6473
6520 0 22 9 32854 6472
6520 0 21 18 32860 6498
6520 0 36 27 32840 6495
6520 0 55 45 32858 6484
6520 0 13 54 32844 6451
6521 0 22 9 32854 6473
6521 0 21 18 32860 6499
6521 0 38 27 32876 6487
6521 0 18 45 32846 6420
6521 0 60 54 32852 6481
6522 1 46 5 32859 6485
6522 0 21 18 32860 6500
6522 0 36 27 32840 6496
6522 0 55 45 32858 6485
6522 0 13 54 32844 6452
6522 1 4 62 32863 6448
6523 0 6 0 32863 6484
6523 0 21 18 32860 6501
6523 0 38 27 32876 6488
6523 0 18 45 32846 6421
6523 0 60 54 32852 6482
6524 0 6 0 32863 6485
6524 0 21 18 32860 6502
6524 0 36 27 32840 6497
6524 0 55 45 32858 6486
6524 1 44 47 32864 6502
6524 0 13 54 32844 6453
6525 0 6 0 32863 6486
6525 0 21 18 32860 6503
6525 0 5 27 32859 6489
6525 0 15 36 32848 6488
6525 0 18 45 32846 6422
6525 0 60 54 32852 6483
6526 0 6 0 32863 6487
6526 0 21 18 32860 6504
6526 0 28 27 32844 6495
6526 0 15 36 32848 6489
6526 0 54 45 32859 6489
6526 0 13 54 32844 6454
6527 0 6 0 32863 6489
6527 0 21 18 32860 6505
6527 0 5 27 32859 6490
6527 0 15 36 32848 6490
6527 0 18 45 32846 6423
6527 1 13 49 32845 6475
6527 0 60 54 32852 6484
6528 0 6 0 32863 6490
6528 0 28 27 32844 6496
6528 0 15 36 32848 6491
6528 0 54 45 32859 6490
6528 0 13 54 32844 6455
6529 0 6 0 32863 6491
6529 0 5 27 32859 6491
6529 0 15 36 32848 6492
6529 0 18 45 32846 6424
6529 0 60 54 32852 6485
6530 1 9 0 32848 6513
6530 0 28 27 32844 6497
6530 1 42 34 32852 6518
6530 0 15 36 32848 6493
6530 0 54 45 32859 6491
6530 0 13 54 32844 6456
6531 0 6 0 32863 6492
6531 1 8 21 32850 6494
6531 1 38 26 32877 6479
6531 0 5 27 32859 6492
6531 0 15 36 32848 6494
6531 0 18 45 32846 6425
6531 0 60 54 32852 6486
6532 0 28 27 32844 6498
6532 0 15 36 32848 6496
6532 0 54 45 32859 6492
6532 0 13 54 32844 6457
6533 0 6 0 32863 6493
6533 0 5 27 32859 6493
6533 0 15 36 32848 6497
6533 0 3 45 32857 6439
6533 0 60 54 32852 6487
6534 0 28 27 32844 6499
6534 0 15 36 32848 6498
6534 0 54 45 32859 6493
6534 0 13 54 32844 6458
6535 0 6 0 32863 6494
6535 0 5 27 32859 6494
6535 0 43 36 32862 6518
6535 0 3 45 32857 6440
6535 0 60 54 32852 6488
6535 0 58 63 32853 6503
6536 0 28 27 32844 6500
6536 0 43 36 32862 6519
6536 0 54 45 32859 6494
6536 0 36 54 32841 6498
6536 0 58 63 32853 6504
6537 0 5 27 32859 6495
6537 0 43 36 32862 6520
6537 0 3 45 32857 6441
6537 0 19 54 32837 6462
6537 0 58 63 32853 6505
6538 0 28 27 32844 6501
6538 0 43 36 32862 6521
6538 0 54 45 32859 6495
6538 0 36 54 32841 6499
6538 0 58 63 32853 6506
6539 0 5 27 32859 6496
6539 1 46 34 32860 6507
6539 0 43 36 32862 6522
6539 0 3 45 32857 6442
6539 0 19 54 32837 6463
6539 0 58 63 32853 6507
6540 0 28 27 32844 6502
6540 0 43 36 32862 6523
6540 0 54 45 32859 6496
6540 0 36 54 32841 6500
6540 0 58 63 32853 6508
6541 0 5 27 32859 6497
6541 0 43 36 32862 6524
6541 0 3 45 32857 6443
6541 0 19 54 32837 6464
6541 0 58 63 32853 6509
6542 0 28 27 32844 6503
6542 0 43 36 32862 6525
6542 0 54 45 32859 6497
6542 0 36 54 32841 6501
6542 0 58 63 32853 6510
6543 0 5 27 32859 6498
6543 0 7 36 32872 6493
6543 0 3 45 32857 6444
6543 0 19 54 32837 6465
6543 0 58 63 32853 6511
6544 1 14 14 32855 6537
6544 0 28 27 32844 6504
6544 0 43 36 32862 6526
6544 0 54 45 32859 6498
6544 0 36 54 32841 6502
6544 0 58 63 32853 6512
6545 0 29 27 32839 6517
6545 0 7 36 32872 6494
6545 0 3 45 32857 6445
6545 0 19 54 32837 6466
6545 1 21 57 32859 6493
6546 0 15 0 32850 6499
6546 0 27 9 32867 6519
6546 0 45 27 32839 6514
6546 0 43 36 32862 6527
6546 0 17 45 32846 6452
6546 0 36 54 32841 6503
6547 0 15 0 32850 6500
6547 0 7 9 32871 6483
6547 0 29 27 32839 6518
6547 0 7 36 32872 6495
6547 0 3 45 32857 6446
6547 0 19 54 32837 6467
6548 0 15 0 32850 6501
6548 0 27 9 32867 6520
6548 0 45 27 32839 6515
6548 0 7 36 32872 6496
6548 0 17 45 32846 6453
6548 0 36 54 32841 6504
6549 0 15 0 32850 6502
6549 0 7 9 32871 6484
6549 1 27 18 32868 6532
6549 0 29 27 32839 6519
6549 1 6 35 32864 6488
6549 0 7 36 32872 6497
6549 0 3 45 32857 6447
6549 0 19 54 32837 6468
6550 0 15 0 32850 6503
6550 0 27 9 32867 6521
6550 0 45 27 32839 6516
6550 0 7 36 32872 6498
6550 0 17 45 32846 6454
6550 0 36 54 32841 6505
6551 0 15 0 32850 6504
6551 0 7 9 32871 6485
6551 0 29 27 32839 6520
6551 0 7 36 32872 6499
6551 0 3 45 32857 6448
6551 0 19 54 32837 6469
6552 0 15 0 32850 6505
6552 0 27 9 32867 6522
6552 0 45 27 32839 6517
6552 0 7 36 32872 6500
6552 0 17 45 32846 6455
6552 0 36 54 32841 6506
6553 0 15 0 32850 6507
6553 0 7 9 32871 6486
6553 0 29 27 32839 6521
6553 0 7 36 32872 6501
6553 0 17 45 32846 6456
6553 0 19 54 32837 6470
6554 0 15 0 32850 6508
6554 0 27 9 32867 6523
6554 0 45 27 32839 6518
6554 0 7 36 32872 6502
6554 0 38 45 32878 6510
6554 0 36 54 32841 6507
6554 0 15 63 32852 6517
6555 0 15 0 32850 6509
6555 0 7 9 32871 6487
6555 0 29 27 32839 6522
6555 0 17 45 32846 6457
6555 0 19 54 32837 6471
6555 0 15 63 32852 6518
6556 0 27 9 32867 6524
6556 0 45 27 32839 6519
6556 0 38 45 32878 6511
6556 0 15 63 32852 6519
6557 0 7 9 32871 6488
6557 0 29 27 32839 6523
6557 0 17 45 32846 6458
6557 0 0 54 32842 6466
6557 0 15 63 32852 6520
6558 0 27 9 32867 6525
6558 0 45 27 32839 6520
6558 0 38 45 32878 6512
6558 0 37 54 32850 6510
6558 0 15 63 32852 6521
6559 0 7 9 32871 6489
6559 0 29 27 32839 6524
6559 0 17 45 32846 6459
6559 0 0 54 32842 6467
6559 0 15 63 32852 6522
6560 0 27 9 32867 6526
6560 0 45 27 32839 6521
6560 0 38 45 32878 6513
6560 1 59 46 32855 6528
6560 0 37 54 32850 6511
6560 0 15 63 32852 6523
6561 0 40 0 32861 6529
6561 0 7 9 32871 6490
6561 0 29 27 32839 6525
6561 0 17 45 32846 6460
6561 0 0 54 32842 6468
6561 0 15 63 32852 6524
6562 0 40 0 32861 6530
6562 0 27 9 32867 6527
6562 0 45 27 32839 6522
6562 0 38 45 32878 6514
6562 0 37 54 32850 6512
6562 0 15 63 32852 6525
6563 0 40 0 32861 6531
6563 0 7 9 32871 6491
6563 0 29 27 32839 6526
6563 0 7 36 32873 6510
6563 0 17 45 32846 6461
6563 0 0 54 32842 6469
6563 0 15 63 32852 6526
6564 0 40 0 32861 6532
6564 0 27 9 32867 6528
6564 0 45 27 32839 6523
6564 0 7 36 32873 6511
6564 1 20 41 32845 6527
6564 0 38 45 32878 6515
6564 1 15 46 32849 6495
6564 0 37 54 32850 6513
6565 0 40 0 32861 6533
6565 0 7 9 32871 6492
6565 0 7 36 32873 6512
6565 0 38 45 32878 6516
6565 0 0 54 32842 6470
6566 0 40 0 32861 6534
6566 1 13 9 32846 6533
6566 0 59 18 32854 6529
6566 0 57 27 32859 6529
6566 0 7 36 32873 6513
6566 0 37 54 32850 6514
6567 0 40 0 32861 6535
6567 0 26 9 32850 6540
6567 0 59 18 32854 6530
6567 0 57 27 32859 6530
6567 0 7 36 32873 6514
6567 0 38 45 32878 6517
6567 0 0 54 32842 6471
6568 0 40 0 32861 6536
6568 0 26 9 32850 6541
6568 0 59 18 32854 6531
6568 0 57 27 32859 6531
6568 0 32 36 32855 6541
6568 0 38 45 32878 6518
6568 0 37 54 32850 6515
6569 0 40 0 32861 6537
6569 0 26 9 32850 6542
6569 0 59 18 32854 6532
6569 0 57 27 32859 6532
6569 0 7 36 32873 6515
6569 0 38 45 32878 6519
6569 0 0 54 32842 6472
6570 0 40 0 32861 6538
6570 0 26 9 32850 6543
6570 0 59 18 32854 6533
6570 0 57 27 32859 6533
6570 0 32 36 32855 6542
6570 0 37 54 32850 6516
6571 0 26 9 32850 6544
6571 0 59 18 32854 6534
6571 0 57 27 32859 6534
6571 0 7 36 32873 6516
6571 1 15 53 32851 6506
6571 0 0 54 32842 6473
6572 0 26 9 32850 6545
6572 0 59 18 32854 6535
6572 0 57 27 32859 6535
6572 0 32 36 32855 6543
6572 0 21 45 32861 6550
6572 1 37 48 32851 6530
6572 0 37 54 32850 6517
6572 1 34 63 32853 6521
6573 0 26 9 32850 6546
6573 0 59 18 32854 6536
6573 0 57 27 32859 6536
6573 0 7 36 32873 6517
6573 0 21 45 32861 6551
6573 0 0 54 32842 6474
6574 1 25 4 32851 6537
6574 0 26 9 32850 6547
6574 0 59 18 32854 6537
6574 0 57 27 32859 6537
6574 0 32 36 32855 6544
6574 0 21 45 32861 6552
6574 0 37 54 32850 6518
6574 1 14 58 32854 6516
6575 0 26 9 32850 6548
6575 0 59 18 32854 6538
6575 0 57 27 32859 6538
6575 0 7 36 32873 6518
6575 0 21 45 32861 6553
6575 0 0 54 32842 6475
6576 0 26 9 32850 6549
6576 0 32 36 32855 6545
6576 0 21 45 32861 6554
6576 0 37 54 32850 6519
6577 1 29 34 32840 6550
6577 0 7 36 32873 6519
6577 0 21 45 32861 6555
6578 0 32 36 32855 6546
6578 0 21 45 32861 6556
6578 0 44 54 32865 6541
6579 0 14 36 32856 6540
6579 0 21 45 32861 6557
6579 1 2 54 32835 6499
6580 0 32 36 32855 6547
6580 0 21 45 32861 6558
6580 0 44 54 32865 6542
6580 1 9 56 32849 6537
6581 0 14 36 32856 6541
6581 0 21 45 32861 6559
6581 0 44 54 32865 6543
6582 0 32 36 32855 6548
6582 0 44 54 32865 6544
6583 0 14 36 32856 6542
6583 0 44 54 32865 6545
6583 0 44 63 32866 6551
6584 0 48 9 32855 6547
6584 0 32 36 32855 6549
6584 0 44 54 32865 6546
6584 0 44 63 32866 6552
6585 0 48 9 32855 6548
6585 0 37 18 32852 6553
6585 0 14 36 32856 6543
6585 0 44 54 32865 6547
6585 1 63 63 32850 6578
6586 0 9 0 32850 6569
6586 0 48 9 32855 6549
6586 0 37 18 32852 6554
6586 0 32 36 32855 6550
6586 0 44 54 32865 6548
6586 0 44 63 32866 6553
6587 0 9 0 32850 6570
6587 0 48 9 32855 6550
6587 0 37 18 32852 6555
6587 0 14 36 32856 6544
6587 0 44 54 32865 6549
6587 0 44 63 32866 6554
6588 0 9 0 32850 6571
6588 0 48 9 32855 6551
6588 0 1 18 32843 6566
6588 0 16 36 32859 6543
6588 0 44 54 32865 6550
6588 1 45 59 32840 6561
6588 0 44 63 32866 6555
6589 0 9 0 32850 6572
6589 0 48 9 32855 6552
6589 0 37 18 32852 6556
6589 0 14 36 32856 6545
6589 0 44 63 32866 6556
6590 0 9 0 32850 6573
6590 0 48 9 32855 6553
6590 0 1 18 32843 6567
6590 0 16 36 32859 6544
6590 0 44 63 32866 6557
6591 0 9 0 32850 6574
6591 0 48 9 32855 6554
6591 0 37 18 32852 6557
6591 1 4 29 32865 6564
6591 0 14 36 32856 6546
6591 0 44 63 32866 6558
6592 0 9 0 32850 6575
6592 0 48 9 32855 6555
6592 0 1 18 32843 6568
6592 0 16 36 32859 6545
6592 0 44 63 32866 6559
6593 0 9 0 32850 6576
6593 0 48 9 32855 6556
6593 0 37 18 32852 6558
6593 0 14 36 32856 6547
6593 0 44 63 32866 6560
6594 0 9 0 32850 6577
6594 0 59 9 32856 6547
6594 0 1 18 32843 6569
6594 0 16 36 32859 6546
6595 0 9 0 32850 6578
6595 0 59 9 32856 6548
6595 0 37 18 32852 6559
6595 0 14 36 32856 6548
6596 0 59 9 32856 6549
6596 0 1 18 32843 6570
6596 0 16 36 32859 6547
6597 0 59 9 32856 6550
6597 0 37 18 32852 6560
6597 0 14 36 32856 6549
6598 0 59 9 32856 6551
6598 0 1 18 32843 6571
6598 0 16 36 32859 6548
6599 0 59 9 32856 6552
6599 0 37 18 32852 6561
6599 0 16 36 32859 6549
6600 0 59 9 32856 6553
6600 0 1 18 32843 6572
6600 0 16 36 32859 6550
6601 0 59 9 32856 6554
6601 0 37 18 32852 6562
6601 0 16 36 32859 6551
6602 0 59 9 32856 6555
6602 0 1 18 32843 6573
6602 0 57 36 32860 6565
6603 0 59 9 32856 6556
6603 0 12 18 32840 6581
6603 0 16 36 32859 6552
6603 1 18 62 32847 6551
6604 0 1 18 32843 6574
6604 0 57 36 32860 6566
6605 0 12 18 32840 6582
6605 0 57 36 32860 6567
6605 0 35 45 32861 6583
6606 0 1 18 32843 6575
6606 0 57 36 32860 6568
6606 0 35 45 32861 6584
6607 0 12 18 32840 6583
6607 1 43 34 32863 6590
6607 0 57 36 32860 6569
6607 0 35 45 32861 6585
6608 1 46 18 32861 6563
6608 0 57 36 32860 6570
6608 0 35 45 32861 6586
6608 1 40 53 32862 6571
6609 0 12 18 32840 6584
6609 0 57 36 32860 6571
6609 0 35 45 32861 6587
6610 0 8 18 32852 6585
6610 0 57 36 32860 6572
6610 0 42 45 32853 6588
6611 0 12 18 32840 6585
6611 0 57 36 32860 6573
6611 0 35 45 32861 6588
6612 0 8 18 32852 6586
6612 0 57 36 32860 6574
6612 0 42 45 32853 6589
6613 0 12 18 32840 6586
6613 0 35 45 32861 6589
6613 1 45 59 32841 6586
6614 0 8 18 32852 6587
6614 0 42 45 32853 6590
6614 0 44 63 32867 6582
6615 0 12 18 32840 6587
6615 0 40 27 32863 6583
6615 0 35 45 32861 6590
6615 0 44 63 32867 6583
6616 0 8 18 32852 6588
6616 0 40 27 32863 6584
6616 0 42 45 32853 6591
6616 0 44 63 32867 6584
6617 0 12 18 32840 6588
6617 0 40 27 32863 6585
6617 0 35 45 32861 6591
6617 0 44 63 32867 6585
6618 0 8 18 32852 6589
6618 0 40 27 32863 6586
6618 0 42 45 32853 6592
6618 0 44 63 32867 6586
6619 0 12 18 32840 6589
6619 1 0 27 32844 6582
6619 0 35 45 32861 6592
6619 0 8 54 32851 6557
6619 0 44 63 32867 6587
6620 0 8 18 32852 6590
6620 0 40 27 32863 6587
6620 0 42 45 32853 6593
6620 0 8 54 32851 6558
6620 0 44 63 32867 6588
6621 0 12 18 32840 6590
6621 0 40 27 32863 6588
6621 0 24 45 32858 6570
6621 0 8 54 32851 6559
6621 0 44 63 32867 6589
6622 0 8 18 32852 6591
6622 0 51 27 32861 6600
6622 0 42 45 32853 6594
6622 0 8 54 32851 6560
6622 0 44 63 32867 6590
6623 0 8 18 32852 6592
6623 0 40 27 32863 6589
6623 0 24 45 32858 6571
6623 0 8 54 32851 6561
6623 0 44 63 32867 6591
6624 1 10 16 32855 6602
6624 0 8 18 32852 6593
6624 0 51 27 32861 6601
6624 0 42 45 32853 6595
6624 0 8 54 32851 6562
6625 0 8 18 32852 6594
6625 0 40 27 32863 6590
6625 0 24 45 32858 6572
6625 0 8 54 32851 6563
6626 0 51 27 32861 6602
6626 0 42 45 32853 6596
6626 1 53 53 32850 6619
6626 0 8 54 32851 6564
6627 0 48 9 32856 6590
6627 0 40 27 32863 6591
6627 0 3 36 32858 6595
6627 0 24 45 32858 6573
6627 0 8 54 32851 6565
6627 1 55 58 32860 6590
6628 0 48 9 32856 6591
6628 0 51 27 32861 6603
6628 0 3 36 32858 6596
6628 0 42 45 32853 6597
6628 0 23 54 32866 6596
6629 0 56 9 32868 6587
6629 0 40 27 32863 6592
6629 0 3 36 32858 6597
6629 0 24 45 32858 6574
6629 0 8 54 32851 6566
6630 0 48 9 32856 6592
6630 0 51 27 32861 6604
6630 0 3 36 32858 6598
6630 0 10 45 32854 6575
6630 0 23 54 32866 6597
6631 1 29 4 32841 6604
6631 0 56 9 32868 6588
6631 0 11 27 32859 6612
6631 0 3 36 32858 6599
6631 0 24 45 32858 6575
6631 0 23 54 32866 6598
6632 0 48 9 32856 6593
6632 0 51 27 32861 6605
6632 0 3 36 32858 6600
6632 0 10 45 32854 6576
6632 0 23 54 32866 6599
6633 0 23 0 32865 6581
6633 0 56 9 32868 6589
6633 0 11 27 32859 6613
6633 0 3 36 32858 6601
6633 0 24 45 32858 6576
6633 0 23 54 32866 6600
6634 0 28 0 32845 6592
6634 0 48 9 32856 6594
6634 0 51 27 32861 6606
6634 0 3 36 32858 6602
6634 0 10 45 32854 6577
6634 0 23 54 32866 6601
6635 0 23 0 32865 6582
6635 0 56 9 32868 6590
6635 0 11 27 32859 6614
6635 0 3 36 32858 6603
6635 1 22 41 32856 6588
6635 0 24 45 32858 6577
6635 0 19 54 32839 6593
6635 1 39 55 32857 6618
6636 0 28 0 32845 6593
6636 0 48 9 32856 6595
6636 0 51 27 32861 6607
6636 0 3 36 32858 6604
6636 0 10 45 32854 6578
6636 0 23 54 32866 6602
6637 0 23 0 32865 6583
6637 0 56 9 32868 6591
6637 0 11 27 32859 6615
6637 0 24 45 32858 6578
6637 0 19 54 32839 6594
6637 1 42 56 32854 6610
6638 0 28 0 32845 6594
6638 0 48 9 32856 6596
6638 0 51 27 32861 6608
6638 0 10 45 32854 6579
6638 0 23 54 32866 6603
6639 0 23 0 32865 6584
6639 0 56 9 32868 6592
6639 0 11 27 32859 6616
6639 0 24 45 32858 6579
6639 0 19 54 32839 6595
6639 1 62 55 32859 6622
6640 0 28 0 32845 6595
6640 0 48 9 32856 6597
6640 0 51 27 32861 6609
6640 0 10 45 32854 6580
6640 0 23 54 32866 6604
6641 0 23 0 32865 6585
6641 0 56 9 32868 6593
6641 0 11 27 32859 6617
6641 0 10 45 32854 6581
6641 0 19 54 32839 6596
6642 0 28 0 32845 6596
6642 0 48 9 32856 6598
6642 0 19 27 32840 6629
6642 0 32 45 32856 6597
6642 0 23 54 32866 6605
6643 0 23 0 32865 6586
6643 0 56 9 32868 6594
6643 0 11 27 32859 6618
6643 1 26 33 32851 6626
6643 0 10 45 32854 6582
6643 0 19 54 32839 6597
6643 0 30 63 32838 6611
6644 0 28 0 32845 6597
6644 0 48 9 32856 6599
6644 0 19 27 32840 6630
6644 1 57 38 32861 6597
6644 0 32 45 32856 6598
6644 0 19 54 32839 6598
6644 0 30 63 32838 6612
6645 0 23 0 32865 6587
6645 0 56 9 32868 6595
6645 0 11 27 32859 6619
6645 0 9 36 32851 6603
6645 0 10 45 32854 6583
6645 0 19 54 32839 6599
6645 0 30 63 32838 6613
6646 0 28 0 32845 6598
6646 0 56 9 32868 6596
6646 0 19 27 32840 6631
6646 0 9 36 32851 6604
6646 0 32 45 32856 6599
6646 0 19 54 32839 6600
6646 0 30 63 32838 6614
6647 0 23 0 32865 6588
6647 0 31 9 32841 6593
6647 0 11 27 32859 6620
6647 0 9 36 32851 6605
6647 0 10 45 32854 6584
6647 0 19 54 32839 6601
6647 0 30 63 32838 6615
6648 0 28 0 32845 6599
6648 0 31 9 32841 6594
6648 0 19 27 32840 6632
6648 0 57 36 32862 6611
6648 0 32 45 32856 6600
6648 0 19 54 32839 6602
6648 0 30 63 32838 6616
6649 0 23 0 32865 6589
6649 0 31 9 32841 6595
6649 1 46 23 32862 6622
6649 0 11 27 32859 6621
6649 0 9 36 32851 6606
6649 0 32 45 32856 6601
6649 0 30 63 32838 6617
6650 0 28 0 32845 6600
6650 0 33 9 32836 6622
6650 0 19 27 32840 6633
6650 0 57 36 32862 6612
6650 0 36 45 32842 6620
6650 0 30 63 32838 6618
6651 0 23 0 32865 6590
6651 0 31 9 32841 6596
6651 0 61 27 32860 6598
6651 0 9 36 32851 6607
6651 0 32 45 32856 6602
6651 0 30 63 32838 6619
6652 0 28 0 32845 6601
6652 0 33 9 32836 6623
6652 0 19 27 32840 6634
6652 0 57 36 32862 6613
6652 0 36 45 32842 6621
6652 1 59 54 32857 6625
6652 0 30 63 32838 6620
6653 0 3 0 32859 6628
6653 0 31 9 32841 6597
6653 0 61 27 32860 6599
6653 0 9 36 32851 6608
6653 0 32 45 32856 6603
6654 0 3 0 32859 6629
6654 0 33 9 32836 6624
6654 0 19 27 32840 6635
6654 0 57 36 32862 6614
6654 0 36 45 32842 6622
6655 0 61 0 32859 6568
6655 0 31 9 32841 6598
6655 1 24 15 32859 6603
6655 0 61 27 32860 6600
6655 0 9 36 32851 6609
6655 0 32 45 32856 6604
6656 0 3 0 32859 6630
6656 0 33 9 32836 6625
6656 0 19 27 32840 6636
6656 0 57 36 32862 6615
6656 0 36 45 32842 6623
6657 0 61 0 32859 6569
6657 0 31 9 32841 6599
6657 0 61 27 32860 6601
6657 0 9 36 32851 6610
6657 0 32 45 32856 6605
6658 0 3 0 32859 6631
6658 0 33 9 32836 6626
6658 0 19 27 32840 6637
6658 0 57 36 32862 6616
6658 0 36 45 32842 6624
6659 0 61 0 32859 6570
6659 0 31 9 32841 6600
6659 0 61 27 32860 6602
6659 0 9 36 32851 6611
6659 1 49 44 32841 6632
6659 0 32 45 32856 6606
6660 0 3 0 32859 6632
6660 0 33 9 32836 6627
6660 0 9 18 32852 6643
6660 0 19 27 32840 6638
6660 0 57 36 32862 6617
6660 0 36 45 32842 6625
6661 0 61 0 32859 6571
6661 0 31 9 32841 6601
6661 0 9 18 32852 6644
6661 0 61 27 32860 6603
6661 0 9 36 32851 6612
6661 0 36 45 32842 6626
6661 1 4 46 32866 6619
6662 0 3 0 32859 6633
6662 0 33 9 32836 6628
6662 0 9 18 32852 6645
6662 0 0 27 32845 6613
6662 0 57 36 32862 6618
6662 1 31 45 32842 6621
6663 0 61 0 32859 6572
6663 0 31 9 32841 6602
6663 0 9 18 32852 6646
6663 0 61 27 32860 6604
6663 0 28 36 32846 6641
6663 0 36 45 32842 6627
6663 1 7 56 32874 6586
6664 0 3 0 32859 6634
6664 0 33 9 32836 6629
6664 0 9 18 32852 6647
6664 0 0 27 32845 6614
6664 0 57 36 32862 6619
6664 0 36 45 32842 6628
6665 0 61 0 32859 6573
6665 1 1 9 32844 6651
6665 0 9 18 32852 6648
6665 0 61 27 32860 6605
6665 0 28 36 32846 6642
6665 0 36 45 32843 6638
6666 0 3 0 32859 6635
6666 0 33 9 32836 6630
6666 0 9 18 32852 6649
6666 0 57 36 32862 6620
6666 0 36 45 32842 6629
6667 0 61 0 32859 6574
6667 0 40 9 32864 6626
6667 0 9 18 32852 6650
6667 0 0 27 32845 6615
6667 0 28 36 32846 6643
6667 0 36 45 32843 6639
6667 1 45 52 32842 6650
6668 0 3 0 32859 6636
6668 0 33 9 32836 6632
6668 0 9 18 32852 6651
6668 0 61 27 32860 6606
6668 1 23 35 32867 6619
6668 0 26 36 32852 6633
6668 0 36 45 32843 6640
6669 0 61 0 32859 6575
6669 0 40 9 32864 6627
6669 0 9 18 32852 6652
6669 0 0 27 32845 6616
6669 0 28 36 32846 6644
6669 0 32 45 32857 6628
6669 0 41 54 32858 6632
6670 0 3 0 32859 6637
6670 0 40 9 32864 6628
6670 0 61 27 32860 6607
6670 0 26 36 32852 6634
6670 0 36 45 32843 6641
6670 0 41 54 32858 6633
6671 0 61 0 32859 6576
6671 0 40 9 32864 6629
6671 1 2 22 32836 6634
6671 0 0 27 32845 6617
6671 0 28 36 32846 6645
6671 1 15 37 32853 6639
6671 0 32 45 32857 6629
6671 0 41 54 32858 6634
6672 0 40 0 32865 6636
6672 0 40 9 32864 6630
6672 0 0 27 32845 6618
6672 0 26 36 32852 6635
6672 0 36 45 32843 6642
6672 0 41 54 32858 6635
6672 0 38 63 32879 6645
6673 0 61 0 32859 6577
6673 0 40 9 32864 6631
6673 0 0 27 32845 6619
6673 0 28 36 32846 6646
6673 0 32 45 32857 6630
6673 0 41 54 32858 6636
6673 0 38 63 32879 6646
6674 0 40 0 32865 6637
6674 0 40 9 32864 6632
6674 1 17 23 32848 6637
6674 0 0 27 32845 6620
6674 0 26 36 32852 6636
6674 0 36 45 32843 6643
6674 0 41 54 32858 6637
6674 0 55 63 32861 6662
6675 0 40 0 32865 6638
6675 0 40 9 32864 6633
6675 0 0 27 32845 6621
6675 0 28 36 32846 6647
6675 0 32 45 32857 6631
6675 0 41 54 32858 6638
6675 0 38 63 32879 6647
6676 0 40 0 32865 6639
6676 0 40 9 32864 6634
6676 0 0 27 32845 6622
6676 0 26 36 32852 6637
6676 0 36 45 32843 6644
6676 0 41 54 32858 6639
6676 0 55 63 32861 6663
6677 0 40 0 32865 6640
6677 0 40 9 32864 6635
6677 1 46 28 32863 6650
6677 0 28 36 32846 6648
6677 0 32 45 32857 6632
6677 0 41 54 32858 6640
6677 0 38 63 32879 6648
6678 0 40 0 32865 6641
6678 0 26 36 32852 6638
6678 0 36 45 32843 6645
6678 0 41 54 32858 6641
6678 0 55 63 32861 6664
6679 0 40 0 32865 6642
6679 1 14 15 32857 6667
6679 0 28 36 32846 6649
6679 0 32 45 32857 6633
6679 0 38 63 32879 6649
6680 0 40 0 32865 6643
6680 0 6 27 32865 6643
6680 0 26 36 32852 6639
6680 0 36 45 32843 6646
6680 0 55 63 32861 6665
6681 0 40 0 32865 6644
6681 1 26 3 32853 6654
6681 0 6 27 32865 6644
6681 0 28 36 32846 6650
6681 0 32 45 32857 6634
6681 1 23 51 32868 6625
6681 0 38 63 32879 6650
6682 0 40 0 32865 6645
6682 0 6 27 32865 6645
6682 0 26 36 32852 6640
6682 0 36 45 32843 6647
6682 0 55 63 32861 6666
6683 0 6 27 32865 6646
6683 0 41 36 32859 6642
6683 0 32 45 32857 6635
6683 0 38 63 32879 6651
6684 0 6 27 32865 6647
6684 0 26 36 32852 6641
6684 0 41 45 32860 6652
6684 0 55 63 32861 6667
6685 0 6 27 32865 6648
6685 0 41 36 32859 6643
6685 0 32 45 32857 6636
6685 0 38 63 32879 6652
6686 0 6 27 32865 6649
6686 0 26 36 32852 6642
6686 0 41 45 32860 6653
6686 0 55 63 32861 6668
6687 0 51 9 32862 6645
6687 0 6 27 32865 6650
6687 0 41 36 32859 6644
6687 0 32 45 32857 6637
6687 0 38 63 32879 6653
6688 0 51 9 32862 6646
6688 0 6 27 32865 6651
6688 0 29 36 32842 6643
6688 0 41 45 32860 6654
6688 0 55 63 32861 6669
6689 0 51 9 32862 6647
6689 0 6 27 32865 6652
6689 0 41 36 32859 6645
6689 0 41 45 32860 6655
6689 0 38 63 32879 6654
6690 0 51 9 32862 6648
6690 0 29 36 32842 6644
6690 0 41 45 32860 6656
6690 0 55 63 32861 6670
6691 0 51 9 32862 6649
6691 1 54 33 32860 6635
6691 0 41 36 32859 6646
6691 0 2 45 32837 6644
6691 0 55 63 32861 6671
6692 0 51 9 32862 6650
6692 0 29 36 32842 6645
6692 0 41 45 32860 6657
6692 0 31 63 32843 6664
6693 0 37 0 32853 6641
6693 0 51 9 32862 6651
6693 0 41 36 32859 6647
6693 0 2 45 32837 6645
6693 0 31 63 32843 6665
6694 0 37 0 32853 6642
6694 0 51 9 32862 6652
6694 0 29 36 32842 6646
6694 0 41 45 32860 6658
6694 0 48 63 32857 6640
6695 0 37 0 32853 6643
6695 0 51 9 32862 6653
6695 0 41 36 32859 6648
6695 0 2 45 32837 6646
6695 0 31 63 32843 6666
6696 0 37 0 32853 6644
6696 0 51 9 32862 6654
6696 0 42 27 32855 6674
6696 0 29 36 32842 6647
6696 0 41 45 32860 6659
6696 0 48 63 32857 6641
6697 0 37 0 32853 6645
6697 0 42 27 32855 6675
6697 1 27 33 32869 6675
6697 0 41 36 32859 6649
6697 0 2 45 32837 6647
6697 0 31 63 32843 6667
6698 0 58 0 32854 6646
6698 0 42 27 32855 6676
6698 0 29 36 32842 6648
6698 0 41 45 32860 6660
6698 0 48 63 32857 6642
6699 0 37 0 32853 6646
6699 0 42 27 32855 6677
6699 0 41 36 32859 6650
6699 0 2 45 32837 6648
6699 0 31 63 32843 6668
6700 0 58 0 32854 6647
6700 0 42 27 32855 6678
6700 0 29 36 32842 6649
6700 0 41 45 32860 6661
6700 0 48 63 32857 6643
6701 0 37 0 32853 6647
6701 0 41 36 32859 6651
6701 0 2 45 32837 6649
6701 1 23 47 32869 6679
6701 0 31 63 32843 6669
6702 0 58 0 32854 6648
6702 0 42 27 32855 6679
6702 0 29 36 32842 6650
6702 0 2 45 32837 6650
6702 1 19 50 32841 6670
6702 0 48 63 32857 6644
6703 0 37 0 32853 6648
6703 0 53 18 32851 6661
6703 0 43 36 32864 6683
6703 0 2 45 32837 6651
6703 0 31 63 32843 6670
6704 0 58 0 32854 6649
6704 0 53 18 32851 6662
6704 0 42 27 32855 6680
6704 0 29 36 32842 6651
6704 0 2 45 32837 6652
6704 0 48 63 32857 6645
6705 0 37 0 32853 6649
6705 0 53 18 32851 6663
6705 0 43 36 32864 6684
6705 0 2 45 32837 6653
6705 0 31 63 32843 6671
6706 0 58 0 32854 6650
6706 0 53 18 32851 6664
6706 0 42 27 32855 6681
6706 0 29 36 32842 6652
6706 0 48 63 32857 6646
6707 0 37 0 32853 6650
6707 1 13 2 32848 6680
6707 0 53 18 32851 6665
6707 1 7 35 32876 6660
6707 0 43 36 32864 6685
6707 0 31 63 32843 6672
6708 0 58 0 32854 6651
6708 0 7 9 32877 6666
6708 0 53 18 32851 6666
6708 0 42 27 32855 6682
6708 0 47 36 32854 6670
6708 0 48 63 32857 6647
6709 0 58 0 32854 6652
6709 0 28 9 32847 6677
6709 0 53 18 32851 6667
6709 0 43 36 32864 6686
6709 0 31 63 32843 6673
6710 0 50 0 32837 6653
6710 0 7 9 32877 6667
6710 0 53 18 32851 6668
6710 0 42 27 32855 6683
6710 0 47 36 32854 6671
6710 1 29 54 32844 6683
6710 0 48 63 32857 6648
6711 0 58 0 32854 6653
6711 0 28 9 32847 6678
6711 0 53 18 32851 6669
6711 0 43 36 32864 6687
6711 0 48 63 32857 6649
6712 0 50 0 32837 6654
6712 0 7 9 32877 6668
6712 0 53 18 32851 6670
6712 0 47 36 32854 6672
6713 0 58 0 32854 6654
6713 0 28 9 32847 6679
6713 0 43 36 32864 6688
6714 0 50 0 32837 6655
6714 0 7 9 32877 6669
6714 0 47 36 32854 6673
6715 0 58 0 32854 6655
6715 1 15 3 32854 6683
6715 0 28 9 32847 6680
6715 0 43 36 32864 6689
6715 0 40 63 32866 6661
6716 0 50 0 32837 6656
6716 0 7 9 32877 6670
6716 1 52 19 32854 6684
6716 0 47 36 32854 6674
6716 0 40 63 32866 6662
6717 0 50 0 32837 6657
6717 0 28 9 32847 6681
6717 0 26 27 32854 6705
6717 0 43 36 32864 6690
6717 0 40 63 32866 6663
6718 0 50 0 32837 6658
6718 0 7 9 32877 6671
6718 0 26 27 32854 6706
6718 0 47 36 32854 6675
6718 0 40 63 32866 6664
6719 0 50 0 32837 6659
6719 0 28 9 32847 6682
6719 0 26 27 32854 6707
6719 0 43 36 32864 6691
6719 0 13 63 32847 6672
6720 0 50 0 32837 6660
6720 0 7 9 32877 6672
6720 0 26 27 32854 6708
6720 0 47 36 32854 6676
6720 0 40 63 32866 6665
6721 0 50 0 32837 6661
6721 0 28 9 32847 6683
6721 0 26 27 32854 6709
6721 0 43 36 32864 6692
6721 0 13 63 32847 6673
6722 0 50 0 32837 6662
6722 0 7 9 32877 6673
6722 0 26 27 32854 6710
6722 0 47 36 32854 6677
6722 0 40 63 32866 6666
6723 0 28 9 32847 6684
6723 0 26 27 32854 6711
6723 1 22 36 32857 6642
6723 1 60 38 32853 6691
6723 0 13 63 32847 6674
6724 0 7 9 32877 6674
6724 0 26 27 32854 6712
6724 0 47 36 32854 6678
6724 0 33 54 32837 6682
6724 0 40 63 32866 6667
6725 0 28 9 32847 6685
6725 0 26 27 32854 6713
6725 0 22 36 32858 6655
6725 0 33 54 32837 6683
6725 0 13 63 32847 6675
6726 0 7 9 32877 6675
6726 0 26 27 32854 6714
6726 0 47 36 32854 6679
6726 1 29 49 32843 6670
6726 0 33 54 32837 6684
6726 0 40 63 32866 6668
6727 0 28 9 32847 6686
6727 0 47 18 32855 6680
6727 0 22 36 32858 6656
6727 0 33 54 32837 6685
6727 0 13 63 32847 6676
6728 0 1 9 32845 6707
6728 0 47 18 32855 6681
6728 0 25 36 32852 6647
6728 0 33 54 32837 6686
6728 0 40 63 32866 6669
6729 0 21 9 32862 6687
6729 0 47 18 32855 6682
6729 0 22 36 32858 6657
6729 0 33 54 32837 6687
6729 0 13 63 32847 6677
6730 0 1 9 32845 6708
6730 0 47 18 32855 6683
6730 0 25 36 32852 6648
6730 1 46 50 32864 6698
6730 0 33 54 32837 6688
6730 0 40 63 32866 6670
6731 1 10 6 32856 6699
6731 0 21 9 32862 6688
6731 0 47 18 32855 6684
6731 0 22 36 32858 6658
6731 0 33 54 32837 6689
6731 0 13 63 32847 6678
6732 0 1 9 32845 6709
6732 0 47 18 32855 6685
6732 0 25 36 32852 6649
6732 0 3 45 32860 6690
6732 0 33 54 32837 6690
6732 0 13 63 32847 6679
6733 0 21 9 32862 6689
6733 0 47 18 32855 6686
6733 0 22 36 32858 6659
6733 0 3 45 32860 6691
6733 0 33 54 32837 6691
6733 0 13 63 32847 6681
6734 0 1 9 32845 6710
6734 0 47 18 32855 6687
6734 0 25 36 32852 6650
6734 0 3 45 32860 6692
6734 0 13 63 32847 6682
6735 0 21 9 32862 6690
6735 0 47 18 32855 6688
6735 1 41 25 32861 6718
6735 0 22 36 32858 6660
6735 0 3 45 32860 6693
6736 0 1 9 32845 6711
6736 0 47 18 32855 6689
6736 0 25 36 32852 6651
6736 0 3 45 32860 6694
6737 0 21 9 32862 6691
6737 0 22 36 32858 6661
6737 0 3 45 32860 6695
6738 0 1 9 32845 6712
6738 0 25 36 32852 6652
6738 0 3 45 32860 6696
6739 0 21 9 32862 6692
6739 0 22 36 32858 6662
6739 0 3 45 32860 6697
6740 0 1 9 32845 6713
6740 0 1 18 32846 6718
6740 0 25 36 32852 6653
6740 0 3 45 32860 6698
6740 1 15 55 32856 6708
6741 0 21 9 32862 6693
6741 0 18 18 32849 6734
6741 0 22 36 32858 6663
6741 0 3 45 32860 6699
6742 0 1 9 32845 6714
6742 0 1 18 32846 6719
6742 0 25 36 32852 6654
6743 0 21 9 32862 6694
6743 0 18 18 32849 6735
6743 0 22 36 32858 6664
6744 0 1 9 32845 6715
6744 0 1 18 32846 6720
6744 0 25 36 32852 6655
6745 0 21 9 32862 6695
6745 1 27 12 32870 6691
6745 0 18 18 32849 6736
6745 0 63 36 32851 6684
6746 0 1 9 32845 6716
6746 0 1 18 32846 6721
6747 0 21 9 32862 6696
6747 0 18 18 32849 6737
6747 0 25 36 32852 6656
6747 0 50 45 32838 6720
6748 0 28 9 32848 6687
6748 0 1 18 32846 6722
6748 0 63 36 32851 6685
6748 0 50 45 32838 6721
6749 0 4 9 32868 6707
6749 0 18 18 32849 6738
6749 0 30 36 32839 6696
6749 0 50 45 32838 6722
6749 1 4 63 32867 6692
6750 1 1 4 32847 6725
6750 0 28 9 32848 6688
6750 0 1 18 32846 6723
6750 0 63 36 32851 6686
6750 0 50 45 32838 6723
6751 0 4 9 32868 6708
6751 0 18 18 32849 6739
6751 0 30 36 32839 6697
6751 0 50 45 32838 6724
6752 0 28 9 32848 6689
6752 0 1 18 32846 6724
6752 0 63 36 32851 6687
6752 0 50 45 32838 6725
6753 0 4 9 32868 6709
6753 0 18 18 32849 6740
6753 0 30 36 32839 6698
6753 0 50 45 32838 6726
6754 0 28 9 32848 6690
6754 0 1 18 32846 6726
6754 0 63 36 32851 6688
6754 0 50 45 32838 6727
6755 0 4 9 32868 6710
6755 0 18 18 32849 6741
6755 0 30 36 32839 6699
6755 0 50 45 32838 6728
6756 0 28 9 32848 6691
6756 0 1 18 32846 6727
6756 0 2 27 32839 6729
6756 0 63 36 32851 6689
6756 0 50 45 32838 6729
6757 0 4 9 32868 6711
6757 0 18 18 32849 6742
6757 0 2 27 32839 6730
6757 0 30 36 32839 6700
6758 0 28 9 32848 6692
6758 0 1 18 32846 6728
6758 0 2 27 32839 6731
6758 0 63 36 32851 6690
6759 0 4 9 32868 6712
6759 0 18 18 32849 6743
6759 0 2 27 32839 6732
6759 0 30 36 32839 6701
6760 0 28 9 32848 6693
6760 0 2 27 32839 6733
6760 0 63 36 32851 6691
6761 0 4 9 32868 6713
6761 0 2 27 32839 6734
6761 0 30 36 32839 6702
6761 1 18 60 32848 6657
6762 0 28 9 32848 6694
6762 0 2 27 32839 6735
6762 0 63 36 32851 6692
6762 1 15 49 32855 6700
6763 0 4 9 32868 6714
6763 0 2 27 32839 6736
6763 1 41 34 32862 6746
6763 0 30 36 32839 6703
6763 0 25 54 32853 6684
6764 0 28 9 32848 6695
6764 0 2 27 32839 6737
6764 0 63 36 32851 6693
6764 0 25 54 32853 6685
6765 0 4 9 32868 6715
6765 0 2 27 32839 6738
6765 0 30 36 32839 6704
6765 0 25 54 32853 6686
6766 0 36 0 32844 6719
6766 0 28 9 32848 6696
6766 0 47 36 32856 6720
6766 0 25 54 32853 6687
6766 0 38 63 32880 6739
6767 0 36 0 32844 6720
6767 0 4 9 32868 6716
6767 0 59 18 32858 6730
6767 0 30 36 32839 6705
6767 0 25 54 32853 6688
6767 0 38 63 32880 6740
6768 0 36 0 32844 6721
6768 0 59 18 32858 6731
6768 0 47 36 32856 6721
6768 0 25 54 32853 6689
6768 0 38 63 32880 6741
6769 0 24 0 32860 6747
6769 0 59 18 32858 6732
6769 1 26 32 32855 6747
6769 0 7 36 32875 6647
6769 0 60 45 32854 6747
6769 1 57 46 32863 6727
6769 0 25 54 32853 6690
6769 0 38 63 32880 6742
6770 0 36 0 32844 6722
6770 0 59 18 32858 6733
6770 0 47 36 32856 6722
6770 0 60 45 32854 6749
6770 0 25 54 32853 6691
6770 0 38 63 32880 6743
6771 0 24 0 32860 6748
6771 0 59 18 32858 6734
6771 0 42 27 32856 6749
6771 0 7 36 32875 6648
6771 0 60 45 32854 6750
6771 1 59 53 32859 6749
6771 0 25 54 32853 6692
6771 0 38 63 32880 6744
6772 0 36 0 32844 6723
6772 0 59 18 32858 6735
6772 0 42 27 32856 6750
6772 0 47 36 32856 6723
6772 0 60 45 32854 6751
6772 0 25 54 32853 6693
6772 0 38 63 32880 6745
6773 0 24 0 32860 6749
6773 0 16 9 32861 6756
6773 0 59 18 32858 6736
6773 0 42 27 32856 6751
6773 0 7 36 32875 6649
6773 0 60 45 32854 6752
6773 0 38 63 32880 6746
6774 0 36 0 32844 6724
6774 0 16 9 32861 6757
6774 0 59 18 32858 6737
6774 0 42 27 32856 6752
6774 0 47 36 32856 6724
6774 0 60 45 32854 6753
6774 0 38 63 32880 6747
6775 0 24 0 32860 6750
6775 0 16 9 32861 6758
6775 0 59 18 32858 6738
6775 0 42 27 32856 6753
6775 0 7 36 32875 6650
6775 1 31 44 32844 6676
6775 0 60 45 32854 6754
6775 0 38 63 32880 6748
6776 0 36 0 32844 6725
6776 0 16 9 32861 6759
6776 0 59 18 32858 6739
6776 0 42 27 32856 6754
6776 0 47 36 32856 6725
6776 0 60 45 32854 6755
6777 0 24 0 32860 6751
6777 0 16 9 32861 6760
6777 0 42 27 32856 6755
6777 0 7 36 32875 6651
6777 0 60 45 32854 6756
6778 0 36 0 32844 6726
6778 0 16 9 32861 6761
6778 0 42 27 32856 6756
6778 0 47 36 32856 6726
6778 0 60 45 32854 6757
6779 0 24 0 32860 6752
6779 0 16 9 32861 6762
6779 0 42 27 32856 6757
6779 1 9 34 32853 6752
6779 0 7 36 32875 6652
6779 0 58 45 32855 6744
6779 1 23 57 32870 6717
6780 0 36 0 32844 6727
6780 0 16 9 32861 6763
6780 0 42 27 32856 6758
6780 0 47 36 32856 6727
6780 0 58 45 32855 6745
6781 0 24 0 32860 6753
6781 0 16 9 32861 6764
6781 0 7 36 32875 6653
6781 0 58 45 32855 6746
6781 1 57 57 32864 6774
6782 0 36 0 32844 6728
6782 0 16 9 32861 6765
6782 0 26 27 32856 6770
6782 0 47 36 32856 6728
6782 0 39 45 32858 6760
6783 0 24 0 32860 6754
6783 0 26 27 32856 6771
6783 0 7 36 32875 6654
6783 0 58 45 32855 6747
6784 0 24 0 32860 6755
6784 0 26 27 32856 6772
6784 0 47 36 32856 6729
6784 0 39 45 32858 6761
6785 0 35 0 32862 6734
6785 0 26 27 32856 6773
6785 0 7 36 32875 6655
6785 0 58 45 32855 6748
6786 0 24 0 32860 6756
6786 0 26 27 32856 6774
6786 0 21 36 32863 6720
6786 0 39 45 32858 6762
6787 0 35 0 32862 6735
6787 0 26 27 32856 6775
6787 0 7 36 32875 6656
6787 0 58 45 32855 6749
6787 0 16 63 32860 6720
6788 0 35 0 32862 6736
6788 0 26 27 32856 6776
6788 0 21 36 32863 6721
6788 0 39 45 32858 6763
6788 1 33 63 32838 6736
6789 0 35 0 32862 6737
6789 0 26 27 32856 6777
6789 0 21 36 32863 6722
6789 0 58 45 32855 6750
6789 0 16 63 32860 6721
6790 0 35 0 32862 6738
6790 0 26 27 32856 6778
6790 0 28 36 32849 6750
6790 0 39 45 32858 6764
6790 0 16 63 32860 6722
6791 0 35 0 32862 6739
6791 0 26 27 32856 6779
6791 0 21 36 32863 6723
6791 0 58 45 32855 6751
6791 0 16 63 32860 6723
6792 0 35 0 32862 6740
6792 1 52 18 32855 6755
6792 0 28 36 32849 6751
6792 0 39 45 32858 6765
6792 1 12 51 32841 6755
6792 0 16 63 32860 6724
6793 0 35 0 32862 6741
6793 0 21 36 32863 6724
6793 0 58 45 32855 6752
6793 0 16 63 32860 6725
6794 0 35 0 32862 6742
6794 0 28 36 32849 6752
6794 0 39 45 32858 6766
6794 0 16 63 32860 6726
6795 0 35 0 32862 6743
6795 1 60 17 32855 6748
6795 0 21 36 32863 6725
6795 0 58 45 32855 6753
6795 0 16 63 32860 6727
6796 0 28 36 32849 6753
6796 0 39 45 32858 6767
6796 0 47 63 32857 6779
6797 0 21 36 32863 6726
6797 0 61 45 32861 6769
6797 0 16 63 32860 6728
6798 0 28 36 32849 6754
6798 0 39 45 32858 6768
6798 0 47 63 32857 6780
6799 0 53 0 32852 6737
6799 0 21 36 32863 6727
6799 0 61 45 32861 6770
6799 0 16 63 32860 6729
6800 0 53 0 32852 6738
6800 0 28 36 32849 6755
6800 0 39 45 32858 6769
6800 0 47 63 32857 6781
6801 0 53 0 32852 6739
6801 0 53 18 32853 6759
6801 0 21 36 32863 6728
6801 0 61 45 32861 6771
6801 0 56 54 32869 6759
6801 0 47 63 32857 6782
6802 0 53 0 32852 6740
6802 0 53 18 32853 6760
6802 0 28 36 32849 6756
6802 0 4 45 32869 6745
6802 0 56 54 32869 6760
6802 0 47 63 32857 6783
6803 0 15 0 32857 6756
6803 0 38 18 32881 6766
6803 0 21 36 32863 6729
6803 0 61 45 32861 6772
6803 0 56 54 32869 6761
6803 0 47 63 32857 6784
6804 0 53 0 32852 6741
6804 1 2 13 32840 6777
6804 0 53 18 32853 6761
6804 0 28 36 32849 6757
6804 0 4 45 32869 6746
6804 0 56 54 32869 6762
6804 0 47 63 32857 6785
6805 0 15 0 32857 6757
6805 0 38 18 32881 6767
6805 1 63 28 32852 6763
6805 0 28 36 32849 6774
6805 0 61 45 32861 6773
6805 0 56 54 32869 6763
6805 0 47 63 32857 6786
6806 0 53 0 32852 6742
6806 0 53 18 32853 6762
6806 0 15 27 32858 6769
6806 0 2 36 32838 6711
6806 0 4 45 32869 6747
6806 0 56 54 32869 6764
6806 1 61 61 32862 6799
6806 0 47 63 32857 6787
6807 0 15 0 32857 6758
6807 0 38 18 32881 6768
6807 0 12 27 32842 6782
6807 0 28 36 32849 6776
6807 0 61 45 32861 6774
6807 0 56 54 32869 6765
6807 0 47 63 32857 6788
6808 0 53 0 32852 6743
6808 1 16 4 32862 6771
6808 0 53 18 32853 6763
6808 0 15 27 32858 6770
6808 0 2 36 32838 6712
6808 0 4 45 32869 6748
6808 0 56 54 32869 6766
6809 0 15 0 32857 6759
6809 0 38 18 32881 6769
6809 0 12 27 32842 6783
6809 0 2 36 32838 6713
6809 0 61 45 32861 6775
6809 0 56 54 32869 6767
6810 0 53 0 32852 6744
6810 0 53 18 32853 6764
6810 0 15 27 32858 6771
6810 0 5 36 32860 6745
6810 0 4 45 32869 6749
6810 0 56 54 32869 6768
6811 0 15 0 32857 6760
6811 0 38 18 32881 6770
6811 0 12 27 32842 6784
6811 0 2 36 32838 6714
6811 0 61 45 32861 6776
6811 0 37 54 32854 6789
6812 0 53 0 32852 6745
6812 0 53 18 32853 6765
6812 0 15 27 32858 6772
6812 0 5 36 32860 6746
6812 0 4 45 32869 6750
6812 0 37 54 32854 6790
6812 1 55 55 32863 6805
6813 0 15 0 32857 6761
6813 0 16 9 32863 6796
6813 0 38 18 32881 6771
6813 1 55 21 32862 6774
6813 0 12 27 32842 6785
6813 0 2 36 32838 6715
6813 0 61 45 32861 6777
6813 0 37 54 32854 6791
6814 0 53 0 32852 6746
6814 0 16 9 32863 6797
6814 0 53 18 32853 6766
6814 0 15 27 32858 6773
6814 0 5 36 32860 6747
6814 0 4 45 32869 6751
6814 0 37 54 32854 6792
6815 0 15 0 32857 6762
6815 0 16 9 32863 6798
6815 0 38 18 32881 6772
6815 0 12 27 32842 6786
6815 0 2 36 32838 6716
6815 0 61 45 32861 6778
6815 0 37 54 32854 6793
6816 0 15 0 32857 6763
6816 0 16 9 32863 6799
6816 0 53 18 32853 6767
6816 0 15 27 32858 6774
6816 0 5 36 32860 6748
6816 0 4 45 32869 6752
6816 0 37 54 32854 6794
6816 0 42 63 32857 6774
6817 0 15 0 32857 6764
6817 0 16 9 32863 6800
6817 0 38 18 32881 6773
6817 1 59 22 32860 6770
6817 0 12 27 32842 6787
6817 0 2 36 32838 6717
6817 0 32 45 32858 6753
6817 0 37 54 32854 6795
6817 0 42 63 32857 6775
6818 0 15 0 32857 6765
6818 0 16 9 32863 6801
6818 0 53 18 32853 6768
6818 0 15 27 32858 6775
6818 0 5 36 32860 6749
6818 0 4 45 32869 6753
6818 0 54 54 32862 6811
6818 0 42 63 32857 6776
6819 0 16 9 32863 6802
6819 0 38 18 32881 6774
6819 0 12 27 32842 6788
6819 0 2 36 32838 6718
6819 0 32 45 32858 6754
6819 0 37 54 32854 6796
6819 0 42 63 32857 6777
6820 0 16 9 32863 6803
6820 0 10 18 32858 6804
6820 0 15 27 32858 6776
6820 0 5 36 32860 6750
6820 0 4 45 32869 6754
6820 0 54 54 32862 6812
6820 0 10 63 32857 6758
6821 0 16 9 32863 6804
6821 0 38 18 32881 6775
6821 0 12 27 32842 6789
6821 0 2 36 32838 6719
6821 0 32 45 32858 6755
6821 0 37 54 32854 6797
6821 0 42 63 32857 6778
6822 0 16 9 32863 6805
6822 0 10 18 32858 6805
6822 0 15 27 32858 6777
6822 0 5 36 32860 6751
6822 0 32 45 32858 6756
6822 0 54 54 32862 6813
6822 0 10 63 32857 6759
6823 0 60 18 32856 6769
6823 0 12 27 32842 6790
6823 0 2 36 32838 6720
6823 0 32 45 32858 6757
6823 0 37 54 32854 6798
6823 0 42 63 32857 6779
6824 0 10 18 32858 6806
6824 0 15 27 32858 6778
6824 0 5 36 32860 6752
6824 0 32 45 32858 6758
6824 0 54 54 32862 6814
6824 0 10 63 32857 6760
6825 0 60 18 32856 6770
6825 0 12 27 32842 6791
6825 0 43 36 32865 6798
6825 0 32 45 32858 6759
6825 0 54 54 32862 6815
6825 0 42 63 32857 6780
6826 0 10 18 32858 6807
6826 0 5 36 32860 6753
6826 0 32 45 32858 6760
6826 0 54 54 32862 6816
6826 0 10 63 32857 6761
6827 0 60 18 32856 6771
6827 0 43 36 32865 6799
6827 0 32 45 32858 6761
6827 0 54 54 32862 6817
6827 0 42 63 32857 6781
6828 0 10 18 32858 6808
6828 0 5 36 32860 6754
6828 0 32 45 32858 6762
6828 0 54 54 32862 6818
6828 0 10 63 32857 6762
6829 0 60 18 32856 6772
6829 0 43 36 32865 6800
6829 0 54 54 32862 6819
6829 0 42 63 32857 6782
6830 0 10 18 32858 6809
6830 0 5 36 32861 6775
6830 0 54 54 32862 6820
6830 0 10 63 32857 6763
6831 0 60 18 32856 6773
6831 0 43 36 32865 6801
6831 1 11 48 32860 6784
6831 0 42 63 32857 6783
6832 0 10 18 32858 6810
6832 0 5 36 32861 6776
6832 0 10 63 32857 6764
6833 0 60 18 32856 6774
6833 0 43 36 32865 6802
6833 0 10 63 32857 6765
6834 0 10 18 32858 6811
6834 0 5 36 32861 6777
6834 0 51 63 32863 6790
6835 0 60 18 32856 6775
6835 0 43 36 32865 6803
6835 0 10 63 32857 6766
6836 0 10 18 32858 6812
6836 0 5 36 32861 6778
6836 0 51 63 32863 6791
6837 0 60 18 32856 6776
6837 1 3 19 32861 6820
6837 0 43 36 32865 6804
6837 0 10 63 32857 6767
6838 0 10 18 32858 6813
6838 0 5 36 32861 6779
6838 0 51 63 32863 6792
6839 0 60 18 32856 6777
6839 0 43 36 32865 6805
6839 0 51 63 32863 6793
6840 0 60 18 32856 6778
6840 0 5 36 32861 6780
6840 1 34 46 32854 6808
6840 0 41 63 32863 6784
6841 0 43 36 32865 6806
6841 0 51 63 32863 6794
6842 0 5 36 32861 6781
6842 0 41 63 32863 6785
6843 1 24 8 32861 6826
6843 0 33 18 32839 6821
6843 0 43 36 32865 6807
6843 0 51 63 32863 6795
6844 0 33 18 32839 6822
6844 0 5 36 32861 6782
6844 0 41 63 32863 6786
6845 0 33 18 32839 6823
6845 0 5 36 32861 6783
6845 0 51 63 32863 6796
6846 0 33 18 32839 6824
6846 0 5 36 32861 6784
6846 0 41 63 32863 6787
6847 0 19 9 32842 6825
6847 0 33 18 32839 6825
6847 0 51 63 32863 6797
6848 0 12 9 32844 6826
6848 0 35 18 32863 6826
6848 0 41 63 32863 6788
6849 0 19 9 32842 6826
6849 0 33 18 32839 6826
6849 0 51 63 32863 6798
6850 0 10 0 32859 6828
6850 0 12 9 32844 6827
6850 0 35 18 32863 6827
6850 0 41 63 32863 6789
6851 0 10 0 32859 6829
6851 0 19 9 32842 6827
6851 0 33 18 32839 6827
6851 0 13 45 32849 6824
6851 0 51 63 32863 6799
6852 0 10 0 32859 6830
6852 1 54 8 32861 6790
6852 0 12 9 32844 6828
6852 0 35 18 32863 6828
6852 0 13 45 32849 6825
6852 0 41 63 32863 6790
6853 0 10 0 32859 6831
6853 0 19 9 32842 6828
6853 0 33 18 32839 6828
6853 0 13 45 32849 6826
6853 0 41 63 32863 6791
6854 0 10 0 32859 6832
6854 0 12 9 32844 6829
6854 0 35 18 32863 6829
6854 1 55 39 32864 6837
6854 0 13 45 32849 6827
6854 0 41 63 32863 6792
6855 0 10 0 32859 6833
6855 0 19 9 32842 6829
6855 0 33 18 32839 6829
6855 0 13 45 32849 6828
6855 0 41 63 32863 6793
6856 0 47 0 32858 6789
6856 0 12 9 32844 6830
6856 1 20 10 32846 6834
6856 0 35 18 32863 6830
6856 0 13 45 32849 6829
6857 0 10 0 32859 6834
6857 1 9 7 32854 6815
6857 0 19 9 32842 6830
6857 0 33 18 32839 6830
6857 0 13 45 32849 6830
6857 0 41 54 32864 6819
6858 0 47 0 32858 6790
6858 0 12 9 32844 6831
6858 0 35 18 32863 6831
6858 0 13 45 32849 6831
6858 0 41 54 32864 6820
6859 0 10 0 32859 6835
6859 0 19 9 32842 6831
6859 0 1 18 32848 6834
6859 0 34 27 32855 6842
6859 0 13 45 32849 6832
6859 0 41 54 32864 6821
6860 0 47 0 32858 6791
6860 0 12 9 32844 6832
6860 0 35 18 32863 6832
6860 0 34 27 32855 6843
6860 0 13 45 32849 6833
6860 0 41 54 32864 6822
6860 1 12 59 32843 6818
6861 0 10 0 32859 6836
6861 0 19 9 32842 6832
6861 0 1 18 32848 6835
6861 0 34 27 32855 6844
6861 0 41 54 32864 6823
6862 0 47 0 32858 6792
6862 0 12 9 32844 6833
6862 0 35 18 32863 6833
6862 0 34 27 32855 6845
6863 0 10 0 32859 6837
6863 0 19 9 32842 6833
6863 0 1 18 32848 6836
6863 0 34 27 32855 6846
6863 0 41 54 32864 6824
6864 0 47 0 32858 6793
6864 0 12 9 32844 6834
6864 0 35 18 32863 6834
6864 0 34 27 32855 6847
6865 0 47 0 32858 6794
6865 0 19 9 32842 6834
6865 0 1 18 32848 6837
6865 0 34 27 32855 6848
6865 0 41 54 32864 6825
6866 0 28 0 32850 6820
6866 0 12 9 32844 6835
6866 0 35 18 32863 6835
6866 0 39 27 32859 6834
6867 0 47 0 32858 6795
6867 0 1 18 32848 6838
6867 0 34 27 32855 6849
6867 0 41 54 32864 6826
6868 0 28 0 32850 6821
6868 0 19 18 32843 6844
6868 0 39 27 32859 6835
6868 0 53 54 32854 6856
6869 0 47 0 32858 6796
6869 0 1 18 32848 6839
6869 0 34 27 32855 6850
6869 0 41 54 32864 6828
6870 0 28 0 32850 6822
6870 0 19 18 32843 6845
6870 0 39 27 32859 6836
6870 0 53 54 32854 6857
6870 0 43 63 32866 6833
6871 0 47 0 32858 6797
6871 1 42 14 32858 6824
6871 0 1 18 32848 6840
6871 0 34 27 32855 6851
6871 0 41 54 32864 6829
6871 0 43 63 32866 6834
6872 0 28 0 32850 6823
6872 0 19 18 32843 6846
6872 1 62 23 32860 6835
6872 0 39 27 32859 6837
6872 0 53 54 32854 6858
6872 0 43 63 32866 6835
6873 0 47 0 32858 6798
6873 0 1 18 32848 6841
6873 0 39 27 32859 6838
6873 1 7 47 32878 6841
6873 0 53 54 32854 6859
6873 1 41 59 32866 6846
6873 0 43 63 32866 6836
6874 0 28 0 32850 6824
6874 0 19 18 32843 6847
6874 0 52 27 32856 6839
6874 0 53 54 32854 6860
6874 0 43 63 32866 6837
6875 0 28 0 32850 6825
6875 0 1 18 32848 6842
6875 0 39 27 32859 6839
6875 0 53 54 32854 6861
6875 0 43 63 32866 6838
6876 0 28 0 32850 6826
6876 0 19 18 32843 6848
6876 0 52 27 32856 6840
6876 0 53 54 32854 6862
6876 1 21 57 32864 6824
6876 0 43 63 32866 6839
6877 0 28 0 32850 6827
6877 0 1 18 32848 6843
6877 0 39 27 32859 6840
6877 0 53 54 32854 6863
6878 0 28 0 32850 6828
6878 0 19 18 32843 6849
6878 0 52 27 32856 6841
6878 1 63 31 32854 6851
6878 0 53 54 32854 6864
6878 0 43 63 32866 6840
6879 0 28 0 32850 6829
6879 0 17 18 32850 6866
6879 0 39 27 32859 6841
6879 0 53 54 32854 6865
6879 0 43 63 32866 6841
6880 0 19 18 32843 6850
6880 0 52 27 32856 6842
6880 0 30 54 32840 6858
6881 0 17 18 32850 6867
6881 0 39 27 32859 6842
6881 0 30 54 32840 6859
6881 0 43 63 32866 6842
6882 0 45 9 32843 6835
6882 0 19 18 32843 6851
6882 0 52 27 32856 6843
6882 0 30 54 32840 6860
6883 0 45 9 32843 6836
6883 0 17 18 32850 6868
6883 0 39 27 32859 6843
6883 0 30 54 32840 6861
6884 0 14 9 32858 6852
6884 0 19 18 32843 6852
6884 1 46 26 32865 6847
6884 0 52 27 32856 6844
6884 0 30 54 32840 6862
6885 0 45 9 32843 6837
6885 0 17 18 32850 6869
6885 1 20 27 32847 6864
6885 0 30 54 32840 6863
6886 0 14 9 32858 6853
6886 0 19 18 32843 6853
6886 0 52 27 32856 6845
6886 1 41 31 32865 6827
6886 0 30 54 32840 6864
6887 0 18 0 32850 6860
6887 0 45 9 32843 6838
6887 1 54 16 32863 6830
6887 0 17 18 32850 6870
6887 1 63 20 32853 6840
6887 0 52 27 32856 6846
6887 0 52 45 32858 6870
6887 0 30 54 32840 6865
6888 0 18 0 32850 6861
6888 0 14 9 32858 6854
6888 0 17 18 32849 6849
6888 0 52 27 32856 6847
6888 1 61 35 32863 6856
6888 0 52 45 32858 6871
6888 0 30 54 32840 6866
6889 0 18 0 32850 6862
6889 0 45 9 32843 6839
6889 0 17 18 32850 6871
6889 0 25 27 32854 6872
6889 0 52 45 32858 6872
6889 0 30 54 32840 6867
6890 0 18 0 32850 6863
6890 0 14 9 32858 6855
6890 0 17 18 32849 6850
6890 0 52 27 32856 6848
6890 0 52 45 32858 6873
6891 0 18 0 32850 6864
6891 0 45 9 32843 6840
6891 0 17 18 32850 6872
6891 0 25 27 32854 6873
6891 0 52 45 32858 6874
6892 0 18 0 32850 6865
6892 0 14 9 32858 6856
6892 0 17 18 32849 6851
6892 0 44 27 32868 6862
6892 0 52 45 32858 6875
6893 0 18 0 32850 6866
6893 0 45 9 32843 6841
6893 0 17 18 32850 6873
6893 0 25 27 32854 6874
6893 0 52 45 32858 6876
6894 0 18 0 32850 6867
6894 0 14 9 32858 6857
6894 0 17 18 32849 6852
6894 0 44 27 32868 6863
6894 0 52 45 32858 6877
6895 0 18 0 32850 6868
6895 0 45 9 32843 6842
6895 0 17 18 32850 6874
6895 0 25 27 32854 6875
6895 0 52 45 32858 6878
6896 0 18 0 32850 6869
6896 0 14 9 32858 6858
6896 0 17 18 32849 6853
6896 0 44 27 32868 6864
6896 0 52 45 32858 6879
6897 0 45 9 32843 6843
6897 0 17 18 32850 6875
6897 0 25 27 32854 6876
6897 1 52 33 32857 6865
6898 0 14 9 32858 6859
6898 0 17 18 32849 6854
6898 0 44 27 32868 6865
6899 0 45 9 32843 6844
6899 0 56 18 32870 6851
6899 0 25 27 32854 6877
6900 0 14 9 32858 6860
6900 0 44 27 32868 6866
6901 0 14 9 32858 6861
6901 0 17 18 32849 6855
6901 0 25 27 32854 6878
6901 1 9 47 32855 6844
6902 0 56 18 32870 6852
6902 0 44 27 32868 6867
6903 0 17 18 32849 6856
6903 0 25 27 32854 6879
6903 0 26 63 32857 6851
6904 0 22 9 32859 6867
6904 0 56 18 32870 6854
6904 0 44 27 32868 6868
6904 0 26 63 32857 6852
6905 0 22 9 32859 6868
6905 0 17 18 32849 6857
6905 0 25 27 32854 6880
6905 0 26 63 32857 6853
6906 0 22 9 32859 6869
6906 0 56 18 32870 6855
6906 0 44 27 32868 6869
6906 0 26 63 32857 6854
6907 1 0 6 32846 6870
6907 0 54 9 32864 6850
6907 0 17 18 32849 6858
6907 0 25 27 32854 6881
6907 1 19 36 32844 6885
6907 0 26 63 32857 6855
6908 0 22 9 32859 6870
6908 0 56 18 32870 6856
6908 0 44 27 32868 6870
6908 0 26 63 32857 6856
6909 0 54 9 32864 6851
6909 1 56 18 32871 6853
6909 0 24 27 32862 6876
6909 0 26 63 32857 6857
6910 1 16 2 32864 6881
6910 0 22 9 32859 6871
6910 0 56 18 32870 6857
6910 0 44 27 32868 6871
6910 0 26 63 32857 6858
6911 0 8 0 32853 6899
6911 0 54 9 32864 6852
6911 0 14 18 32859 6874
6911 0 24 27 32862 6877
6911 1 59 39 32861 6869
6911 0 26 63 32857 6859
6912 0 8 0 32853 6900
6912 0 22 9 32859 6872
6912 0 56 18 32870 6858
6912 0 29 27 32845 6879
6912 0 26 63 32857 6860
6913 0 8 0 32853 6901
6913 0 54 9 32864 6853
6913 0 14 18 32859 6875
6913 0 24 27 32862 6878
6914 0 8 0 32853 6902
6914 0 22 9 32859 6873
6914 0 56 18 32870 6859
6914 0 29 27 32845 6880
6915 0 8 0 32853 6903
6915 0 54 9 32864 6854
6915 0 14 18 32859 6876
6915 0 24 27 32862 6879
6915 1 51 47 32864 6883
6916 0 8 0 32853 6904
6916 0 22 9 32859 6874
6916 0 56 18 32870 6860
6916 0 29 27 32845 6881
6917 0 8 0 32853 6905
6917 0 54 9 32864 6855
6917 0 14 18 32859 6877
6918 0 8 0 32853 6906
6918 0 22 9 32859 6875
6918 0 56 18 32870 6861
6918 0 24 27 32862 6880
6919 0 8 0 32853 6907
6919 0 54 9 32864 6856
6919 0 14 18 32859 6878
6919 0 37 36 32855 6907
6920 0 8 0 32853 6908
6920 0 22 9 32859 6876
6920 0 14 18 32859 6879
6920 0 29 27 32845 6882
6920 0 36 36 32845 6913
6921 0 54 9 32864 6857
6921 0 53 18 32855 6874
6921 0 24 27 32862 6881
6921 0 37 36 32855 6908
6922 0 54 9 32864 6858
6922 0 14 18 32859 6880
6922 0 29 27 32845 6883
6922 0 36 36 32845 6914
6923 0 17 0 32851 6901
6923 0 62 9 32861 6858
6923 0 24 27 32862 6882
6923 0 37 36 32855 6909
6924 0 17 0 32851 6902
6924 0 54 9 32864 6859
6924 0 53 18 32855 6875
6924 0 29 27 32845 6884
6924 1 20 35 32849 6902
6924 0 36 36 32845 6915
6925 0 17 0 32851 6903
6925 0 62 9 32861 6859
6925 0 14 18 32859 6881
6925 1 11 20 32861 6908
6925 0 24 27 32862 6883
6925 0 37 36 32855 6910
6926 0 17 0 32851 6904
6926 0 62 9 32861 6860
6926 0 53 18 32855 6876
6926 0 29 27 32845 6885
6926 0 36 36 32845 6916
6926 1 61 48 32864 6889
6927 0 17 0 32851 6905
6927 0 62 9 32861 6861
6927 0 14 18 32859 6882
6927 0 24 27 32862 6884
6927 0 37 36 32855 6911
6927 0 54 54 32866 6920
6928 0 17 0 32851 6906
6928 0 62 9 32861 6862
6928 1 24 10 32863 6901
6928 0 53 18 32855 6877
6928 0 29 27 32845 6886
6928 0 36 36 32845 6917
6928 0 54 54 32866 6921
6929 0 17 0 32851 6907
6929 0 62 9 32861 6863
6929 0 14 18 32859 6884
6929 1 14 20 32861 6907
6929 0 24 27 32862 6885
6929 0 37 36 32855 6912
6929 0 54 54 32866 6922
6930 0 17 0 32851 6908
6930 0 62 9 32861 6864
6930 0 53 18 32855 6878
6930 0 29 27 32845 6887
6930 0 36 36 32845 6918
6930 0 54 54 32866 6923
6930 1 20 63 32848 6883
6931 0 17 0 32851 6909
6931 0 62 9 32861 6865
6931 0 53 18 32855 6879
6931 1 54 24 32865 6879
6931 0 35 27 32865 6913
6931 0 37 36 32855 6913
6931 0 54 54 32866 6924
6932 0 17 0 32851 6910
6932 0 62 9 32861 6866
6932 0 53 18 32855 6880
6932 0 29 27 32845 6888
6932 0 36 36 32845 6919
6932 0 54 54 32866 6925
6933 0 62 9 32861 6867
6933 0 53 18 32855 6881
6933 0 35 27 32865 6914
6933 0 37 36 32855 6914
6933 0 54 54 32866 6926
6934 0 53 18 32855 6882
6934 0 35 27 32865 6915
6934 0 36 36 32845 6920
6934 0 54 54 32866 6927
6935 0 53 18 32855 6883
6935 0 29 27 32846 6911
6935 0 37 36 32855 6915
6935 0 54 54 32866 6928
6936 0 35 27 32865 6916
6936 0 36 36 32845 6921
6936 0 54 54 32866 6929
6937 0 29 27 32846 6912
6937 0 37 36 32855 6916
6938 0 35 27 32865 6917
6938 0 36 36 32845 6922
6939 1 19 9 32845 6917
6939 0 29 27 32846 6913
6939 0 33 36 32841 6915
6939 0 31 63 32846 6912
6940 0 28 9 32851 6907
6940 0 35 27 32865 6918
6940 0 63 36 32855 6902
6940 1 14 40 32860 6883
6940 0 23 45 32871 6908
6940 0 31 63 32846 6913
6941 0 28 9 32851 6908
6941 0 29 27 32846 6914
6941 0 33 36 32841 6916
6941 0 23 45 32871 6909
6941 0 31 63 32846 6914
6942 0 49 9 32842 6907
6942 0 35 27 32865 6919
6942 0 63 36 32855 6903
6942 0 23 45 32871 6910
6942 0 7 63 32881 6900
6943 1 55 5 32865 6896
6943 0 28 9 32851 6909
6943 0 29 27 32846 6915
6943 0 33 36 32841 6917
6943 0 23 45 32871 6911
6943 0 3 54 32862 6891
6943 0 31 63 32846 6915
6944 0 49 9 32842 6908
6944 0 35 27 32865 6920
6944 0 63 36 32855 6904
6944 0 23 45 32871 6912
6944 0 3 54 32862 6892
6944 0 7 63 32881 6901
6945 0 35 0 32864 6903
6945 0 28 9 32851 6910
6945 0 29 27 32846 6916
6945 0 33 36 32841 6918
6945 0 47 45 32859 6928
6945 0 3 54 32862 6893
6945 0 31 63 32846 6916
6946 0 35 0 32864 6904
6946 0 49 9 32842 6909
6946 1 0 19 32848 6913
6946 0 35 27 32865 6921
6946 0 63 36 32855 6905
6946 0 23 45 32871 6913
6946 0 33 54 32840 6904
6946 0 7 63 32881 6902
6947 0 35 0 32864 6905
6947 0 28 9 32851 6911
6947 0 33 36 32841 6919
6947 0 47 45 32859 6929
6947 0 3 54 32862 6894
6947 0 31 63 32846 6917
6948 0 35 0 32864 6906
6948 0 49 9 32842 6910
6948 0 29 27 32846 6917
6948 0 63 36 32855 6906
6948 0 23 45 32871 6914
6948 0 33 54 32840 6905
6948 0 7 63 32881 6903
6949 0 35 0 32864 6907
6949 0 28 9 32851 6912
6949 0 35 27 32865 6922
6949 0 33 36 32841 6920
6949 0 47 45 32859 6930
6949 0 3 54 32862 6895
6949 0 31 63 32846 6918
6950 0 20 0 32850 6913
6950 0 49 9 32842 6911
6950 0 29 27 32846 6918
6950 0 63 36 32855 6907
6950 0 23 45 32871 6915
6950 0 33 54 32840 6906
6950 0 7 63 32881 6904
6951 0 35 0 32864 6908
6951 0 28 9 32851 6913
6951 0 11 27 32862 6922
6951 0 33 36 32841 6921
6951 0 47 45 32859 6931
6951 0 3 54 32862 6896
6951 0 31 63 32846 6919
6952 0 20 0 32850 6914
6952 0 49 9 32842 6912
6952 0 29 27 32846 6919
6952 0 63 36 32855 6908
6952 0 23 45 32871 6916
6952 0 33 54 32840 6907
6952 0 7 63 32881 6905
6953 0 35 0 32864 6909
6953 0 28 9 32851 6914
6953 0 11 27 32862 6923
6953 0 33 36 32841 6922
6953 0 47 45 32859 6932
6953 0 3 54 32862 6897
6953 0 31 63 32846 6920
6954 0 20 0 32850 6915
6954 0 49 9 32842 6913
6954 0 29 27 32846 6920
6954 0 63 36 32855 6909
6954 0 23 45 32871 6917
6954 0 33 54 32840 6908
6954 0 7 63 32881 6906
6955 0 35 0 32864 6910
6955 0 28 9 32851 6915
6955 0 11 27 32862 6924
6955 0 33 36 32841 6923
6955 0 47 45 32859 6933
6955 0 3 54 32862 6898
6955 0 31 63 32846 6921
6956 0 20 0 32850 6916
6956 0 49 9 32842 6914
6956 0 11 27 32862 6925
6956 0 63 36 32855 6910
6956 0 47 45 32859 6934
6956 0 33 54 32840 6909
6956 0 7 63 32881 6907
6957 0 35 0 32864 6911
6957 0 28 9 32851 6916
6957 0 11 27 32862 6926
6957 0 33 36 32841 6924
6957 0 47 45 32859 6935
6957 0 3 54 32862 6899
6957 0 7 63 32881 6908
6958 0 20 0 32850 6917
6958 0 49 9 32842 6915
6958 0 11 27 32862 6927
6958 0 63 36 32855 6911
6958 0 47 45 32859 6936
6958 0 33 54 32840 6910
6958 0 54 63 32867 6937
6959 0 35 0 32864 6912
6959 0 49 9 32842 6916
6959 0 11 27 32862 6928
6959 0 61 36 32865 6911
6959 0 47 45 32859 6937
6959 0 3 54 32862 6900
6959 0 7 63 32881 6909
6960 0 20 0 32850 6918
6960 0 11 27 32862 6929
6960 0 7 36 32879 6880
6960 0 33 54 32840 6911
6960 0 54 63 32867 6938
6961 0 20 0 32850 6919
6961 1 34 5 32856 6919
6961 0 11 27 32862 6930
6961 0 61 36 32865 6912
6961 0 33 54 32840 6912
6961 0 54 63 32867 6939
6962 0 45 0 32844 6905
6962 0 11 27 32862 6931
6962 0 7 36 32879 6881
6962 0 15 54 32859 6919
6962 0 44 63 32869 6915
6963 0 20 0 32850 6920
6963 0 61 36 32865 6913
6963 0 33 54 32840 6913
6963 0 54 63 32867 6940
6964 0 45 0 32844 6906
6964 0 7 36 32879 6882
6964 0 15 54 32859 6920
6964 0 44 63 32869 6916
6965 0 20 0 32850 6921
6965 0 61 36 32865 6914
6965 0 15 54 32859 6921
6965 0 54 63 32867 6941
6966 0 45 0 32844 6907
6966 0 7 36 32879 6883
6966 0 50 54 32839 6939
6966 0 44 63 32869 6917
6967 0 20 0 32850 6922
6967 0 30 9 32841 6925
6967 0 61 36 32865 6915
6967 0 15 54 32859 6922
6967 0 54 63 32867 6942
6968 0 45 0 32844 6908
6968 0 30 9 32841 6926
6968 0 26 18 32859 6956
6968 0 7 36 32879 6884
6968 0 50 54 32839 6940
6968 0 44 63 32869 6918
6969 0 45 0 32844 6909
6969 1 24 9 32864 6947
6969 0 20 18 32851 6952
6969 0 61 36 32865 6916
6969 0 15 54 32859 6923
6969 0 54 63 32867 6943
6970 0 45 0 32844 6910
6970 0 30 9 32841 6927
6970 0 26 18 32859 6957
6970 0 45 27 32845 6943
6970 0 7 36 32879 6885
6970 0 55 45 32866 6948
6970 0 50 54 32839 6941
6970 0 44 63 32869 6919
6971 0 45 0 32844 6911
6971 0 30 9 32841 6928
6971 0 20 18 32851 6953
6971 0 45 27 32845 6944
6971 0 61 36 32865 6917
6971 0 55 45 32866 6949
6971 0 15 54 32859 6924
6971 0 54 63 32867 6944
6972 0 45 0 32844 6912
6972 0 30 9 32841 6929
6972 1 19 14 32846 6945
6972 0 26 18 32859 6958
6972 1 34 19 32857 6950
6972 0 45 27 32845 6945
6972 0 7 36 32879 6886
6972 0 55 45 32866 6950
6972 0 50 54 32839 6942
6972 0 44 63 32869 6920
6973 0 45 0 32844 6913
6973 0 30 9 32841 6930
6973 0 20 18 32851 6954
6973 0 5 27 32862 6941
6973 0 61 36 32865 6918
6973 1 61 42 32866 6941
6973 0 55 45 32866 6951
6973 0 15 54 32859 6925
6973 0 54 63 32867 6945
6974 0 45 0 32844 6914
6974 0 30 9 32841 6931
6974 0 26 18 32859 6959
6974 0 45 27 32845 6946
6974 0 7 36 32879 6887
6974 0 55 45 32866 6952
6974 1 25 51 32855 6942
6974 0 50 54 32839 6943
6974 0 44 63 32869 6921
6975 0 30 9 32841 6932
6975 0 20 18 32851 6955
6975 0 5 27 32862 6942
6975 0 61 36 32865 6919
6975 0 55 45 32866 6953
6975 0 15 54 32859 6926
6975 0 54 63 32867 6946
6976 0 30 9 32841 6933
6976 0 26 18 32859 6960
6976 0 45 27 32845 6947
6976 0 7 36 32879 6888
6976 0 55 45 32866 6954
6976 0 50 54 32839 6944
6976 0 44 63 32869 6922
6977 0 30 9 32841 6934
6977 0 20 18 32851 6956
6977 0 5 27 32862 6943
6977 0 61 36 32865 6920
6977 0 55 45 32866 6955
6977 0 15 54 32859 6927
6977 0 44 63 32869 6923
6978 0 26 18 32859 6961
6978 0 45 27 32845 6948
6978 0 7 36 32879 6889
6978 0 55 45 32866 6956
6978 0 50 54 32839 6945
6978 0 44 63 32869 6924
6979 0 20 18 32851 6957
6979 0 5 27 32862 6944
6979 0 31 36 32845 6896
6979 0 55 45 32866 6957
6979 0 15 54 32859 6928
6980 0 26 18 32859 6962
6980 0 45 27 32845 6949
6980 0 38 36 32882 6940
6980 0 50 54 32839 6946
6981 0 20 18 32851 6958
6981 0 5 27 32862 6945
6981 0 31 36 32845 6897
6981 0 0 54 32847 6902
6981 0 13 63 32850 6928
6982 0 26 18 32859 6963
6982 0 45 27 32845 6950
6982 0 38 36 32882 6941
6982 0 50 54 32839 6947
6982 0 13 63 32850 6929
6983 0 20 18 32851 6959
6983 0 5 27 32862 6946
6983 0 31 36 32845 6898
6983 0 0 54 32847 6903
6983 0 13 63 32850 6930
6984 0 26 18 32859 6964
6984 0 45 27 32845 6951
6984 0 38 36 32882 6942
6984 0 50 54 32839 6948
6984 0 13 63 32850 6931
6985 0 20 18 32851 6960
6985 0 5 27 32862 6947
6985 0 31 36 32845 6899
6985 0 0 54 32847 6904
6985 0 13 63 32850 6932
6986 0 26 18 32859 6965
6986 0 45 27 32845 6952
6986 0 38 36 32882 6943
6986 0 60 54 32857 6949
6986 0 13 63 32850 6933
6987 0 20 18 32851 6961
6987 0 5 27 32862 6948
6987 0 31 36 32845 6900
6987 0 0 54 32847 6905
6987 0 13 63 32850 6934
6988 0 41 18 32867 6948
6988 0 50 27 32840 6949
6988 0 38 36 32882 6944
6988 0 60 54 32857 6950
6988 0 13 63 32850 6935
6989 0 37 18 32856 6944
6989 0 5 27 32862 6949
6989 0 31 36 32845 6901
6989 1 33 41 32843 6976
6989 0 0 54 32847 6906
6989 0 13 63 32850 6936
6990 0 41 18 32867 6949
6990 0 50 27 32840 6950
6990 0 38 36 32882 6945
6990 0 60 54 32857 6951
6990 0 13 63 32850 6937
6991 0 40 0 32867 6959
6991 0 37 18 32856 6945
6991 0 5 27 32862 6950
6991 0 31 36 32845 6902
6991 0 0 54 32847 6907
6992 0 57 0 32865 6945
6992 0 41 18 32867 6950
6992 0 50 27 32840 6951
6992 0 38 36 32882 6946
6992 0 60 54 32857 6952
6993 0 40 0 32867 6960
6993 0 37 18 32856 6946
6993 0 56 27 32873 6941
6993 0 31 36 32845 6903
6993 0 0 54 32847 6908
6994 0 57 0 32865 6946
6994 0 41 18 32867 6951
6994 0 50 27 32840 6952
6994 0 38 36 32882 6947
6994 0 60 54 32857 6953
6995 0 40 0 32867 6961
6995 0 37 18 32856 6947
6995 0 56 27 32873 6942
6995 0 31 36 32845 6904
6995 0 0 54 32847 6909
6996 0 57 0 32865 6947
6996 0 41 18 32867 6952
6996 0 50 27 32840 6953
6996 0 38 36 32882 6948
6996 0 60 54 32857 6954
6997 0 40 0 32867 6962
6997 0 37 18 32856 6948
6997 0 56 27 32873 6943
6997 0 31 36 32845 6905
6997 0 0 54 32847 6910
6998 0 57 0 32865 6948
6998 0 41 18 32867 6953
6998 0 50 27 32840 6954
6998 0 38 36 32882 6949
6998 0 60 54 32857 6955
6999 0 40 0 32867 6963
6999 0 37 18 32856 6949
6999 0 56 27 32873 6944
6999 0 7 36 32880 6890
6999 0 0 54 32847 6911
6999 0 55 63 32867 6987
7000 0 57 0 32865 6949
7000 0 41 18 32867 6954
7000 0 50 27 32840 6955
7000 0 60 54 32857 6956
7000 1 11 61 32864 6953
7000 0 11 63 32863 6943
7001 0 40 0 32867 6964
7001 0 37 18 32856 6950
7001 0 56 27 32873 6945
7001 0 7 36 32880 6891
7001 0 61 54 32867 6950
7001 0 55 63 32867 6988
7002 0 57 0 32865 6950
7002 0 41 18 32867 6955
7002 0 50 27 32840 6956
7002 0 7 36 32880 6892
7002 0 60 54 32857 6957
7002 0 11 63 32863 6944
7003 0 40 0 32867 6965
7003 0 37 18 32856 6951
7003 0 56 27 32873 6946
7003 0 16 36 32865 6932
7003 1 45 47 32848 6986
7003 0 61 54 32867 6951
7003 0 55 63 32867 6989
7004 0 57 0 32865 6951
7004 0 41 18 32867 6956
7004 0 50 27 32840 6957
7004 0 7 36 32880 6893
7004 0 60 54 32857 6958
7004 1 56 57 32875 6992
7004 0 11 63 32863 6945
7005 0 40 0 32867 6966
7005 0 37 18 32856 6952
7005 0 56 27 32873 6947
7005 0 16 36 32865 6933
7005 0 61 54 32867 6952
7005 0 55 63 32867 6990
7006 0 57 0 32865 6952
7006 0 41 18 32867 6957
7006 0 50 27 32840 6958
7006 0 7 36 32880 6894
7006 0 37 45 32857 6994
7006 0 61 54 32867 6953
7006 0 11 63 32863 6946
7007 0 40 0 32867 6967
7007 0 37 18 32856 6953
7007 0 56 27 32873 6948
7007 0 16 36 32865 6934
7007 0 37 45 32857 6996
7007 0 55 63 32867 6991
7008 0 57 0 32865 6953
7008 0 1 18 32849 6959
7008 0 14 27 32862 6942
7008 0 7 36 32880 6895
7008 0 37 45 32857 6997
7008 0 61 54 32867 6954
7008 0 11 63 32863 6947
7009 0 40 0 32867 6968
7009 0 15 18 32860 6972
7009 0 56 27 32873 6949
7009 0 16 36 32865 6935
7009 0 37 45 32857 6998
7009 0 61 54 32867 6955
7009 0 55 63 32867 6992
7010 0 57 0 32865 6954
7010 0 1 18 32849 6960
7010 1 19 22 32847 6988
7010 0 14 27 32862 6943
7010 0 7 36 32880 6896
7010 0 37 45 32857 6999
7010 1 26 52 32858 6905
7010 0 61 54 32867 6956
7010 0 11 63 32863 6948
7011 0 15 18 32860 6973
7011 1 46 25 32866 6958
7011 0 56 27 32873 6950
7011 0 16 36 32865 6936
7011 0 37 45 32857 7000
7011 0 61 54 32867 6957
7011 0 55 63 32867 6993
7012 0 14 0 32863 6954
7012 0 1 18 32849 6961
7012 0 14 27 32862 6944
7012 1 8 31 32854 6960
7012 0 7 36 32880 6897
7012 0 37 45 32857 7001
7012 0 61 54 32867 6958
7012 0 11 63 32863 6949
7013 0 20 0 32852 6972
7013 0 15 18 32860 6974
7013 0 47 27 32860 6945
7013 0 16 36 32865 6937
7013 1 11 39 32865 6971
7013 0 37 45 32857 7002
7013 0 61 54 32867 6959
7013 0 55 63 32867 6994
7014 0 14 0 32863 6955
7014 0 1 18 32849 6962
7014 0 14 27 32862 6945
7014 0 7 36 32880 6898
7014 0 37 45 32857 7003
7014 0 11 63 32863 6950
7015 0 20 0 32852 6973
7015 0 15 18 32860 6975
7015 0 47 27 32860 6946
7015 0 16 36 32865 6938
7015 0 37 45 32857 7004
7015 0 55 63 32867 6995
7016 0 14 0 32863 6956
7016 0 28 9 32852 6984
7016 0 1 18 32849 6963
7016 0 14 27 32862 6946
7016 0 7 36 32880 6899
7016 1 2 49 32841 6974
7016 0 11 63 32863 6951
7017 0 20 0 32852 6974
7017 0 28 9 32852 6985
7017 0 15 18 32860 6976
7017 0 16 36 32865 6939
7017 0 55 63 32867 6996
7018 0 14 0 32863 6957
7018 0 28 9 32852 6986
7018 0 1 18 32849 6964
7018 0 47 27 32860 6947
7018 0 63 36 32857 6980
7018 0 11 63 32863 6952
7019 0 20 0 32852 6975
7019 0 28 9 32852 6987
7019 0 15 18 32860 6977
7019 0 14 27 32862 6947
7019 0 16 36 32865 6940
7019 0 56 63 32872 6931
7020 0 14 0 32863 6958
7020 0 28 9 32852 6988
7020 0 1 18 32849 6965
7020 0 47 27 32860 6948
7020 0 63 36 32857 6981
7020 0 6 54 32866 6983
7020 0 51 63 32865 6976
7021 0 20 0 32852 6976
7021 0 28 9 32852 6989
7021 0 15 18 32860 6978
7021 0 14 27 32862 6948
7021 0 16 36 32865 6941
7021 0 6 54 32866 6984
7021 0 56 63 32872 6932
7022 0 14 0 32863 6959
7022 0 28 9 32852 6990
7022 0 1 18 32849 6966
7022 0 47 27 32860 6949
7022 1 61 30 32868 6970
7022 0 63 36 32857 6983
7022 0 6 54 32866 6985
7022 0 51 63 32865 6977
7023 0 20 0 32852 6977
7023 0 28 9 32852 6991
7023 0 15 18 32860 6979
7023 0 14 27 32862 6949
7023 0 28 36 32853 6997
7023 0 6 54 32866 6986
7023 0 56 63 32872 6933
7024 0 14 0 32863 6960
7024 0 28 9 32852 6992
7024 0 1 18 32849 6967
7024 0 47 27 32860 6950
7024 0 63 36 32857 6984
7024 0 6 54 32866 6987
7024 0 51 63 32865 6978
7025 0 20 0 32852 6978
7025 0 28 9 32852 6993
7025 0 15 18 32860 6980
7025 0 14 27 32862 6950
7025 0 28 36 32853 6998
7025 0 6 54 32866 6988
7025 0 56 63 32872 6934
7026 0 14 0 32863 6961
7026 0 1 18 32849 6968
7026 0 47 27 32860 6951
7026 0 63 36 32857 6985
7026 0 6 54 32866 6989
7026 0 51 63 32865 6979
7027 0 20 0 32852 6979
7027 1 37 11 32858 6995
7027 0 15 18 32860 6981
7027 0 14 27 32862 6951
7027 0 28 36 32853 6999
7027 0 6 54 32866 6990
7027 0 56 63 32872 6935
7028 0 14 0 32863 6962
7028 0 16 18 32868 7009
7028 0 47 27 32860 6952
7028 0 63 36 32857 6986
7028 0 23 54 32872 6996
7028 0 51 63 32865 6980
7029 0 20 0 32852 6980
7029 0 63 18 32856 6912
7029 0 3 27 32863 6959
7029 0 28 36 32853 7000
7029 0 6 54 32866 6991
7029 0 56 63 32872 6936
7030 0 14 0 32863 6963
7030 0 46 9 32867 6960
7030 0 16 18 32868 7010
7030 0 47 27 32860 6953
7030 0 63 36 32857 6987
7030 1 23 39 32873 7013
7030 0 23 54 32872 6997
7030 0 51 63 32865 6981
7031 0 20 0 32852 6981
7031 0 46 9 32867 6961
7031 0 63 18 32856 6913
7031 0 3 27 32863 6960
7031 0 28 36 32853 7001
7031 0 6 54 32866 6992
7031 0 56 63 32872 6937
7032 0 46 9 32867 6962
7032 0 16 18 32868 7011
7032 0 47 27 32860 6954
7032 0 63 36 32857 6988
7032 1 3 53 32864 6985
7032 0 23 54 32872 6998
7032 0 51 63 32865 6982
7033 0 44 0 32870 6943
7033 0 46 9 32867 6963
7033 0 63 18 32856 6914
7033 0 3 27 32863 6961
7033 0 28 36 32853 7002
7033 0 23 54 32872 6999
7033 0 56 63 32872 6938
7034 0 22 0 32860 6979
7034 0 46 9 32867 6964
7034 0 16 18 32868 7012
7034 0 0 27 32849 6962
7034 0 63 36 32857 6989
7034 1 56 47 32874 6974
7034 0 23 54 32872 7000
7034 0 51 63 32865 6983
7035 0 44 0 32870 6944
7035 0 46 9 32867 6965
7035 0 63 18 32856 6915
7035 0 3 27 32863 6962
7035 0 28 36 32853 7003
7035 0 23 54 32872 7001
7035 0 56 63 32872 6939
7036 0 22 0 32860 6980
7036 0 46 9 32867 6966
7036 0 16 18 32868 7013
7036 0 0 27 32849 6963
7036 0 63 36 32857 6990
7036 0 23 54 32872 7002
7036 0 51 63 32865 6984
7037 0 44 0 32870 6945
7037 0 46 9 32867 6967
7037 0 63 18 32856 6916
7037 1 8 19 32855 7010
7037 0 3 27 32863 6963
7037 0 28 36 32853 7004
7037 0 23 54 32872 7003
7037 0 56 63 32872 6940
7038 0 22 0 32860 6981
7038 0 17 9 32853 7026
7038 0 16 18 32868 7014
7038 0 0 27 32849 6964
7038 1 5 36 32863 6966
7038 0 23 54 32872 7004
7038 0 51 63 32865 6985
7039 0 44 0 32870 6946
7039 1 63 4 32858 6982
7039 0 46 9 32867 6968
7039 0 63 18 32856 6917
7039 0 3 27 32863 6964
7039 0 28 36 32853 7005
7039 0 23 54 32872 7005
7039 0 33 63 32842 6965
7040 0 22 0 32860 6982
7040 0 17 9 32853 7027
7040 0 16 18 32868 7015
7040 0 0 27 32849 6965
7040 0 28 36 32853 7006
7040 0 33 63 32842 6966
7041 0 44 0 32870 6947
7041 0 46 9 32867 6969
7041 0 63 18 32856 6918
7041 0 3 27 32863 6965
7041 1 22 36 32861 6993
7041 0 31 63 32847 7013
7042 0 22 0 32860 6983
7042 0 17 9 32853 7028
7042 0 16 18 32868 7016
7042 0 0 27 32849 6966
7042 0 33 63 32842 6967
7043 0 44 0 32870 6948
7043 0 17 9 32853 7029
7043 0 63 18 32856 6919
7043 0 3 27 32863 6966
7043 0 5 36 32864 7007
7043 0 31 63 32847 7014
7044 0 22 0 32860 6984
7044 0 17 9 32853 7030
7044 0 16 18 32868 7017
7044 0 0 27 32849 6967
7044 0 16 36 32866 6984
7044 1 9 42 32856 7004
7044 0 33 63 32842 6968
7045 0 44 0 32870 6949
7045 0 17 9 32853 7031
7045 0 63 18 32856 6920
7045 0 3 27 32863 6967
7045 1 46 33 32869 6984
7045 0 5 36 32864 7008
7045 0 31 63 32847 7015
7046 0 22 0 32860 6985
7046 0 17 9 32853 7032
7046 0 16 18 32868 7018
7046 0 0 27 32849 6968
7046 0 16 36 32866 6985
7046 0 33 63 32842 6969
7047 0 44 0 32870 6950
7047 0 17 9 32853 7033
7047 0 63 18 32856 6921
7047 0 3 27 32863 6968
7047 0 5 36 32864 7009
7047 0 31 63 32847 7016
7048 0 22 0 32860 6986
7048 0 17 9 32853 7034
7048 0 41 18 32868 7001
7048 0 0 27 32849 6969
7048 0 16 36 32866 6986
7048 0 33 63 32842 6970
7049 0 44 0 32870 6951
7049 0 17 9 32853 7035
7049 0 41 18 32868 7002
7049 0 25 27 32856 7025
7049 0 5 36 32864 7010
7049 0 31 63 32847 7017
7050 0 22 0 32860 6987
7050 0 0 27 32849 6970
7050 0 16 36 32866 6987
7050 0 33 63 32842 6971
7051 0 44 0 32870 6952
7051 0 41 18 32868 7003
7051 0 25 27 32856 7026
7051 0 5 36 32864 7011
7051 0 15 54 32861 7014
7051 0 31 63 32847 7018
7052 0 22 0 32860 6988
7052 0 41 18 32868 7004
7052 0 0 27 32849 6971
7052 0 16 36 32866 6988
7052 0 15 54 32861 7015
7052 0 33 63 32842 6972
7053 0 51 9 32866 7011
7053 0 39 18 32860 6999
7053 0 25 27 32856 7027
7053 0 5 36 32864 7012
7053 0 15 54 32861 7016
7053 0 31 63 32847 7019
7054 0 11 0 32866 7020
7054 0 51 9 32866 7012
7054 0 41 18 32868 7005
7054 0 45 27 32847 6981
7054 0 16 36 32866 6989
7054 0 16 54 32867 6997
7054 0 33 63 32842 6973
7055 0 45 0 32846 6953
7055 0 51 9 32866 7013
7055 0 39 18 32860 7000
7055 0 25 27 32856 7028
7055 0 5 36 32864 7013
7055 0 15 54 32861 7017
7055 0 31 63 32847 7020
7056 0 11 0 32866 7021
7056 0 51 9 32866 7014
7056 0 41 18 32868 7006
7056 0 45 27 32847 6982
7056 0 16 36 32866 6990
7056 0 16 54 32867 6998
7056 0 33 63 32842 6974
7057 0 45 0 32846 6954
7057 0 51 9 32866 7015
7057 0 39 18 32860 7001
7057 0 25 27 32856 7029
7057 0 5 36 32864 7014
7057 0 15 54 32861 7018
7057 0 31 63 32847 7021
7058 0 11 0 32866 7022
7058 0 51 9 32866 7016
7058 0 41 18 32868 7007
7058 0 45 27 32847 6983
7058 0 16 36 32866 6991
7058 0 16 54 32867 6999
7058 0 31 63 32847 7022
7059 0 45 0 32846 6955
7059 0 51 9 32866 7017
7059 0 39 18 32860 7002
7059 0 25 27 32856 7030
7059 0 5 36 32864 7015
7059 0 15 54 32861 7019
7059 0 44 63 32871 7013
7060 0 11 0 32866 7023
7060 1 54 2 32868 6984
7060 0 51 9 32866 7018
7060 0 41 18 32868 7008
7060 0 45 27 32847 6984
7060 0 16 36 32866 6992
7060 1 59 42 32862 7038
7060 0 16 54 32867 7000
7060 0 44 63 32871 7014
7061 0 45 0 32846 6956
7061 0 51 9 32866 7019
7061 0 39 18 32860 7003
7061 0 25 27 32856 7031
7061 0 5 36 32864 7016
7061 0 15 54 32861 7020
7061 0 21 63 32865 7019
7062 0 11 0 32866 7024
7062 0 51 9 32866 7020
7062 0 41 18 32868 7009
7062 0 45 27 32847 6985
7062 0 16 36 32866 6993
7062 1 30 42 32842 7025
7062 0 16 54 32867 7001
7062 0 44 63 32871 7015
7063 0 45 0 32846 6957
7063 0 19 9 32848 7041
7063 0 39 18 32860 7004
7063 0 25 27 32856 7032
7063 1 63 32 32859 7006
7063 0 42 36 32859 7039
7063 1 17 45 32852 7021
7063 0 15 54 32861 7021
7063 0 21 63 32865 7020
7064 0 11 0 32866 7025
7064 0 19 9 32848 7042
7064 0 41 18 32868 7010
7064 0 45 27 32847 6987
7064 0 18 36 32851 7019
7064 0 16 54 32867 7002
7064 0 44 63 32871 7016
7065 0 45 0 32846 6958
7065 0 19 9 32848 7043
7065 0 39 18 32860 7005
7065 0 25 27 32856 7033
7065 0 42 36 32859 7040
7065 0 15 54 32861 7022
7065 0 21 63 32865 7021
7066 0 11 0 32866 7026
7066 0 19 9 32848 7044
7066 0 39 18 32860 7006
7066 0 45 27 32847 6988
7066 0 18 36 32851 7020
7066 0 16 54 32867 7003
7066 1 38 58 32883 7024
7066 0 44 63 32871 7017
7067 0 45 0 32846 6959
7067 0 19 9 32848 7045
7067 0 57 18 32866 7027
7067 0 25 27 32856 7034
7067 0 42 36 32859 7041
7067 0 15 54 32861 7023
7067 0 21 63 32865 7022
7068 0 11 0 32866 7027
7068 0 19 9 32848 7046
7068 0 39 18 32860 7007
7068 0 45 27 32847 6989
7068 0 18 36 32851 7021
7068 0 16 54 32867 7004
7068 0 44 63 32871 7018
7069 0 45 0 32846 6960
7069 0 19 9 32848 7047
7069 0 57 18 32866 7028
7069 0 22 27 32862 7037
7069 0 42 36 32859 7042
7069 0 16 54 32867 7005
7069 0 21 63 32865 7023
7070 0 11 0 32866 7028
7070 0 19 9 32848 7048
7070 1 27 12 32871 7048
7070 0 39 18 32860 7008
7070 0 45 27 32847 6990
7070 0 18 36 32851 7022
7070 0 44 54 32872 7046
7070 0 44 63 32871 7019
7071 0 45 0 32846 6961
7071 0 19 9 32848 7049
7071 0 57 18 32866 7029
7071 0 22 27 32862 7038
7071 0 42 36 32859 7043
7071 0 16 54 32867 7006
7071 0 21 63 32865 7024
7072 0 11 0 32866 7029
7072 0 19 9 32848 7050
7072 1 54 16 32869 6998
7072 0 57 18 32866 7030
7072 0 45 27 32847 6991
7072 0 18 36 32851 7023
7072 0 44 54 32872 7047
7072 0 44 63 32871 7020
7073 0 45 0 32846 6962
7073 0 57 18 32866 7031
7073 0 22 27 32862 7039
7073 0 42 36 32859 7044
7073 0 44 54 32872 7048
7073 0 21 63 32865 7025
7074 0 57 18 32866 7032
7074 1 2 20 32842 7047
7074 1 46 27 32870 7042
7074 0 18 36 32851 7024
7074 0 6 45 32867 7037
7074 0 5 54 32865 7018
7074 0 44 63 32871 7021
7075 0 29 0 32847 7008
7075 0 57 18 32866 7033
7075 0 22 27 32862 7040
7075 0 42 36 32859 7045
7075 0 6 45 32867 7038
7075 0 44 54 32872 7049
7075 0 21 63 32865 7026
7076 0 46 0 32868 6979
7076 0 57 18 32866 7034
7076 0 14 27 32864 7042
7076 0 18 36 32851 7025
7076 0 6 45 32867 7039
7076 0 5 54 32865 7019
7076 0 44 63 32871 7022
7077 0 29 0 32847 7009
7077 0 57 18 32866 7035
7077 0 22 27 32862 7041
7077 0 42 36 32859 7046
7077 1 5 45 32866 7045
7077 0 44 54 32872 7050
7077 0 21 63 32865 7027
7078 0 46 0 32868 6980
7078 0 57 18 32866 7036
7078 0 14 27 32864 7043
7078 0 18 36 32851 7026
7078 0 6 45 32867 7040
7078 0 5 54 32865 7020
7078 0 21 63 32865 7028
7079 0 29 0 32847 7010
7079 0 22 27 32862 7042
7079 0 42 36 32859 7047
7079 0 6 45 32867 7041
7079 0 44 54 32872 7051
7080 0 46 0 32868 6981
7080 1 13 1 32851 7048
7080 0 38 18 32884 7043
7080 0 14 27 32864 7044
7080 0 18 36 32851 7027
7080 0 6 45 32867 7042
7080 0 5 54 32865 7021
7081 0 29 0 32847 7011
7081 0 38 18 32884 7044
7081 0 22 27 32862 7043
7081 0 42 36 32859 7048
7081 0 6 45 32867 7043
7081 0 44 54 32872 7052
7082 0 46 0 32868 6982
7082 1 53 4 32856 7040
7082 0 17 18 32855 7070
7082 0 14 27 32864 7045
7082 0 18 36 32851 7028
7082 0 6 45 32867 7044
7082 0 5 54 32865 7022
7083 0 29 0 32847 7012
7083 0 38 18 32884 7045
7083 0 22 27 32862 7044
7083 0 1 36 32850 7035
7083 0 6 45 32867 7045
7083 0 44 54 32872 7053
7084 0 46 0 32868 6983
7084 0 17 18 32855 7071
7084 0 14 27 32864 7046
7084 0 1 36 32850 7036
7084 0 6 45 32867 7046
7084 0 5 54 32865 7023
7085 0 29 0 32847 7013
7085 1 62 8 32862 6996
7085 0 38 18 32884 7046
7085 0 22 27 32862 7045
7085 0 1 36 32850 7037
7085 0 44 54 32872 7054
7086 0 46 0 32868 6985
7086 0 17 18 32855 7072
7086 0 14 27 32864 7047
7086 0 1 36 32850 7038
7086 0 5 54 32865 7024
7087 0 29 0 32847 7014
7087 0 38 18 32884 7047
7087 1 9 26 32857 7065
7087 0 22 27 32862 7046
7087 1 56 31 32876 7025
7087 0 1 36 32850 7039
7087 0 44 54 32872 7055
7088 0 46 0 32868 6986
7088 0 17 18 32855 7073
7088 0 14 27 32864 7048
7088 0 1 36 32850 7040
7088 0 5 54 32865 7025
7089 0 29 0 32847 7015
7089 0 38 18 32884 7048
7089 0 14 27 32864 7049
7089 0 1 36 32850 7041
7089 0 5 54 32865 7026
7090 0 46 0 32868 6987
7090 0 17 18 32855 7074
7090 0 14 27 32864 7050
7090 0 1 36 32850 7042
7090 0 23 54 32874 7025
7091 0 29 0 32847 7016
7091 0 38 18 32884 7049
7091 0 14 27 32864 7051
7091 0 1 36 32850 7043
7091 0 5 54 32865 7027
7091 0 15 63 32862 7054
7092 0 46 0 32868 6988
7092 0 17 18 32855 7075
7092 1 41 44 32869 7070
7092 0 23 54 32874 7026
7092 0 15 63 32862 7055
7093 0 29 0 32847 7017
7093 0 38 18 32884 7050
7093 0 38 27 32885 7066
7093 0 1 36 32850 7044
7093 1 15 37 32863 7061
7093 0 23 54 32874 7027
7093 0 59 63 32863 7066
7094 0 46 0 32868 6989
7094 0 17 18 32855 7076
7094 0 38 27 32885 7067
7094 0 23 54 32874 7028
7094 0 15 63 32862 7056
7095 0 3 0 32865 7054
7095 0 38 18 32884 7051
7095 0 38 27 32885 7068
7095 1 42 51 32860 7078
7095 0 20 54 32853 7039
7095 0 59 63 32863 7067
7096 0 47 0 32861 7008
7096 0 17 18 32855 7077
7096 0 38 27 32885 7069
7096 0 23 54 32874 7029
7096 0 15 63 32862 7057
7097 0 3 0 32865 7055
7097 0 38 18 32884 7052
7097 0 38 27 32885 7070
7097 1 46 29 32871 7075
7097 0 24 45 32865 7055
7097 0 20 54 32853 7040
7097 0 59 63 32863 7068
7098 0 47 0 32861 7009
7098 0 17 18 32855 7078
7098 0 38 27 32885 7071
7098 0 24 45 32865 7056
7098 0 23 54 32874 7030
7098 0 15 63 32862 7058
7099 0 3 0 32865 7056
7099 0 7 18 32882 7054
7099 0 38 27 32885 7072
7099 0 24 45 32865 7057
7099 0 20 54 32853 7041
7099 0 59 63 32863 7069
7100 0 47 0 32861 7010
7100 0 17 18 32855 7079
7100 0 38 27 32885 7073
7100 0 24 45 32865 7058
7100 0 23 54 32874 7031
7100 0 15 63 32862 7059
7101 0 3 0 32865 7057
7101 0 7 18 32882 7055
7101 0 29 27 32848 7084
7101 0 24 45 32865 7059
7101 0 20 54 32853 7042
7101 0 59 63 32863 7070
7102 0 47 0 32861 7011
7102 0 4 18 32870 7066
7102 0 38 27 32885 7074
7102 0 24 45 32865 7061
7102 0 23 54 32874 7032
7102 0 15 63 32862 7060
7103 0 3 0 32865 7058
7103 0 7 18 32882 7056
7103 0 29 27 32848 7085
7103 0 24 45 32865 7062
7103 0 20 54 32853 7043
7103 0 59 63 32863 7071
7104 0 47 0 32861 7012
7104 0 4 18 32870 7067
7104 0 38 27 32885 7075
7104 0 24 45 32865 7063
7104 0 23 54 32874 7033
7104 0 15 63 32862 7062
7105 0 3 0 32865 7059
7105 0 7 18 32882 7057
7105 0 29 27 32848 7086
7105 0 24 45 32865 7064
7105 0 20 54 32853 7044
7105 0 59 63 32863 7072
7106 0 47 0 32861 7013
7106 0 4 18 32870 7068
7106 0 29 27 32848 7087
7106 0 24 45 32865 7065
7106 0 23 54 32874 7034
7106 0 15 63 32862 7063
7107 0 3 0 32865 7060
7107 0 7 18 32882 7058
7107 0 29 27 32848 7088
7107 0 20 54 32853 7045
7107 1 24 60 32866 7060
7107 0 59 63 32863 7073
7108 0 47 0 32861 7014
7108 0 4 18 32870 7069
7108 0 29 27 32848 7089
7108 0 20 54 32853 7046
7108 0 15 63 32862 7064
7109 0 3 0 32865 7061
7109 0 7 18 32882 7059
7109 0 29 27 32848 7090
7109 0 8 54 32856 7031
7109 0 59 63 32863 7074
7110 0 47 0 32861 7015
7110 0 4 18 32870 7070
7110 0 29 27 32848 7091
7110 0 20 54 32853 7047
7110 0 17 63 32854 7043
7111 0 3 0 32865 7062
7111 0 35 9 32866 7079
7111 0 7 18 32882 7060
7111 0 29 27 32848 7092
7111 0 22 45 32863 7084
7111 0 8 54 32856 7032
7111 0 59 63 32863 7075
7112 0 47 0 32861 7016
7112 0 35 9 32866 7080
7112 0 4 18 32870 7071
7112 0 29 27 32848 7093
7112 1 7 39 32883 7085
7112 0 22 45 32863 7085
7112 0 20 54 32853 7048
7112 0 17 63 32854 7044
7113 0 3 0 32865 7063
7113 0 35 9 32866 7081
7113 0 7 18 32882 7061
7113 0 22 45 32863 7086
7113 0 8 54 32856 7033
7113 0 17 63 32854 7045
7114 0 47 0 32861 7017
7114 0 35 9 32866 7082
7114 0 4 18 32870 7072
7114 1 45 33 32850 7082
7114 0 22 45 32863 7087
7114 0 8 54 32856 7034
7114 0 58 63 32856 7075
7115 0 57 0 32867 7038
7115 0 35 9 32866 7083
7115 0 7 18 32882 7062
7115 0 22 45 32863 7088
7115 0 8 54 32856 7035
7115 0 17 63 32854 7046
7116 0 57 0 32867 7039
7116 0 35 9 32866 7084
7116 0 4 18 32870 7073
7116 0 22 45 32863 7089
7116 0 8 54 32856 7036
7116 0 58 63 32856 7076
7117 0 57 0 32867 7040
7117 0 35 9 32866 7085
7117 0 7 18 32882 7063
7117 0 22 45 32863 7090
7117 0 8 54 32856 7037
7117 0 17 63 32854 7047
7118 0 57 0 32867 7041
7118 0 35 9 32866 7086
7118 1 45 17 32849 7076
7118 0 4 18 32870 7074
7118 0 22 45 32863 7091
7118 0 8 54 32856 7038
7118 0 58 63 32856 7077
7119 0 57 0 32867 7042
7119 0 35 9 32866 7087
7119 0 40 18 32869 7087
7119 0 22 45 32863 7092
7119 0 8 54 32856 7039
7119 0 17 63 32854 7048
7120 0 57 0 32867 7043
7120 1 5 8 32867 7070
7120 0 35 9 32866 7088
7120 1 40 28 32868 7083
7120 0 22 45 32863 7093
7120 0 8 54 32856 7040
7120 0 58 63 32856 7078
7121 0 57 0 32867 7044
7121 0 4 18 32870 7075
7121 1 52 22 32859 7084
7121 0 17 63 32854 7049
7122 0 57 0 32867 7045
7122 0 40 18 32869 7088
7122 0 58 63 32856 7079
7123 0 57 0 32867 7046
7123 0 40 18 32869 7089
7123 0 17 63 32854 7050
7124 0 42 0 32861 7082
7124 0 40 18 32869 7090
7124 0 58 63 32856 7080
7125 0 57 0 32867 7047
7125 0 40 18 32869 7091
7125 0 17 63 32854 7051
7126 0 42 0 32861 7083
7126 0 40 18 32869 7092
7126 0 58 63 32856 7081
7127 0 42 0 32861 7084
7127 0 40 18 32869 7093
7127 0 17 63 32854 7052
7128 0 42 0 32861 7085
7128 0 40 18 32869 7094
7128 1 41 38 32870 7090
7128 0 58 63 32856 7082
7129 0 42 0 32861 7086
7129 0 40 18 32869 7095
7129 0 15 45 32864 7092
7129 0 6 63 32868 7072
7130 0 42 0 32861 7087
7130 0 40 18 32869 7096
7130 0 15 45 32864 7093
7130 0 58 63 32856 7083
7131 0 42 0 32861 7088
7131 0 15 45 32864 7094
7131 0 6 63 32868 7073
7132 0 42 0 32861 7089
7132 0 62 9 32863 7070
7132 0 15 45 32864 7095
7132 0 58 63 32856 7084
7133 0 42 0 32861 7090
7133 0 62 9 32863 7071
7133 0 15 45 32864 7096
7133 0 6 63 32868 7074
7134 0 42 0 32861 7091
7134 0 62 9 32863 7072
7134 0 15 45 32864 7097
7134 0 6 63 32868 7075
7135 0 62 9 32863 7073
7135 1 3 42 32866 7083
7135 0 15 45 32864 7098
7135 0 6 63 32868 7076
7136 0 62 9 32863 7074
7136 0 15 45 32864 7099
7136 0 6 63 32868 7077
7137 0 62 9 32863 7075
7137 0 15 45 32864 7100
7137 0 6 63 32868 7078
7138 0 62 9 32863 7076
7138 0 15 45 32864 7101
7138 0 6 63 32868 7079
7139 0 62 9 32863 7077
7139 0 6 63 32868 7080
7140 0 62 9 32863 7078
7140 0 6 63 32868 7081
7141 0 62 9 32863 7079
7144 1 24 15 32867 7092
